title,price,location,link,page_scraped,city,sector,area_marla,latitude,longitude
CORNER CUTTING AREA PLOT,2.1,"E-12/1, E-12",https://www.zameen.com/Property/e_12_e-12_1_corner_cutting_area_plot-54681278-8177-2.html,1,Islamabad,E-12/1,4.4,33.6938118,73.0651511
CDA Sector I-12 Top Location Plot Available For Sale,2.25,"I-12/1, I-12",https://www.zameen.com/Property/i_12_i-12_1_cda_sector_i-12_top_location_plot_available_for_sale-54728785-13800-2.html,1,Islamabad,I-12/1,8.0,33.6116096,72.9674477
Margalla Enclave 3rd Ballot 10 Marla Plot Available On Easy Instalments,4.9,"Margalla Enclave, Margalla Avenue",https://www.zameen.com/Property/margalla_avenue_margalla_enclave_margalla_enclave_3rd_ballot_10_marla_plot_available_on_easy_instalments-54775572-21436-2.html,1,Islamabad,Margalla Enclave,10.0,33.6999851,73.1756018
plot for sale,0.32,"PECHS - Block M, PECHS",https://www.zameen.com/Property/pechs_pechs_-_block_m_plot_for_sale-54805601-9108-2.html,1,Islamabad,PECHS - Block M,5.0,33.5786,72.8421
Stunning Residential Plot Is Available For Sale In AWT - Block G,0.32,"AWT - Block G, AWT",https://www.zameen.com/Property/awt_awt_-_block_g_stunning_residential_plot_is_available_for_sale_in_awt_-_block_g-54646284-3173-2.html,1,Islamabad,AWT - Block G,10.0,33.6289,72.8643
5 Marla C15 Plot File,0.32,"C-15, Islamabad",https://www.zameen.com/Property/islamabad_c-15_5_marla_c15_plot_file-54806292-8915-2.html,1,Islamabad,C-15,5.0,33.6938118,73.0651511
Park Enclave 1 Islamabad Prime Main Boulevard Pair of Plots Available for Sale CDA Transfer Ideal for Investment & Future Construction Excellent Location (500 Sq-Yrd - 500 Sq-Yrd) Pair,5.6,"Park Enclave 1, Park Enclave",https://www.zameen.com/Property/park_enclave_park_enclave_1_park_enclave_1_islamabad_prime_main_boulevard_pair_of_plots_available_for_sale_cda_transfer_ideal_for_investment_future_construction_excellent_location_500_sq-yrd_-_500_sq-yrd_pair-54805920-17148-2.html,1,Islamabad,Park Enclave 1,20.0,33.6724238,73.1557793
1 KANAL CORNER Plot Available For Sale In D-12/3,15.25,"D-12/3, D-12",https://www.zameen.com/Property/d_12_d-12_3_1_kanal_corner_plot_available_for_sale_in_d-12_3-54593111-3156-2.html,1,Islamabad,D-12/3,20.0,33.7055853,72.9518842
"1 Kanal Beautiful Front Garden Plot For Sale DHA Phase 2, Sector D, Street 15",4.15,"DHA Phase 2 - Sector D, DHA Defence Phase 2",https://www.zameen.com/Property/dha_defence_phase_2_dha_phase_2_-_sector_d_1_kanal_beautiful_front_garden_plot_for_sale_dha_phase_2_sector_d_street_15-54746546-3199-2.html,1,Islamabad,DHA Phase 2 - Sector D,20.0,33.5309951,73.2095943
CUTTING AREA PLOT AT INVESTOR PRICE,3.55,"C-16, Islamabad",https://www.zameen.com/Property/islamabad_c-16_cutting_area_plot_at_investor_price-54022396-8913-2.html,1,Islamabad,C-16,20.0,33.6938118,73.0651511
Gulberg Residencia Block C kanal Develope Posession plot for sale,3.4,"Gulberg Residencia - Block C, Gulberg Residencia",https://www.zameen.com/Property/gulberg_residencia_gulberg_residencia_-_block_c_gulberg_residencia_block_c_kanal_develope_posession_plot_for_sale-54806325-9114-2.html,1,Islamabad,Gulberg Residencia - Block C,20.0,33.5804,73.1764
30x70 plot for sale,7.0,"F-11, Islamabad",https://www.zameen.com/Property/islamabad_f-11_30x70_plot_for_sale-54735389-163-2.html,1,Islamabad,F-11,9.3,33.6843932,72.989544
25x50 Plot For Sale,1.5,"I-12, Islamabad",https://www.zameen.com/Property/islamabad_i-12_25x50_plot_for_sale-54733192-1418-2.html,1,Islamabad,I-12,5.0,33.6273836,73.0046825
Faisal hill's plot for sale 5 marla block-C,0.62,"Faisal Hills, Islamabad",https://www.zameen.com/Property/islamabad_faisal_hills_faisal_hill_s_plot_for_sale_5_marla_block-c-54806384-10859-2.html,1,Islamabad,Faisal Hills,5.0,33.7297,72.8222
A Palatial Residence For Sale In Engineers Co-Operative Housing Islamabad,1.7,"Engineers Co-operative Housing, D-18",https://www.zameen.com/Property/d_18_engineers_co-operative_housing_a_palatial_residence_for_sale_in_engineers_co-operative_housing_islamabad-54633274-1401-2.html,1,Islamabad,Engineers Co-operative Housing,20.0,33.6975,72.8702
Main Double Road 50x90 Faisal Hills B Block Plot For Sale,1.3,"Faisal Hills, Islamabad",https://www.zameen.com/Property/islamabad_faisal_hills_main_double_road_50x90_faisal_hills_b_block_plot_for_sale-52954236-10859-2.html,1,Islamabad,Faisal Hills,20.0,33.7297,72.8222
Main Road (100 Ft) 35x70 Plot For Sale in A Block - Gulberg Residenica,1.8,"Gulberg Residencia - Block A, Gulberg Residencia",https://www.zameen.com/Property/gulberg_residencia_gulberg_residencia_-_block_a_main_road_100_ft_35x70_plot_for_sale_in_a_block_-_gulberg_residenica-53231044-9112-2.html,1,Islamabad,Gulberg Residencia - Block A,10.9,33.5804,73.1764
Faisal Hills A Block 25x50 Close To Park,0.55,"Faisal Hills, Islamabad",https://www.zameen.com/Property/islamabad_faisal_hills_faisal_hills_a_block_25x50_close_to_park-54108351-10859-2.html,1,Islamabad,Faisal Hills,5.6,33.7297,72.8222
"Excellent Investment Opportunity - Ideal Location Plot in CDA Sector C-16, Islamabad",2.15,"C-16, Islamabad",https://www.zameen.com/Property/islamabad_c-16_excellent_investment_opportunity_-_ideal_location_plot_in_cda_sector_c-16_islamabad-54806375-8913-2.html,1,Islamabad,C-16,20.0,33.6938118,73.0651511
10 Marla Plot For Sale in Block E,0.98,"Top City 1, Islamabad",https://www.zameen.com/Property/islamabad_top_city_1_10_marla_plot_for_sale_in_block_e-54806373-1383-2.html,1,Islamabad,Top City 1,10.0,33.5601,72.8687
Most Exclusive BACK OPEN Plot For Sale With Green Belt On Its Back,1.05,"Bahria Town Phase 8 - Block L, Bahria Town Phase 8",https://www.zameen.com/Property/bahria_town_phase_8_bahria_town_phase_8_-_block_l_most_exclusive_back_open_plot_for_sale_with_green_belt_on_its_back-54534375-3061-2.html,1,Rawalpindi,Bahria Town Phase 8 - Block L,10.0,33.4862,73.0874
5 Marla Plots Availablr om imstallmeny,0.3,"Saffron City, GT Road",https://www.zameen.com/Property/gt_road_saffron_city_5_marla_plots_availablr_om_imstallmeny-54717593-21050-2.html,1,Rawalpindi,Saffron City,5.0,33.6520202,73.076983
5 Marla Plot For Sale In Sector A | Limited Plots First Come First Serve,0.22,"Saffron City, GT Road",https://www.zameen.com/Property/gt_road_saffron_city_5_marla_plot_for_sale_in_sector_a_limited_plots_first_come_first_serve-54783202-21050-2.html,1,Rawalpindi,Saffron City,5.0,33.6520202,73.076983
10 Marla Residential Plot For Sale In Bahria Town Phase 7 Rawalpindi/Islamabad,1.35,"Bahria Town Phase 7, Bahria Town Rawalpindi",https://www.zameen.com/Property/bahria_town_rawalpindi_bahria_town_phase_7_10_marla_residential_plot_for_sale_in_bahria_town_phase_7_rawalpindi_islamabad-54494173-3047-2.html,1,Rawalpindi,Bahria Town Phase 7,10.0,33.5701202,73.1163357
Saffron City Block-A Plot File,0.36,"Saffron City, GT Road",https://www.zameen.com/Property/gt_road_saffron_city_saffron_city_block-a_plot_file-54645008-21050-2.html,1,Rawalpindi,Saffron City,5.0,33.6520202,73.076983
1 Kanal Residential Plot In Bahria Town Rawalpindi For Sale At Good Location,3.25,"Bahria Greens - Overseas Enclave - Sector 5, Bahria Greens - Overseas Enclave",https://www.zameen.com/Property/bahria_greens_overseas_enclave_bahria_greens_-_overseas_enclave_-_sector_5_1_kanal_residential_plot_in_bahria_town_rawalpindi_for_sale_at_good_location-54796067-8304-2.html,1,Rawalpindi,Bahria Greens - Overseas Enclave - Sector 5,20.0,33.4735,73.091
PLOT FOR SALE,0.85,"Bahria Town Phase 8 - Usman Block, Bahria Town Phase 8 - Safari Valley",https://www.zameen.com/Property/bahria_town_phase_8_safari_valley_bahria_town_phase_8_-_usman_block_plot_for_sale-54768200-3068-2.html,1,Rawalpindi,Bahria Town Phase 8 - Usman Block,7.0,33.4848621,73.096708
A Residential Plot At Affordable Price Awaits You,0.9,"Bahria Town Phase 8 - Usman Block, Bahria Town Phase 8 - Safari Valley",https://www.zameen.com/Property/bahria_town_phase_8_safari_valley_bahria_town_phase_8_-_usman_block_a_residential_plot_at_affordable_price_awaits_you-54500407-3068-2.html,1,Rawalpindi,Bahria Town Phase 8 - Usman Block,7.0,33.4848621,73.096708
Reserve A Centrally Located Residential Plot In Bahria Town Phase 8 - Block I,1.1,"Bahria Town Phase 8 - Block I, Bahria Town Phase 8",https://www.zameen.com/Property/bahria_town_phase_8_bahria_town_phase_8_-_block_i_reserve_a_centrally_located_residential_plot_in_bahria_town_phase_8_-_block_i-54500411-3057-2.html,1,Rawalpindi,Bahria Town Phase 8 - Block I,10.0,33.4862,73.0874
Ready To sale A Residential Plot 10 Marla In Bahria Town Phase 8 - Block I Rawalpindi,1.1,"Bahria Town Phase 8 - Block I, Bahria Town Phase 8",https://www.zameen.com/Property/bahria_town_phase_8_bahria_town_phase_8_-_block_i_ready_to_sale_a_residential_plot_10_marla_in_bahria_town_phase_8_-_block_i_rawalpindi-54500409-3057-2.html,1,Rawalpindi,Bahria Town Phase 8 - Block I,10.0,33.4862,73.0874
A Residential Plot At Affordable Price Awaits You,1.35,"Bahria Town Phase 8 - Sector F-2, Bahria Town Phase 8",https://www.zameen.com/Property/bahria_town_phase_8_bahria_town_phase_8_-_sector_f-2_a_residential_plot_at_affordable_price_awaits_you-54745281-8250-2.html,1,Rawalpindi,Bahria Town Phase 8 - Sector F-2,10.0,33.4855018,73.0971219
"24.5 Marla Plot For Sale In Overseas 2 Bahria Greens, Phase 8, Bahria Town, Rawalpindi",1.8,"Bahria Greens - Overseas Enclave - Sector 2, Bahria Greens - Overseas Enclave",https://www.zameen.com/Property/bahria_greens_overseas_enclave_bahria_greens_-_overseas_enclave_-_sector_2_24_5_marla_plot_for_sale_in_overseas_2_bahria_greens_phase_8_bahria_town_rawalpindi-54626130-8301-2.html,1,Rawalpindi,Bahria Greens - Overseas Enclave - Sector 2,24.0,33.4735,73.091
"Triple Pair Plots (3 Plots in line) of 5 Marla Ready For Construction For Sale in E Block, Phase 8, Bahria Town, Rawalpindi",0.67,"Bahria Town Phase 8, Bahria Town Rawalpindi",https://www.zameen.com/Property/bahria_town_rawalpindi_bahria_town_phase_8_triple_pair_plots_3_plots_in_line_of_5_marla_ready_for_construction_for_sale_in_e_block_phase_8_bahria_town_rawalpindi-54473071-3048-2.html,1,Rawalpindi,Bahria Town Phase 8,5.0,33.5012685,73.0872635
"24.5 Marla Plot For Sale in Overseas 2 Bahria Greens, Phase 8, Bahria Town, Rawalpindi",1.8,"Bahria Greens - Overseas Enclave - Sector 2, Bahria Greens - Overseas Enclave",https://www.zameen.com/Property/bahria_greens_overseas_enclave_bahria_greens_-_overseas_enclave_-_sector_2_24_5_marla_plot_for_sale_in_overseas_2_bahria_greens_phase_8_bahria_town_rawalpindi-54467753-8301-2.html,1,Rawalpindi,Bahria Greens - Overseas Enclave - Sector 2,24.0,33.4735,73.091
"A Very Good Location Plot For Sale In Bahria Hamlet, No Filling, Rawalpindi",1.7,"Bahria Hamlet, Bahria Town Phase 8",https://www.zameen.com/Property/bahria_town_phase_8_bahria_hamlet_a_very_good_location_plot_for_sale_in_bahria_hamlet_no_filling_rawalpindi-54345369-10354-2.html,1,Rawalpindi,Bahria Hamlet,20.0,33.4891,73.1232
10 Marla Brand New House For Sale In Phase 5 Bahria Town Rawalpindi,6.3,"Bahria Town Phase 5, Bahria Town Rawalpindi",https://www.zameen.com/Property/bahria_town_rawalpindi_bahria_town_phase_5_10_marla_brand_new_house_for_sale_in_phase_5_bahria_town_rawalpindi-54762619-3045-2.html,2,Rawalpindi,Bahria Town Phase 5,10.0,33.5701202,73.1163357
Gulshanabad Sector 4 ( 1 Kanal Plot ) Good Location Boulevard Category Plot,0.8,"Gulshan Abad, Rawalpindi",https://www.zameen.com/Property/rawalpindi_gulshan_abad_gulshanabad_sector_4_1_kanal_plot_good_location_boulevard_category_plot-54273470-1058-2.html,2,Rawalpindi,Gulshan Abad,20.0,33.6603777,73.0830223
Centrally Located Corner Residential Plot For Sale In Bahria Town Phase 8 - Block C Available,1.5,"Bahria Town Phase 8 - Block C, Bahria Town Phase 8",https://www.zameen.com/Property/bahria_town_phase_8_bahria_town_phase_8_-_block_c_centrally_located_corner_residential_plot_for_sale_in_bahria_town_phase_8_-_block_c_available-54780394-3051-2.html,2,Rawalpindi,Bahria Town Phase 8 - Block C,10.0,33.4862,73.0874
5 Marla Residential Plot In Rose Garden Zone 1 Bahria Town Rawalpindi Phase 8,0.49,"Rose Garden, Bahria Town Phase 8",https://www.zameen.com/Property/bahria_town_phase_8_rose_garden_5_marla_residential_plot_in_rose_garden_zone_1_bahria_town_rawalpindi_phase_8-52166062-12363-2.html,2,Rawalpindi,Rose Garden,5.0,33.5874801,73.0857514
Possession & Semi Developed Plots Available on Cash & Installment in Blue World City,0.28,"Blue World City, Chakri Road",https://www.zameen.com/Property/chakri_road_blue_world_city_possession_semi_developed_plots_available_on_cash_installment_in_blue_world_city-54796925-11768-2.html,2,Rawalpindi,Blue World City,5.0,33.3674961,72.8668694
Capital Smart City 10 Marla Possession Plot,0.72,"Capital Smart City, Rawalpindi",https://www.zameen.com/Property/rawalpindi_capital_smart_city_capital_smart_city_10_marla_possession_plot-54558275-11891-2.html,2,Rawalpindi,Capital Smart City,10.0,33.4407844,72.8587589
Capital Smart City 5 Marla,0.36,"Capital Smart City, Rawalpindi",https://www.zameen.com/Property/rawalpindi_capital_smart_city_capital_smart_city_5_marla-54537871-11891-2.html,2,Rawalpindi,Capital Smart City,5.0,33.4407844,72.8587589
"Hot Investment Opportunity 10 Marla Plot Available In Block L, Bahria Town Phase 8",0.85,"Bahria Town Phase 8 - Block L, Bahria Town Phase 8",https://www.zameen.com/Property/bahria_town_phase_8_bahria_town_phase_8_-_block_l_hot_investment_opportunity_10_marla_plot_available_in_block_l_bahria_town_phase_8-53552211-3061-2.html,2,Rawalpindi,Bahria Town Phase 8 - Block L,10.0,33.4862,73.0874
"Sale - 10 Marla Plot In Bahria Town Phase 2 , Original Pictures Attached",1.8,"Bahria Town Phase 2, Bahria Town Rawalpindi",https://www.zameen.com/Property/bahria_town_rawalpindi_bahria_town_phase_2_sale_-_10_marla_plot_in_bahria_town_phase_2_original_pictures_attached-54181824-3035-2.html,2,Rawalpindi,Bahria Town Phase 2,10.0,33.5701202,73.1163357
Sale - 10 Marla Plot In Bahria Town Phase 5,2.1,"Bahria Town Phase 5, Bahria Town Rawalpindi",https://www.zameen.com/Property/bahria_town_rawalpindi_bahria_town_phase_5_sale_-_10_marla_plot_in_bahria_town_phase_5-54556263-3045-2.html,2,Rawalpindi,Bahria Town Phase 5,10.0,33.5701202,73.1163357
BUILDER LOCATION PLOT FOR SALE,0.9,"Bahria Town Phase 8 - Umer Block, Bahria Town Phase 8 - Safari Valley",https://www.zameen.com/Property/bahria_town_phase_8_safari_valley_bahria_town_phase_8_-_umer_block_builder_location_plot_for_sale-54768229-3067-2.html,2,Rawalpindi,Bahria Town Phase 8 - Umer Block,7.0,33.4862,73.0874
CORNER PLOT FOR SALE,1.0,"Bahria Town Phase 8 - Abu Bakar Block, Bahria Town Phase 8 - Safari Valley",https://www.zameen.com/Property/bahria_town_phase_8_safari_valley_bahria_town_phase_8_-_abu_bakar_block_corner_plot_for_sale-54691900-3069-2.html,2,Rawalpindi,Bahria Town Phase 8 - Abu Bakar Block,8.0,33.4862,73.0874
9 Marla Residential Corner Plot,0.38,"Chakri Road, Rawalpindi",https://www.zameen.com/Property/rawalpindi_chakri_road_9_marla_residential_corner_plot-54804600-467-2.html,2,Rawalpindi,Chakri Road,9.0,33.5591325,73.0149542
Beautifully Constructed Residential Plot Is Available For Sale In Saffron City,1.55,"Saffron City, GT Road",https://www.zameen.com/Property/gt_road_saffron_city_beautifully_constructed_residential_plot_is_available_for_sale_in_saffron_city-54761297-21050-2.html,2,Rawalpindi,Saffron City,20.0,33.6520202,73.076983
"27.5 Marla Corner Plot & Three More General Plots For Sale in Bahria Hamlet, Rawalpindi",2.25,"Bahria Hamlet, Bahria Town Phase 8",https://www.zameen.com/Property/bahria_town_phase_8_bahria_hamlet_27_5_marla_corner_plot_three_more_general_plots_for_sale_in_bahria_hamlet_rawalpindi-54218918-10354-2.html,2,Rawalpindi,Bahria Hamlet,26.0,33.4891,73.1232
"Residential Solid Plot For Sale Bahria Town Rawalpindi Phase 8, C Block",1.55,"Bahria Town Phase 8 - Block C, Bahria Town Phase 8",https://www.zameen.com/Property/bahria_town_phase_8_bahria_town_phase_8_-_block_c_residential_solid_plot_for_sale_bahria_town_rawalpindi_phase_8_c_block-54451843-3051-2.html,2,Rawalpindi,Bahria Town Phase 8 - Block C,11.5,33.4862,73.0874
Good Location Boulevard Category Overseas Sector A Bahria Town Phase 8,3.8,"Bahria Greens - Overseas Enclave - Sector 1, Bahria Greens - Overseas Enclave",https://www.zameen.com/Property/bahria_greens_overseas_enclave_bahria_greens_-_overseas_enclave_-_sector_1_good_location_boulevard_category_overseas_sector_a_bahria_town_phase_8-54013848-8300-2.html,2,Rawalpindi,Bahria Greens - Overseas Enclave - Sector 1,20.0,33.4735,73.091
"Reasonably-Priced 1 Kanal Residential Plot In Saffron City, Rawalpindi Is Available As Of Now",1.55,"Saffron City, GT Road",https://www.zameen.com/Property/gt_road_saffron_city_reasonably-priced_1_kanal_residential_plot_in_saffron_city_rawalpindi_is_available_as_of_now-54417325-21050-2.html,2,Rawalpindi,Saffron City,20.0,33.6520202,73.076983
End Your Search For Residential Plot Here And sale Now,0.82,"Saffron City, GT Road",https://www.zameen.com/Property/gt_road_saffron_city_end_your_search_for_residential_plot_here_and_sale_now-54417326-21050-2.html,2,Rawalpindi,Saffron City,10.0,33.6520202,73.076983
Get Your Dream Residential Plot In Saffron City Rawalpindi,0.45,"Saffron City, GT Road",https://www.zameen.com/Property/gt_road_saffron_city_get_your_dream_residential_plot_in_saffron_city_rawalpindi-54417331-21050-2.html,2,Rawalpindi,Saffron City,5.0,33.6520202,73.076983
Main GT ROAD Residential Plot In Saffron City Rawalpindi,0.28,"Saffron City, GT Road",https://www.zameen.com/Property/gt_road_saffron_city_main_gt_road_residential_plot_in_saffron_city_rawalpindi-54419059-21050-2.html,2,Rawalpindi,Saffron City,5.0,33.6520202,73.076983
8 Marla Plus 2 Marla Xtra Land Plot For Sale In L Block,0.72,"Bahria Town Phase 8 - Block L, Bahria Town Phase 8",https://www.zameen.com/Property/bahria_town_phase_8_bahria_town_phase_8_-_block_l_8_marla_plus_2_marla_xtra_land_plot_for_sale_in_l_block-54794507-3061-2.html,3,Rawalpindi,Bahria Town Phase 8 - Block L,8.0,33.4862,73.0874
Bahria Town Rwp/Isb Phase7 10 Marla Front Open Forever Plot Available For Sale,1.85,"Bahria Town Phase 7, Bahria Town Rawalpindi",https://www.zameen.com/Property/bahria_town_rawalpindi_bahria_town_phase_7_bahria_town_rwp_isb_phase7_10_marla_front_open_forever_plot_available_for_sale-54650066-3047-2.html,3,Rawalpindi,Bahria Town Phase 7,10.0,33.5701202,73.1163357
"1 Kanal Plot For Sale In Block P, Bahria Town",1.45,"Bahria Town Phase 8 - Block P, Bahria Town Phase 8",https://www.zameen.com/Property/bahria_town_phase_8_bahria_town_phase_8_-_block_p_1_kanal_plot_for_sale_in_block_p_bahria_town-53689469-3065-2.html,3,Rawalpindi,Bahria Town Phase 8 - Block P,20.0,33.4862,73.0874
10 Marla Low Budget Plot Available For Sale,0.85,"Bahria Town Phase 8 - Block A, Bahria Town Phase 8",https://www.zameen.com/Property/bahria_town_phase_8_bahria_town_phase_8_-_block_a_10_marla_low_budget_plot_available_for_sale-53681140-3049-2.html,3,Rawalpindi,Bahria Town Phase 8 - Block A,10.0,33.4862,73.0874
Kanal Plot For Sale 2nd To Corner Park Facing,3.0,"Bahria Town Phase 8 - Block C, Bahria Town Phase 8",https://www.zameen.com/Property/bahria_town_phase_8_bahria_town_phase_8_-_block_c_kanal_plot_for_sale_2nd_to_corner_park_facing-54689812-3051-2.html,3,Rawalpindi,Bahria Town Phase 8 - Block C,20.0,33.4862,73.0874
Plot 711F Sector G Size 11 Marla Forever Back Open ONLY At 74 Lac,0.74,"Bahria Town Phase 8 - Block G, Bahria Town Phase 8",https://www.zameen.com/Property/bahria_town_phase_8_bahria_town_phase_8_-_block_g_plot_711f_sector_g_size_11_marla_forever_back_open_only_at_74_lac-54221186-3055-2.html,3,Rawalpindi,Bahria Town Phase 8 - Block G,11.0,33.4862,73.0874
10 Marla Plot With 5 Marla Extra Land For Sale In Bahria Town Phase 8 Sector F-1,0.8,"Bahria Town Phase 8 - Sector F-1, Bahria Town Phase 8",https://www.zameen.com/Property/bahria_town_phase_8_bahria_town_phase_8_-_sector_f-1_10_marla_plot_with_5_marla_extra_land_for_sale_in_bahria_town_phase_8_sector_f-1-54713123-3095-2.html,3,Rawalpindi,Bahria Town Phase 8 - Sector F-1,10.0,33.4855018,73.0971219
Centrally Located Corner Residential Plot In Bahria Town Phase 8 - Block E Is Available For sale,1.5,"Bahria Town Phase 8 - Block E, Bahria Town Phase 8",https://www.zameen.com/Property/bahria_town_phase_8_bahria_town_phase_8_-_block_e_centrally_located_corner_residential_plot_in_bahria_town_phase_8_-_block_e_is_available_for_sale-54728961-3053-2.html,3,Rawalpindi,Bahria Town Phase 8 - Block E,10.0,33.4862,73.0874
1 Kanal Plot Available For Sale Bahria Town Phase 4,4.4,"Bahria Town Phase 4, Bahria Town Rawalpindi",https://www.zameen.com/Property/bahria_town_rawalpindi_bahria_town_phase_4_1_kanal_plot_available_for_sale_bahria_town_phase_4-54515047-3041-2.html,3,Rawalpindi,Bahria Town Phase 4,20.0,33.5701202,73.1163357
10 Marla Residential Plot For Grabs In GT Road,0.65,"Saffron City, GT Road",https://www.zameen.com/Property/gt_road_saffron_city_10_marla_residential_plot_for_grabs_in_gt_road-54761298-21050-2.html,3,Rawalpindi,Saffron City,10.0,33.6520202,73.076983
Pgshf 5 Marla Lavl Plot,0.77,"Punjab Government Servant Housing Foundation (PGSHF), Rawalpindi",https://www.zameen.com/Property/rawalpindi_punjab_government_servant_housing_foundation_pgshf_pgshf_5_marla_lavl_plot-54797745-10424-2.html,3,Rawalpindi,Punjab Government Servant Housing Foundation (PGSHF),5.0,33.4542,72.9515
10 MARLA IDEAL LOCATION PLOT FOR SALE,1.48,"Bahria Town Phase 8 - Block C, Bahria Town Phase 8",https://www.zameen.com/Property/bahria_town_phase_8_bahria_town_phase_8_-_block_c_10_marla_ideal_location_plot_for_sale-54789559-3051-2.html,3,Rawalpindi,Bahria Town Phase 8 - Block C,10.0,33.4862,73.0874
Prime Location | Ready for Construction | Ideal for Living & Investment,0.78,"Bahria Town Phase 8 - Block M, Bahria Town Phase 8",https://www.zameen.com/Property/bahria_town_phase_8_bahria_town_phase_8_-_block_m_prime_location_ready_for_construction_ideal_for_living_investment-54528143-3062-2.html,3,Rawalpindi,Bahria Town Phase 8 - Block M,5.0,33.4862,73.0874
Plot For Sale With A Beautiful Location,1.27,"Punjab Government Servant Housing Foundation (PGSHF), Rawalpindi",https://www.zameen.com/Property/rawalpindi_punjab_government_servant_housing_foundation_pgshf_plot_for_sale_with_a_beautiful_location-54701292-10424-2.html,3,Rawalpindi,Punjab Government Servant Housing Foundation (PGSHF),20.0,33.4542,72.9515
Sale The Ideally Located Residential Plot For An Incredible Price Of Pkr Rs. 11000000,1.1,"Bahria Town Phase 8 - Block I, Bahria Town Phase 8",https://www.zameen.com/Property/bahria_town_phase_8_bahria_town_phase_8_-_block_i_sale_the_ideally_located_residential_plot_for_an_incredible_price_of_pkr_rs_11000000-54500400-3057-2.html,3,Rawalpindi,Bahria Town Phase 8 - Block I,10.0,33.4862,73.0874
Buy A 10 Marla Residential Plot For sale In Bahria Town Phase 8 - Block I,1.1,"Bahria Town Phase 8 - Block I, Bahria Town Phase 8",https://www.zameen.com/Property/bahria_town_phase_8_bahria_town_phase_8_-_block_i_buy_a_10_marla_residential_plot_for_sale_in_bahria_town_phase_8_-_block_i-54500401-3057-2.html,3,Rawalpindi,Bahria Town Phase 8 - Block I,10.0,33.4862,73.0874
5 Marla Residential Plot For sale In Bahria Town Rawalpindi,0.6,"Bahria Town Phase 8 - Ali Block, Bahria Town Phase 8 - Safari Valley",https://www.zameen.com/Property/bahria_town_phase_8_safari_valley_bahria_town_phase_8_-_ali_block_5_marla_residential_plot_for_sale_in_bahria_town_rawalpindi-54500402-3070-2.html,3,Rawalpindi,Bahria Town Phase 8 - Ali Block,5.0,33.4862,73.0874
7 Marla Residential Plot For sale Is Available In Bahria Town Phase 8 - Usman Block,0.9,"Bahria Town Phase 8 - Usman Block, Bahria Town Phase 8 - Safari Valley",https://www.zameen.com/Property/bahria_town_phase_8_safari_valley_bahria_town_phase_8_-_usman_block_7_marla_residential_plot_for_sale_is_available_in_bahria_town_phase_8_-_usman_block-54500397-3068-2.html,3,Rawalpindi,Bahria Town Phase 8 - Usman Block,7.0,33.4848621,73.096708
Sale A Residential Plot In Rawalpindi Prime Location,3.5,"Bahria Town Phase 1, Bahria Town Rawalpindi",https://www.zameen.com/Property/bahria_town_rawalpindi_bahria_town_phase_1_sale_a_residential_plot_in_rawalpindi_prime_location-54585657-3033-2.html,3,Rawalpindi,Bahria Town Phase 1,20.0,33.5701202,73.1163357
PRIME LOCATION SOLID LAND PLOT FOR SALE,1.25,"Bahria Town Phase 8 - Block H, Bahria Town Phase 8",https://www.zameen.com/Property/bahria_town_phase_8_bahria_town_phase_8_-_block_h_prime_location_solid_land_plot_for_sale-53648901-3056-2.html,3,Rawalpindi,Bahria Town Phase 8 - Block H,10.0,33.4862,73.0874
10 Marla Prime Location Plot For Sale,1.35,"Taj Residencia - Orchard Block, Taj Residencia",https://www.zameen.com/Property/taj_residencia_taj_residencia_-_orchard_block_10_marla_prime_location_plot_for_sale-52174823-18998-2.html,4,Rawalpindi,Taj Residencia - Orchard Block,10.0,33.5855,72.9348
BTR PH 8 Sector P Investor Rate 20 Marla Price Men Kanal Sold Higheted Plot For Sell It Possession Able R Easy Iterance Pu Paid Rady Constr 7km From Gt Road Plot Meeting And Agreement With Owner Possible Ideal For Home And Investment Purpose,1.2,"Bahria Town Phase 8 - Block P, Bahria Town Phase 8",https://www.zameen.com/Property/bahria_town_phase_8_bahria_town_phase_8_-_block_p_btr_ph_8_sector_p_investor_rate_20_marla_price_men_kanal_sold_higheted_plot_for_sell_it_possession_able_r_easy_iterance_pu_paid_rady_constr_7km_from_gt_road_plot_meeting_and_agreement_with_owner_possible_ideal_for_home_and_investment_purpose-53423314-3065-2.html,4,Rawalpindi,Bahria Town Phase 8 - Block P,20.0,33.4862,73.0874
Bahria Town Phase 8 Block M Corner 6 Marla Plots For Sale,0.7,"Bahria Town Phase 8 - Block M, Bahria Town Phase 8",https://www.zameen.com/Property/bahria_town_phase_8_bahria_town_phase_8_-_block_m_bahria_town_phase_8_block_m_corner_6_marla_plots_for_sale-54763977-3062-2.html,4,Rawalpindi,Bahria Town Phase 8 - Block M,6.0,33.4862,73.0874
Good Location 1200 Square Feet Residential Plot Is Available For Sale,0.65,"Bahria Town Phase 8 - Sector E-3, Bahria Town Phase 8",https://www.zameen.com/Property/bahria_town_phase_8_bahria_town_phase_8_-_sector_e-3_good_location_1200_square_feet_residential_plot_is_available_for_sale-54756184-15902-2.html,4,Rawalpindi,Bahria Town Phase 8 - Sector E-3,5.3,33.4855018,73.0971219
Buying A Residential Plot In Rawalpindi?,1.6,"Bahria Town Phase 7, Bahria Town Rawalpindi",https://www.zameen.com/Property/bahria_town_rawalpindi_bahria_town_phase_7_buying_a_residential_plot_in_rawalpindi-54501644-3047-2.html,4,Rawalpindi,Bahria Town Phase 7,10.0,33.5701202,73.1163357
10 Marla Corner. Plot For Sale (Hostel & Comerica Area),10.0,"7th Road, Rawalpindi",https://www.zameen.com/Property/rawalpindi_7th_road_10_marla_corner_plot_for_sale_hostel_comerica_area-54727498-8410-2.html,4,Rawalpindi,7th Road,10.0,33.5457403,73.0537983
Plot For Sale,2.9,"Bahria Town Phase 5, Bahria Town Rawalpindi",https://www.zameen.com/Property/bahria_town_rawalpindi_bahria_town_phase_5_plot_for_sale-54740581-3045-2.html,4,Rawalpindi,Bahria Town Phase 5,10.0,33.5701202,73.1163357
Very Beautiful Residential Plot For Sale,0.87,"Punjab Government Servant Housing Foundation (PGSHF), Rawalpindi",https://www.zameen.com/Property/rawalpindi_punjab_government_servant_housing_foundation_pgshf_very_beautiful_residential_plot_for_sale-54688432-10424-2.html,4,Rawalpindi,Punjab Government Servant Housing Foundation (PGSHF),7.0,33.4542,72.9515
60 Feet Road Most Prime Location Front Open Plot,0.9,"Bahria Greens - Overseas Enclave - Sector 5, Bahria Greens - Overseas Enclave",https://www.zameen.com/Property/bahria_greens_overseas_enclave_bahria_greens_-_overseas_enclave_-_sector_5_60_feet_road_most_prime_location_front_open_plot-54739465-8304-2.html,4,Rawalpindi,Bahria Greens - Overseas Enclave - Sector 5,5.0,33.4735,73.091
URGENT SALE 5 MARLA CORNER PLOT | SCHOOL & PARK KE SATH!,0.38,"UpCountry Enclosures Society - Block H, UpCountry Enclosures Housing Society",https://www.zameen.com/Property/upcountry_enclosures_housing_society_upcountry_enclosures_society_-_block_h_urgent_sale_5_marla_corner_plot_school_park_ke_sath-54595134-16297-2.html,4,Rawalpindi,UpCountry Enclosures Society - Block H,5.0,33.5412,72.8845
"Prime Location 5 Marla Solid Land Plot For Sale | Block f | UCE | Gas, Bijli, Pani Available",0.31,"UpCountry Enclosures Housing Society, Rawalpindi",https://www.zameen.com/Property/rawalpindi_upcountry_enclosures_housing_society_prime_location_5_marla_solid_land_plot_for_sale_block_f_uce_gas_bijli_pani_available-54574927-11752-2.html,4,Rawalpindi,UpCountry Enclosures Housing Society,5.0,33.5412,72.8845
10Marla level plot solid land,1.3,"Bahria Town Phase 8 - Block C, Bahria Town Phase 8",https://www.zameen.com/Property/bahria_town_phase_8_bahria_town_phase_8_-_block_c_10marla_level_plot_solid_land-54807037-3051-2.html,4,Rawalpindi,Bahria Town Phase 8 - Block C,10.0,33.4862,73.0874
10 Marla Builders Location Plot H Block,1.3,"Bahria Town Phase 8 - Block H, Bahria Town Phase 8",https://www.zameen.com/Property/bahria_town_phase_8_bahria_town_phase_8_-_block_h_10_marla_builders_location_plot_h_block-54633643-3056-2.html,4,Rawalpindi,Bahria Town Phase 8 - Block H,10.0,33.4862,73.0874
Solid Land 10 Marla Plot Sector A-1 Phase 8,0.95,"Bahria Town Phase 8 - Block A1, Bahria Town Phase 8",https://www.zameen.com/Property/bahria_town_phase_8_bahria_town_phase_8_-_block_a1_solid_land_10_marla_plot_sector_a-1_phase_8-54408316-12180-2.html,4,Rawalpindi,Bahria Town Phase 8 - Block A1,10.0,33.5012685,73.0872635
SOLID LAND LEVEL PLOT FOR SALE,1.48,"Bahria Town Phase 8 - Block C, Bahria Town Phase 8",https://www.zameen.com/Property/bahria_town_phase_8_bahria_town_phase_8_-_block_c_solid_land_level_plot_for_sale-54481702-3051-2.html,4,Rawalpindi,Bahria Town Phase 8 - Block C,10.0,33.4862,73.0874
pgshf 7 Marla lavl plot,0.95,"Punjab Government Servant Housing Foundation (PGSHF), Rawalpindi",https://www.zameen.com/Property/rawalpindi_punjab_government_servant_housing_foundation_pgshf_pgshf_7_marla_lavl_plot-54798140-10424-2.html,4,Rawalpindi,Punjab Government Servant Housing Foundation (PGSHF),7.0,33.4542,72.9515
Very Beautiful Plot For Sale,1.58,"Punjab Government Servant Housing Foundation (PGSHF), Rawalpindi",https://www.zameen.com/Property/rawalpindi_punjab_government_servant_housing_foundation_pgshf_very_beautiful_plot_for_sale-54783219-10424-2.html,5,Rawalpindi,Punjab Government Servant Housing Foundation (PGSHF),20.0,33.4542,72.9515
Taj Residencia - Rose Block Residential Plot For Sale Sized 10 Marla,1.05,"Taj Residencia - Rose Block, Taj Residencia",https://www.zameen.com/Property/taj_residencia_taj_residencia_-_rose_block_taj_residencia_-_rose_block_residential_plot_for_sale_sized_10_marla-54620394-18999-2.html,5,Rawalpindi,Taj Residencia - Rose Block,10.0,33.5855,72.9348
Investor Rate Plot,0.84,"Taj Residencia - Lily Block, Taj Residencia",https://www.zameen.com/Property/taj_residencia_taj_residencia_-_lily_block_investor_rate_plot-54659667-18996-2.html,5,Rawalpindi,Taj Residencia - Lily Block,5.0,33.5855,72.9348
2 Kanal Plot Available For Sale In Bahria Hamlet,4.5,"Bahria Hamlet, Bahria Town Phase 8",https://www.zameen.com/Property/bahria_town_phase_8_bahria_hamlet_2_kanal_plot_available_for_sale_in_bahria_hamlet-54514714-10354-2.html,5,Rawalpindi,Bahria Hamlet,40.0,33.4891,73.1232
One Kanal Plot For Sale In Dha 6 Rawalpindi,1.85,"Defence Colony, Rawalpindi",https://www.zameen.com/Property/rawalpindi_defence_colony_one_kanal_plot_for_sale_in_dha_6_rawalpindi-54780284-1300-2.html,5,Rawalpindi,Defence Colony,18.0,33.5538041,73.093688
Ideally Located Main Double Road Residential Plot Of 2 Kanal Is Available For Sale In Rawalpindi,6.4,"Bahria Greens - Overseas Enclave - Sector 3, Bahria Greens - Overseas Enclave",https://www.zameen.com/Property/bahria_greens_overseas_enclave_bahria_greens_-_overseas_enclave_-_sector_3_ideally_located_main_double_road_residential_plot_of_2_kanal_is_available_for_sale_in_rawalpindi-54751361-8302-2.html,5,Rawalpindi,Bahria Greens - Overseas Enclave - Sector 3,40.0,33.4735,73.091
1 Kanal Solid Land Plot Near Cuty School,3.35,"Bahria Town Phase 7, Bahria Town Rawalpindi",https://www.zameen.com/Property/bahria_town_rawalpindi_bahria_town_phase_7_1_kanal_solid_land_plot_near_cuty_school-54705798-3047-2.html,5,Rawalpindi,Bahria Town Phase 7,20.0,33.5701202,73.1163357
"1 Kanal Boulavard Plot For Sale In Sector A1 Phase 8 Bahria Town, Rawalpindi",2.2,"Bahria Town Phase 8 - Block A1, Bahria Town Phase 8",https://www.zameen.com/Property/bahria_town_phase_8_bahria_town_phase_8_-_block_a1_1_kanal_boulavard_plot_for_sale_in_sector_a1_phase_8_bahria_town_rawalpindi-54736655-12180-2.html,5,Rawalpindi,Bahria Town Phase 8 - Block A1,20.0,33.5012685,73.0872635
Beautifully Constructed Residential Plot Is Available For sale In Bahria Town Phase 8 - Block M,0.9,"Bahria Town Phase 8 - Block M, Bahria Town Phase 8",https://www.zameen.com/Property/bahria_town_phase_8_bahria_town_phase_8_-_block_m_beautifully_constructed_residential_plot_is_available_for_sale_in_bahria_town_phase_8_-_block_m-54595119-3062-2.html,5,Rawalpindi,Bahria Town Phase 8 - Block M,5.0,33.4862,73.0874
2 Marla Plot 272 Ft For Sale 10luc Per Marla,0.1,"Adiala Road, Rawalpindi",https://www.zameen.com/Property/rawalpindi_adiala_road_2_marla_plot_272_ft_for_sale_10luc_per_marla-54722577-478-2.html,5,Rawalpindi,Adiala Road,2.0,33.5778124,73.0650131
Pgshf 10 Marla Lavl Plot,1.1,"Punjab Government Servant Housing Foundation (PGSHF), Rawalpindi",https://www.zameen.com/Property/rawalpindi_punjab_government_servant_housing_foundation_pgshf_pgshf_10_marla_lavl_plot-54513112-10424-2.html,5,Rawalpindi,Punjab Government Servant Housing Foundation (PGSHF),10.0,33.4542,72.9515
Pgshf 7 Marla Level Plot For Sale,0.92,"Punjab Government Servant Housing Foundation (PGSHF), Rawalpindi",https://www.zameen.com/Property/rawalpindi_punjab_government_servant_housing_foundation_pgshf_pgshf_7_marla_level_plot_for_sale-54499178-10424-2.html,5,Rawalpindi,Punjab Government Servant Housing Foundation (PGSHF),7.0,33.4542,72.9515
IDEAL LOCATION PLOT FOR SALE,1.45,"Bahria Town Phase 8 - Block C, Bahria Town Phase 8",https://www.zameen.com/Property/bahria_town_phase_8_bahria_town_phase_8_-_block_c_ideal_location_plot_for_sale-54340822-3051-2.html,5,Rawalpindi,Bahria Town Phase 8 - Block C,10.0,33.4862,73.0874
IDEAL LOCTION PLOT FOR SALE,1.5,"Bahria Town Phase 8 - Block C, Bahria Town Phase 8",https://www.zameen.com/Property/bahria_town_phase_8_bahria_town_phase_8_-_block_c_ideal_loction_plot_for_sale-54525060-3051-2.html,5,Rawalpindi,Bahria Town Phase 8 - Block C,10.0,33.4862,73.0874
NEAR MALIK RIAZ MASJID 10 MARLA PLOT FOR SALE,1.48,"Bahria Town Phase 8 - Block C, Bahria Town Phase 8",https://www.zameen.com/Property/bahria_town_phase_8_bahria_town_phase_8_-_block_c_near_malik_riaz_masjid_10_marla_plot_for_sale-54329218-3051-2.html,5,Rawalpindi,Bahria Town Phase 8 - Block C,10.0,33.4862,73.0874
10 MARLA LEVEL PLOT FOR SALE,1.48,"Bahria Town Phase 8 - Block C, Bahria Town Phase 8",https://www.zameen.com/Property/bahria_town_phase_8_bahria_town_phase_8_-_block_c_10_marla_level_plot_for_sale-54365208-3051-2.html,5,Rawalpindi,Bahria Town Phase 8 - Block C,10.0,33.4862,73.0874
5 Marla Solid Land Prime Location Plot For Sale In M Block Phase 8,0.64,"Bahria Town Phase 8 - Block M, Bahria Town Phase 8",https://www.zameen.com/Property/bahria_town_phase_8_bahria_town_phase_8_-_block_m_5_marla_solid_land_prime_location_plot_for_sale_in_m_block_phase_8-54710308-3062-2.html,6,Rawalpindi,Bahria Town Phase 8 - Block M,5.0,33.4862,73.0874
10 Marla Solid Land Plot For Sale In I Block Phase 8,0.86,"Bahria Town Phase 8 - Block I, Bahria Town Phase 8",https://www.zameen.com/Property/bahria_town_phase_8_bahria_town_phase_8_-_block_i_10_marla_solid_land_plot_for_sale_in_i_block_phase_8-54718184-3057-2.html,6,Rawalpindi,Bahria Town Phase 8 - Block I,10.0,33.4862,73.0874
10 Marla Solid Land Develop Plot For Sale In Sector K Phase 8,0.29,"Bahria Town Phase 8 - Block K, Bahria Town Phase 8",https://www.zameen.com/Property/bahria_town_phase_8_bahria_town_phase_8_-_block_k_10_marla_solid_land_develop_plot_for_sale_in_sector_k_phase_8-54718225-3060-2.html,6,Rawalpindi,Bahria Town Phase 8 - Block K,10.0,33.4862,73.0874
"Residential Plot Chaklala Scheme-3, Rawalpindi 600 Sq. Yd. For Sale Demand 5.75 Crore",5.75,"Chaklala Scheme 3, Chaklala Scheme",https://www.zameen.com/Property/chaklala_scheme_chaklala_scheme_3_residential_plot_chaklala_scheme-3_rawalpindi_600_sq_yd_for_sale_demand_5_75_crore-54772392-1312-2.html,6,Rawalpindi,Chaklala Scheme 3,24.0,33.5695006,73.0667911
10 Marla Plus 6 Marla Extra Land Paid Plot,1.55,"Bahria Town Phase 7, Bahria Town Rawalpindi",https://www.zameen.com/Property/bahria_town_rawalpindi_bahria_town_phase_7_10_marla_plus_6_marla_extra_land_paid_plot-53145304-3047-2.html,6,Rawalpindi,Bahria Town Phase 7,10.0,33.5701202,73.1163357
Beautifully Constructed Residential Plot Is Available For Sale In Bahria Town Phase 8 - Block I,1.15,"Bahria Town Phase 8 - Block I, Bahria Town Phase 8",https://www.zameen.com/Property/bahria_town_phase_8_bahria_town_phase_8_-_block_i_beautifully_constructed_residential_plot_is_available_for_sale_in_bahria_town_phase_8_-_block_i-54546889-3057-2.html,6,Rawalpindi,Bahria Town Phase 8 - Block I,10.0,33.4862,73.0874
"10 Marla Plot For Sale Bahria Town Rawalpindi, Sector K",0.35,"Bahria Town Phase 8 - Block K, Bahria Town Phase 8",https://www.zameen.com/Property/bahria_town_phase_8_bahria_town_phase_8_-_block_k_10_marla_plot_for_sale_bahria_town_rawalpindi_sector_k-54636746-3060-2.html,6,Rawalpindi,Bahria Town Phase 8 - Block K,10.0,33.4862,73.0874
Spacious Residential Plot Is Available For Sale In Ideal Location Of UpCountry Enclosures Housing Society,0.4,"UpCountry Enclosures Housing Society, Rawalpindi",https://www.zameen.com/Property/rawalpindi_upcountry_enclosures_housing_society_spacious_residential_plot_is_available_for_sale_in_ideal_location_of_upcountry_enclosures_housing_society-54785658-11752-2.html,6,Rawalpindi,UpCountry Enclosures Housing Society,5.6,33.5412,72.8845
Residential Plot For sale In UpCountry Enclosures Housing Society UpCountry Enclosures Housing Society,0.48,"UpCountry Enclosures Housing Society, Rawalpindi",https://www.zameen.com/Property/rawalpindi_upcountry_enclosures_housing_society_residential_plot_for_sale_in_upcountry_enclosures_housing_society_upcountry_enclosures_housing_society-54785657-11752-2.html,6,Rawalpindi,UpCountry Enclosures Housing Society,5.6,33.5412,72.8845
Residential Plot For Sale In UpCountry Enclosures Housing Society UpCountry Enclosures Housing Society,0.55,"UpCountry Enclosures Housing Society, Rawalpindi",https://www.zameen.com/Property/rawalpindi_upcountry_enclosures_housing_society_residential_plot_for_sale_in_upcountry_enclosures_housing_society_upcountry_enclosures_housing_society-54785649-11752-2.html,6,Rawalpindi,UpCountry Enclosures Housing Society,8.0,33.5412,72.8845
5 Marla Plot Near Possession for Sale in Sector B Saffron City | Total on Installments,0.45,"Saffron City, GT Road",https://www.zameen.com/Property/gt_road_saffron_city_5_marla_plot_near_possession_for_sale_in_sector_b_saffron_city_total_on_installments-54783255-21050-2.html,6,Rawalpindi,Saffron City,5.0,33.6520202,73.076983
10 Marla Plot For Sale In Sector A Saffron City,0.49,"Saffron City, GT Road",https://www.zameen.com/Property/gt_road_saffron_city_10_marla_plot_for_sale_in_sector_a_saffron_city-54783584-21050-2.html,6,Rawalpindi,Saffron City,10.0,33.6520202,73.076983
MOST PRIME LOCATION 10 MARLA PLOT FOR SALE,1.48,"Bahria Town Phase 8 - Block C, Bahria Town Phase 8",https://www.zameen.com/Property/bahria_town_phase_8_bahria_town_phase_8_-_block_c_most_prime_location_10_marla_plot_for_sale-54365200-3051-2.html,6,Rawalpindi,Bahria Town Phase 8 - Block C,10.0,33.4862,73.0874
pgshf 1 kanal plot,1.55,"Punjab Government Servant Housing Foundation (PGSHF), Rawalpindi",https://www.zameen.com/Property/rawalpindi_punjab_government_servant_housing_foundation_pgshf_pgshf_1_kanal_plot-54806486-10424-2.html,6,Rawalpindi,Punjab Government Servant Housing Foundation (PGSHF),20.0,33.4542,72.9515
Plot For Sale Bharia Town Phase 2 Extension,2.8,"Bahria Town Phase 2 Extension, Bahria Town Rawalpindi",https://www.zameen.com/Property/bahria_town_rawalpindi_bahria_town_phase_2_extension_plot_for_sale_bharia_town_phase_2_extension-48546678-3034-2.html,6,Rawalpindi,Bahria Town Phase 2 Extension,11.0,33.5358,73.1098
URGENT FOR SALE 1 KANAL PLOT,1.7,"Bahria Town Phase 8 - Block P, Bahria Town Phase 8",https://www.zameen.com/Property/bahria_town_phase_8_bahria_town_phase_8_-_block_p_urgent_for_sale_1_kanal_plot-54236693-3065-2.html,6,Rawalpindi,Bahria Town Phase 8 - Block P,20.0,33.4862,73.0874
IDEAL LOCATION PLOT SECTOR P,1.65,"Bahria Town Phase 8 - Block P, Bahria Town Phase 8",https://www.zameen.com/Property/bahria_town_phase_8_bahria_town_phase_8_-_block_p_ideal_location_plot_sector_p-54264951-3065-2.html,6,Rawalpindi,Bahria Town Phase 8 - Block P,20.0,33.4862,73.0874
URGENT SALE 5 MARLA CORNER PLOT | SCHOOL & PARK KE SATH!,0.38,"UpCountry Enclosures Society - Block H, UpCountry Enclosures Housing Society",https://www.zameen.com/Property/upcountry_enclosures_housing_society_upcountry_enclosures_society_-_block_h_urgent_sale_5_marla_corner_plot_school_park_ke_sath-54595319-16297-2.html,6,Rawalpindi,UpCountry Enclosures Society - Block H,5.0,33.5412,72.8845
Prime Location 1 Kanal Plot For Sale |Easy To Main Road Access| Level Land | Low Price |,0.9,"UpCountry Enclosures Housing Society, Rawalpindi",https://www.zameen.com/Property/rawalpindi_upcountry_enclosures_housing_society_prime_location_1_kanal_plot_for_sale_easy_to_main_road_access_level_land_low_price-54581864-11752-2.html,6,Rawalpindi,UpCountry Enclosures Housing Society,20.0,33.5412,72.8845
Ready To Buy A Corner Residential Plot In Bahria Town Phase 8 - Usman Block Rawalpindi,1.05,"Bahria Town Phase 8 - Usman Block, Bahria Town Phase 8 - Safari Valley",https://www.zameen.com/Property/bahria_town_phase_8_safari_valley_bahria_town_phase_8_-_usman_block_ready_to_buy_a_corner_residential_plot_in_bahria_town_phase_8_-_usman_block_rawalpindi-54756181-3068-2.html,7,Rawalpindi,Bahria Town Phase 8 - Usman Block,7.0,33.4848621,73.096708
This Is Your Chance To Buy Corner Residential Plot In Bahria Town Phase 8 - Usman D Block,2.65,"Bahria Town Phase 8 - Usman D Block, Bahria Town Phase 8 - Safari Valley",https://www.zameen.com/Property/bahria_town_phase_8_safari_valley_bahria_town_phase_8_-_usman_d_block_this_is_your_chance_to_buy_corner_residential_plot_in_bahria_town_phase_8_-_usman_d_block-54756182-12179-2.html,7,Rawalpindi,Bahria Town Phase 8 - Usman D Block,24.0,33.4862,73.0874
10 Marla Sized Residential Plot In Bahria Town Rawalpindi / Islamabad Phase 7 Best Option,1.67,"Bahria Town Phase 7, Bahria Town Rawalpindi",https://www.zameen.com/Property/bahria_town_rawalpindi_bahria_town_phase_7_10_marla_sized_residential_plot_in_bahria_town_rawalpindi_islamabad_phase_7_best_option-54501653-3047-2.html,7,Rawalpindi,Bahria Town Phase 7,10.0,33.5701202,73.1163357
17 Marla Plot Available For Sale,2.35,"Bahria Town Phase 1, Bahria Town Rawalpindi",https://www.zameen.com/Property/bahria_town_rawalpindi_bahria_town_phase_1_17_marla_plot_available_for_sale-54684903-3033-2.html,7,Rawalpindi,Bahria Town Phase 1,17.0,33.5701202,73.1163357
Prime 6 Marla Plots For Sale On Defence Road | Direct Owner | No Dealer | Ideal For Investment & Construction,0.78,"Defence Road, Rawalpindi",https://www.zameen.com/Property/rawalpindi_defence_road_prime_6_marla_plots_for_sale_on_defence_road_direct_owner_no_dealer_ideal_for_investment_construction-54754364-8144-2.html,7,Rawalpindi,Defence Road,6.0,33.5451816,73.0653656
Looking For A Main Double Road Residential Plot In Bahria Hamlet,2.65,"Bahria Hamlet, Bahria Town Phase 8",https://www.zameen.com/Property/bahria_town_phase_8_bahria_hamlet_looking_for_a_main_double_road_residential_plot_in_bahria_hamlet-54751326-10354-2.html,7,Rawalpindi,Bahria Hamlet,30.0,33.4891,73.1232
PGSHF PUNJAB HOUSING ADYALA ROAD KANAL PLOT,1.55,"Punjab Government Servant Housing Foundation (PGSHF), Rawalpindi",https://www.zameen.com/Property/rawalpindi_punjab_government_servant_housing_foundation_pgshf_pgshf_punjab_housing_adyala_road_kanal_plot-54804642-10424-2.html,7,Rawalpindi,Punjab Government Servant Housing Foundation (PGSHF),24.0,33.4542,72.9515
"Position plots, Semi developed plots and installments plots available in Blue World City Downtown & Tourism Business District",1.47,"Blue World City, Chakri Road",https://www.zameen.com/Property/chakri_road_blue_world_city_position_plots_semi_developed_plots_and_installments_plots_available_in_blue_world_city_downtown_tourism_business_district-54800070-11768-2.html,7,Rawalpindi,Blue World City,5.0,33.3674961,72.8668694
10 Marla Pack Plot For Sale Size 35*72 Sector 2 Level Plot Abadi Main Plot Hai,1.35,"Gulshan Abad, Rawalpindi",https://www.zameen.com/Property/rawalpindi_gulshan_abad_10_marla_pack_plot_for_sale_size_35_72_sector_2_level_plot_abadi_main_plot_hai-54719285-1058-2.html,7,Rawalpindi,Gulshan Abad,10.0,33.6603777,73.0830223
Prime Plot for Sale at an Attractive Investor Price in sector G,0.8,"Bahria Town Phase 8 - Block G, Bahria Town Phase 8",https://www.zameen.com/Property/bahria_town_phase_8_bahria_town_phase_8_-_block_g_prime_plot_for_sale_at_an_attractive_investor_price_in_sector_g-54804291-3055-2.html,7,Rawalpindi,Bahria Town Phase 8 - Block G,10.0,33.4862,73.0874
Prime Location 5 Marla Plot | Solid Land | Low Price | F block |,0.31,"UpCountry Enclosures Housing Society, Rawalpindi",https://www.zameen.com/Property/rawalpindi_upcountry_enclosures_housing_society_prime_location_5_marla_plot_solid_land_low_price_f_block-54581705-11752-2.html,7,Rawalpindi,UpCountry Enclosures Housing Society,5.0,33.5412,72.8845
Plots For Sale | Up Country Enclosure | H block 500 sries| Reasonable Rate,0.4,"UpCountry Enclosures Housing Society, Rawalpindi",https://www.zameen.com/Property/rawalpindi_upcountry_enclosures_housing_society_plots_for_sale_up_country_enclosure_h_block_500_sries_reasonable_rate-54600681-11752-2.html,7,Rawalpindi,UpCountry Enclosures Housing Society,5.0,33.5412,72.8845
7-Marla Plot For Sale In The Most Populated Area Of Bahria Safari Valley Usman Block Rawalpindi At Investor'S Price.,0.73,"Bahria Town Phase 8 - Safari Valley, Bahria Town Phase 8",https://www.zameen.com/Property/bahria_town_phase_8_bahria_town_phase_8_-_safari_valley_7-marla_plot_for_sale_in_the_most_populated_area_of_bahria_safari_valley_usman_block_rawalpindi_at_investor_s_price-54583303-3074-2.html,7,Rawalpindi,Bahria Town Phase 8 - Safari Valley,7.0,33.4848621,73.096708
Builders Location Solid Land 7-Marla Plot USMAN BLOCK For Sale At Investor'S Price.,0.74,"Bahria Town Phase 8 - Safari Valley, Bahria Town Phase 8",https://www.zameen.com/Property/bahria_town_phase_8_bahria_town_phase_8_-_safari_valley_builders_location_solid_land_7-marla_plot_usman_block_for_sale_at_investor_s_price-54636690-3074-2.html,7,Rawalpindi,Bahria Town Phase 8 - Safari Valley,7.0,33.4848621,73.096708
Perfect 24 Marla Residential Plot In Bahria Town Phase 7 For Sale. Boulevard/Corner .,4.5,"Bahria Town Phase 7, Bahria Town Rawalpindi",https://www.zameen.com/Property/bahria_town_rawalpindi_bahria_town_phase_7_perfect_24_marla_residential_plot_in_bahria_town_phase_7_for_sale_boulevard_corner-54786312-3047-2.html,7,Rawalpindi,Bahria Town Phase 7,24.0,33.5701202,73.1163357
50*90 Size Plot Available For Sale In Bharia Phase 3,3.8,"Bahria Town Phase 3, Bahria Town Rawalpindi",https://www.zameen.com/Property/bahria_town_rawalpindi_bahria_town_phase_3_50_90_size_plot_available_for_sale_in_bharia_phase_3-54515344-3036-2.html,7,Rawalpindi,Bahria Town Phase 3,20.0,33.5701202,73.1163357
DOWN TOWN 5 MARLA BALLOTED PLOT FILE FRESH BOOKING AVAILABLE AT PRE LAUNCH RATE IN BLUE WORLD CITY,0.03,"Blue World City, Chakri Road",https://www.zameen.com/Property/chakri_road_blue_world_city_down_town_5_marla_balloted_plot_file_fresh_booking_available_at_pre_launch_rate_in_blue_world_city-54089642-11768-2.html,7,Rawalpindi,Blue World City,5.0,33.3674961,72.8668694
Saffron City 5 Marla Balloted Plot,0.45,"Saffron City, GT Road",https://www.zameen.com/Property/gt_road_saffron_city_saffron_city_5_marla_balloted_plot-54805249-21050-2.html,7,Rawalpindi,Saffron City,5.0,33.6520202,73.076983
10 Marla Solid Land Plot For Sale In Overseas 6 Phase 8,1.6,"Bahria Greens - Overseas Enclave - Sector 6, Bahria Greens - Overseas Enclave",https://www.zameen.com/Property/bahria_greens_overseas_enclave_bahria_greens_-_overseas_enclave_-_sector_6_10_marla_solid_land_plot_for_sale_in_overseas_6_phase_8-54750144-8305-2.html,8,Rawalpindi,Bahria Greens - Overseas Enclave - Sector 6,10.0,33.4735,73.091
Corner Extraland Plot,0.88,"Taj Residencia, Rawalpindi",https://www.zameen.com/Property/rawalpindi_taj_residencia_corner_extraland_plot-54582973-11491-2.html,8,Rawalpindi,Taj Residencia,5.0,33.589782,72.9679336
Residential Plot In Taj Residencia - Lily Block Sized 5 Marla Is Available,0.92,"Taj Residencia - Lily Block, Taj Residencia",https://www.zameen.com/Property/taj_residencia_taj_residencia_-_lily_block_residential_plot_in_taj_residencia_-_lily_block_sized_5_marla_is_available-54620398-18996-2.html,8,Rawalpindi,Taj Residencia - Lily Block,5.0,33.5855,72.9348
05 Marla On Reasonable Price,0.82,"Taj Residencia - Gardenia Block, Taj Residencia",https://www.zameen.com/Property/taj_residencia_taj_residencia_-_gardenia_block_05_marla_on_reasonable_price-54659669-18992-2.html,8,Rawalpindi,Taj Residencia - Gardenia Block,5.0,33.5855,72.9348
Plot For Sale In Tulsa Road Lalazar Few Steps From SLS School And Main Tulsa Chowk,2.35,"Tulsa Road, Rawalpindi",https://www.zameen.com/Property/rawalpindi_tulsa_road_plot_for_sale_in_tulsa_road_lalazar_few_steps_from_sls_school_and_main_tulsa_chowk-54508288-11163-2.html,8,Rawalpindi,Tulsa Road,9.2,33.5640665,73.0353835
Buying A On Excellent Location Residential Plot In Bahria Town Phase 8 - Block B?,2.0,"Bahria Town Phase 8 - Block B, Bahria Town Phase 8",https://www.zameen.com/Property/bahria_town_phase_8_bahria_town_phase_8_-_block_b_buying_a_on_excellent_location_residential_plot_in_bahria_town_phase_8_-_block_b-54747239-3050-2.html,8,Rawalpindi,Bahria Town Phase 8 - Block B,30.0,33.4848621,73.096708
1 Kanal Plot for Sale in Bahria Town Phase 8 Sector A | Ideal Location,2.25,"Bahria Town Phase 8 - Block A, Bahria Town Phase 8",https://www.zameen.com/Property/bahria_town_phase_8_bahria_town_phase_8_-_block_a_1_kanal_plot_for_sale_in_bahria_town_phase_8_sector_a_ideal_location-54022647-3049-2.html,8,Rawalpindi,Bahria Town Phase 8 - Block A,20.0,33.4862,73.0874
"2275 Sq. Ft Plot Available For Sale In Block-E, TopCity-1, ISlamabad.",0.95,"Top City-1, Rawalpindi",https://www.zameen.com/Property/rawalpindi_top_city-1_2275_sq_ft_plot_available_for_sale_in_block-e_topcity-1_islamabad-54030014-10910-2.html,8,Rawalpindi,Top City-1,10.1,33.5763317,72.8692628
PUNJAB HOUSING SOCIETY ADYALA ROAD RAWALPINDI,1.5,"Punjab Government Servant Housing Foundation (PGSHF), Rawalpindi",https://www.zameen.com/Property/rawalpindi_punjab_government_servant_housing_foundation_pgshf_punjab_housing_society_adyala_road_rawalpindi-53934020-10424-2.html,8,Rawalpindi,Punjab Government Servant Housing Foundation (PGSHF),24.0,33.4542,72.9515
Saffron City (Corner) Plot File,0.26,"Saffron City, GT Road",https://www.zameen.com/Property/gt_road_saffron_city_saffron_city_corner_plot_file-54644966-21050-2.html,8,Rawalpindi,Saffron City,5.0,33.6520202,73.076983
12 Marla All Paid Like Map Possession And Utility Paid,1.72,"Bahria Greens - Overseas Enclave - Sector 2, Bahria Greens - Overseas Enclave",https://www.zameen.com/Property/bahria_greens_overseas_enclave_bahria_greens_-_overseas_enclave_-_sector_2_12_marla_all_paid_like_map_possession_and_utility_paid-54524009-8301-2.html,8,Rawalpindi,Bahria Greens - Overseas Enclave - Sector 2,12.0,33.4735,73.091
"1 Kanal Residential Plot available for sale in Bahria Hamlet, Rawalpindi",1.55,"Bahria Hamlet, Bahria Town Phase 8",https://www.zameen.com/Property/bahria_town_phase_8_bahria_hamlet_1_kanal_residential_plot_available_for_sale_in_bahria_hamlet_rawalpindi-54761266-10354-2.html,8,Rawalpindi,Bahria Hamlet,20.0,33.4891,73.1232
Residential Plot Available For sale In Bahria Town Phase 8 - Block A,0.8,"Bahria Town Phase 8 - Block A, Bahria Town Phase 8",https://www.zameen.com/Property/bahria_town_phase_8_bahria_town_phase_8_-_block_a_residential_plot_available_for_sale_in_bahria_town_phase_8_-_block_a-54805142-3049-2.html,8,Rawalpindi,Bahria Town Phase 8 - Block A,10.0,33.4862,73.0874
10 Marla Residential Plot In Stunning Bahria Town Phase 8 - Block A Is Available For sale,0.9,"Bahria Town Phase 8 - Block A, Bahria Town Phase 8",https://www.zameen.com/Property/bahria_town_phase_8_bahria_town_phase_8_-_block_a_10_marla_residential_plot_in_stunning_bahria_town_phase_8_-_block_a_is_available_for_sale-54805141-3049-2.html,8,Rawalpindi,Bahria Town Phase 8 - Block A,10.0,33.4862,73.0874
Reserve A Residential Plot Of 10 Marla Now In Bahria Town Phase 8 - Block A,0.95,"Bahria Town Phase 8 - Block A, Bahria Town Phase 8",https://www.zameen.com/Property/bahria_town_phase_8_bahria_town_phase_8_-_block_a_reserve_a_residential_plot_of_10_marla_now_in_bahria_town_phase_8_-_block_a-54805140-3049-2.html,8,Rawalpindi,Bahria Town Phase 8 - Block A,10.0,33.4862,73.0874
"Reasonably-Priced 10 Marla Residential Plot In Bahria Town Phase 8 - Block H, Rawalpindi Is Available As Of Now",1.15,"Bahria Town Phase 8 - Block H, Bahria Town Phase 8",https://www.zameen.com/Property/bahria_town_phase_8_bahria_town_phase_8_-_block_h_reasonably-priced_10_marla_residential_plot_in_bahria_town_phase_8_-_block_h_rawalpindi_is_available_as_of_now-54805139-3056-2.html,8,Rawalpindi,Bahria Town Phase 8 - Block H,10.0,33.4862,73.0874
A Spacious 10 Marla Residential Plot In Bahria Town Phase 8 - Block H,1.2,"Bahria Town Phase 8 - Block H, Bahria Town Phase 8",https://www.zameen.com/Property/bahria_town_phase_8_bahria_town_phase_8_-_block_h_a_spacious_10_marla_residential_plot_in_bahria_town_phase_8_-_block_h-54805137-3056-2.html,8,Rawalpindi,Bahria Town Phase 8 - Block H,10.0,33.4862,73.0874
Residential Plot Of 10 Marla Is Available For sale In Bahria Town Phase 8 - Block H,1.25,"Bahria Town Phase 8 - Block H, Bahria Town Phase 8",https://www.zameen.com/Property/bahria_town_phase_8_bahria_town_phase_8_-_block_h_residential_plot_of_10_marla_is_available_for_sale_in_bahria_town_phase_8_-_block_h-54805136-3056-2.html,8,Rawalpindi,Bahria Town Phase 8 - Block H,10.0,33.4862,73.0874
Residential Plot Of 5 Marla Is Available For sale,0.63,"Bahria Town Phase 8 - Block L, Bahria Town Phase 8",https://www.zameen.com/Property/bahria_town_phase_8_bahria_town_phase_8_-_block_l_residential_plot_of_5_marla_is_available_for_sale-54805135-3061-2.html,8,Rawalpindi,Bahria Town Phase 8 - Block L,5.0,33.4862,73.0874
A 5 Marla Residential Plot Located In Bahria Town Phase 8 - Block L Is Available For sale,0.58,"Bahria Town Phase 8 - Block L, Bahria Town Phase 8",https://www.zameen.com/Property/bahria_town_phase_8_bahria_town_phase_8_-_block_l_a_5_marla_residential_plot_located_in_bahria_town_phase_8_-_block_l_is_available_for_sale-54805134-3061-2.html,8,Rawalpindi,Bahria Town Phase 8 - Block L,5.0,33.4862,73.0874
2 Kanal Plot Commerical For Sale,24.0,"Ayub National Park, Rawalpindi",https://www.zameen.com/Property/rawalpindi_ayub_national_park_2_kanal_plot_commerical_for_sale-54730491-721-2.html,9,Rawalpindi,Ayub National Park,40.0,33.5706322,73.0856677
CORNER PLOT WITH EXTRA LAND SOUTH FACE,4.0,"Bahria Town Phase 8 - Block A, Bahria Town Phase 8",https://www.zameen.com/Property/bahria_town_phase_8_bahria_town_phase_8_-_block_a_corner_plot_with_extra_land_south_face-53570980-3049-2.html,9,Rawalpindi,Bahria Town Phase 8 - Block A,36.0,33.4862,73.0874
Bahria Phase 7 Plot for Sale at Investor's price. Ideal for Basement Lovers at very low budget.,1.45,"Bahria Town Phase 7, Bahria Town Rawalpindi",https://www.zameen.com/Property/bahria_town_rawalpindi_bahria_town_phase_7_bahria_phase_7_plot_for_sale_at_investor_s_price_ideal_for_basement_lovers_at_very_low_budget-54714688-3047-2.html,9,Rawalpindi,Bahria Town Phase 7,12.0,33.5701202,73.1163357
Prime 1 Kanal Main Double Road Plot Available for Sale in UpCountry Enclosures,1.1,"UpCountry Enclosures Housing Society, Rawalpindi",https://www.zameen.com/Property/rawalpindi_upcountry_enclosures_housing_society_prime_1_kanal_main_double_road_plot_available_for_sale_in_upcountry_enclosures-54526667-11752-2.html,9,Rawalpindi,UpCountry Enclosures Housing Society,20.0,33.5412,72.8845
Extra Land Paid Kanal Plot In Bahria Hamlet,1.55,"Bahria Hamlet, Bahria Town Phase 8",https://www.zameen.com/Property/bahria_town_phase_8_bahria_hamlet_extra_land_paid_kanal_plot_in_bahria_hamlet-53133871-10354-2.html,9,Rawalpindi,Bahria Hamlet,20.0,33.4891,73.1232
10 Marla Plot For Sale,1.4,"Bahria Town Phase 8, Bahria Town Rawalpindi",https://www.zameen.com/Property/bahria_town_rawalpindi_bahria_town_phase_8_10_marla_plot_for_sale-54700528-3048-2.html,9,Rawalpindi,Bahria Town Phase 8,10.0,33.5012685,73.0872635
Your Ideal On Excellent Location 7 Marla Residential Plot # 239-N Is Available For Sale At Investor'S Price In Bahria Town Phase 8 - Usman Block.,0.73,"Bahria Town Phase 8 - Usman Block, Bahria Town Phase 8 - Safari Valley",https://www.zameen.com/Property/bahria_town_phase_8_safari_valley_bahria_town_phase_8_-_usman_block_your_ideal_on_excellent_location_7_marla_residential_plot_239-n_is_available_for_sale_at_investor_s_price_in_bahria_town_phase_8_-_usman_block-54698632-3068-2.html,9,Rawalpindi,Bahria Town Phase 8 - Usman Block,7.0,33.4848621,73.096708
Back Open Boulevard Category Plot,2.2,"Bahria Town Phase 8, Bahria Town Rawalpindi",https://www.zameen.com/Property/bahria_town_rawalpindi_bahria_town_phase_8_back_open_boulevard_category_plot-54802543-3048-2.html,9,Rawalpindi,Bahria Town Phase 8,20.0,33.5012685,73.0872635
Bahria Town Rwp/Isb Phase8 Sector F1 10Marla (35*70)Sized Residential Plot Available,1.2,"Bahria Town Phase 8 - Sector F-1, Bahria Town Phase 8",https://www.zameen.com/Property/bahria_town_phase_8_bahria_town_phase_8_-_sector_f-1_bahria_town_rwp_isb_phase8_sector_f1_10marla_35_70_sized_residential_plot_available-54380211-3095-2.html,9,Rawalpindi,Bahria Town Phase 8 - Sector F-1,10.0,33.4855018,73.0971219
"Prime 1 Kanal Residential Plot for Sale in Sector P, Bahria Town Phase 8 Front Open, Near Park & Masjid",1.65,"Bahria Town Phase 8 - Block P, Bahria Town Phase 8",https://www.zameen.com/Property/bahria_town_phase_8_bahria_town_phase_8_-_block_p_prime_1_kanal_residential_plot_for_sale_in_sector_p_bahria_town_phase_8_front_open_near_park_masjid-54803137-3065-2.html,9,Rawalpindi,Bahria Town Phase 8 - Block P,20.0,33.4862,73.0874
"12 Marla Corner Plot for Sale in Overseas Green 2, Bahria Town Rawalpindi",2.15,"Bahria Greens - Overseas Enclave - Sector 2, Bahria Greens - Overseas Enclave",https://www.zameen.com/Property/bahria_greens_overseas_enclave_bahria_greens_-_overseas_enclave_-_sector_2_12_marla_corner_plot_for_sale_in_overseas_green_2_bahria_town_rawalpindi-54803100-8301-2.html,9,Rawalpindi,Bahria Greens - Overseas Enclave - Sector 2,12.0,33.4735,73.091
10 MARLA BOULEVARD BACK OPEN PLOT FOR SALE IN SECTOR L,0.9,"Bahria Town Phase 8 - Block L, Bahria Town Phase 8",https://www.zameen.com/Property/bahria_town_phase_8_bahria_town_phase_8_-_block_l_10_marla_boulevard_back_open_plot_for_sale_in_sector_l-54655130-3061-2.html,9,Rawalpindi,Bahria Town Phase 8 - Block L,10.0,33.4862,73.0874
Best Options For Residential Plot Is Available For sale In Bahria Town Phase 8 - Block L,0.6,"Bahria Town Phase 8 - Block L, Bahria Town Phase 8",https://www.zameen.com/Property/bahria_town_phase_8_bahria_town_phase_8_-_block_l_best_options_for_residential_plot_is_available_for_sale_in_bahria_town_phase_8_-_block_l-54805133-3061-2.html,9,Rawalpindi,Bahria Town Phase 8 - Block L,5.0,33.4862,73.0874
Residential Plot For sale In Rawalpindi,0.85,"Bahria Town Phase 8 - Block L, Bahria Town Phase 8",https://www.zameen.com/Property/bahria_town_phase_8_bahria_town_phase_8_-_block_l_residential_plot_for_sale_in_rawalpindi-54805132-3061-2.html,9,Rawalpindi,Bahria Town Phase 8 - Block L,10.0,33.4862,73.0874
Affordable Residential Plot Of 10 Marla Is Available For sale,0.95,"Bahria Town Phase 8 - Block L, Bahria Town Phase 8",https://www.zameen.com/Property/bahria_town_phase_8_bahria_town_phase_8_-_block_l_affordable_residential_plot_of_10_marla_is_available_for_sale-54805131-3061-2.html,9,Rawalpindi,Bahria Town Phase 8 - Block L,10.0,33.4862,73.0874
Perfect 5 Marla Residential Plot In Bahria Town Phase 8 - Block I For sale,0.65,"Bahria Town Phase 8 - Block I, Bahria Town Phase 8",https://www.zameen.com/Property/bahria_town_phase_8_bahria_town_phase_8_-_block_i_perfect_5_marla_residential_plot_in_bahria_town_phase_8_-_block_i_for_sale-54805130-3057-2.html,9,Rawalpindi,Bahria Town Phase 8 - Block I,5.0,33.4862,73.0874
Bahria Town Phase 8 - Block I 10 Marla Residential Plot Up For sale,1.1,"Bahria Town Phase 8 - Block I, Bahria Town Phase 8",https://www.zameen.com/Property/bahria_town_phase_8_bahria_town_phase_8_-_block_i_bahria_town_phase_8_-_block_i_10_marla_residential_plot_up_for_sale-54805129-3057-2.html,9,Rawalpindi,Bahria Town Phase 8 - Block I,10.0,33.4862,73.0874
Bahria Town Phase 8 - Usman Block Residential Plot Sized 7 Marla,0.8,"Bahria Town Phase 8 - Usman Block, Bahria Town Phase 8 - Safari Valley",https://www.zameen.com/Property/bahria_town_phase_8_safari_valley_bahria_town_phase_8_-_usman_block_bahria_town_phase_8_-_usman_block_residential_plot_sized_7_marla-54805128-3068-2.html,9,Rawalpindi,Bahria Town Phase 8 - Usman Block,7.0,33.4848621,73.096708
Become Owner Of Your Residential Plot Today Which Is Centrally Located In Bahria Town Phase 8 - Usman Block In Rawalpindi,0.95,"Bahria Town Phase 8 - Usman Block, Bahria Town Phase 8 - Safari Valley",https://www.zameen.com/Property/bahria_town_phase_8_safari_valley_bahria_town_phase_8_-_usman_block_become_owner_of_your_residential_plot_today_which_is_centrally_located_in_bahria_town_phase_8_-_usman_block_in_rawalpindi-54805127-3068-2.html,9,Rawalpindi,Bahria Town Phase 8 - Usman Block,7.0,33.4848621,73.096708
Builder Location Plot In Overseas 5,1.65,"Bahria Greens - Overseas Enclave - Sector 5, Bahria Greens - Overseas Enclave",https://www.zameen.com/Property/bahria_greens_overseas_enclave_bahria_greens_-_overseas_enclave_-_sector_5_builder_location_plot_in_overseas_5-51831827-8304-2.html,10,Rawalpindi,Bahria Greens - Overseas Enclave - Sector 5,10.0,33.4735,73.091
Most Heighted Back Open Plot For Sale,4.0,"Bahria Hamlet, Bahria Town Phase 8",https://www.zameen.com/Property/bahria_town_phase_8_bahria_hamlet_most_heighted_back_open_plot_for_sale-52302876-10354-2.html,10,Rawalpindi,Bahria Hamlet,34.0,33.4891,73.1232
10 Marla Plot For Sale In Bahria Town Rawalpindi,2.9,"Bahria Town Phase 4, Bahria Town Rawalpindi",https://www.zameen.com/Property/bahria_town_rawalpindi_bahria_town_phase_4_10_marla_plot_for_sale_in_bahria_town_rawalpindi-54422012-3041-2.html,10,Rawalpindi,Bahria Town Phase 4,10.0,33.5701202,73.1163357
1 KANAL PLOT FOR SALE,3.5,"Bahria Town Phase 3, Bahria Town Rawalpindi",https://www.zameen.com/Property/bahria_town_rawalpindi_bahria_town_phase_3_1_kanal_plot_for_sale-53393484-3036-2.html,10,Rawalpindi,Bahria Town Phase 3,20.0,33.5701202,73.1163357
10 MARLA READY TO CONSTRUCT PLOT NEAR SLS SCHOOL BLOCK F-2,1.12,"Bahria Town Phase 8 - Sector F-2, Bahria Town Phase 8",https://www.zameen.com/Property/bahria_town_phase_8_bahria_town_phase_8_-_sector_f-2_10_marla_ready_to_construct_plot_near_sls_school_block_f-2-54675929-8250-2.html,10,Rawalpindi,Bahria Town Phase 8 - Sector F-2,10.0,33.4855018,73.0971219
In Bahria Town Rawalpindi Phase 8 - Block-I 10Marla (35*70)Sized Residential Plot For Sale,0.95,"Bahria Town Phase 8 - Block I, Bahria Town Phase 8",https://www.zameen.com/Property/bahria_town_phase_8_bahria_town_phase_8_-_block_i_in_bahria_town_rawalpindi_phase_8_-_block-i_10marla_35_70_sized_residential_plot_for_sale-54497855-3057-2.html,10,Rawalpindi,Bahria Town Phase 8 - Block I,10.0,33.4862,73.0874
5Marla (25*45)Sized Residential Plot Ideally Situated In Bahria Town Phase 8 - Ali Block Rwp/Isb,0.6,"Bahria Town Phase 8 - Ali Block, Bahria Town Phase 8 - Safari Valley",https://www.zameen.com/Property/bahria_town_phase_8_safari_valley_bahria_town_phase_8_-_ali_block_5marla_25_45_sized_residential_plot_ideally_situated_in_bahria_town_phase_8_-_ali_block_rwp_isb-54497889-3070-2.html,10,Rawalpindi,Bahria Town Phase 8 - Ali Block,5.0,33.4862,73.0874
Bahria Town Rwp/Isb Phase1 17 Marla Residential Plot Availebe On Main Boulevard,2.35,"Bahria Town Phase 1, Bahria Town Rawalpindi",https://www.zameen.com/Property/bahria_town_rawalpindi_bahria_town_phase_1_bahria_town_rwp_isb_phase1_17_marla_residential_plot_availebe_on_main_boulevard-54676880-3033-2.html,10,Rawalpindi,Bahria Town Phase 1,17.0,33.5701202,73.1163357
5 Marla Residential Plot For sale Is Available In Bahria Town Phase 8 - Block M,0.72,"Bahria Town Phase 8 - Block M, Bahria Town Phase 8",https://www.zameen.com/Property/bahria_town_phase_8_bahria_town_phase_8_-_block_m_5_marla_residential_plot_for_sale_is_available_in_bahria_town_phase_8_-_block_m-54805125-3062-2.html,10,Rawalpindi,Bahria Town Phase 8 - Block M,5.0,33.4862,73.0874
A 5 Marla Residential Plot Is Up For Grabs In Bahria Town Rawalpindi,0.75,"Bahria Town Phase 8 - Block M, Bahria Town Phase 8",https://www.zameen.com/Property/bahria_town_phase_8_bahria_town_phase_8_-_block_m_a_5_marla_residential_plot_is_up_for_grabs_in_bahria_town_rawalpindi-54805124-3062-2.html,10,Rawalpindi,Bahria Town Phase 8 - Block M,5.0,33.4862,73.0874
5 Marla Residential Plot Is Available For sale In Bahria Town Phase 8 - Block M,0.8,"Bahria Town Phase 8 - Block M, Bahria Town Phase 8",https://www.zameen.com/Property/bahria_town_phase_8_bahria_town_phase_8_-_block_m_5_marla_residential_plot_is_available_for_sale_in_bahria_town_phase_8_-_block_m-54805123-3062-2.html,10,Rawalpindi,Bahria Town Phase 8 - Block M,5.0,33.4862,73.0874
A Residential Plot At Affordable Price Awaits You,0.85,"Bahria Town Phase 8 - Block M, Bahria Town Phase 8",https://www.zameen.com/Property/bahria_town_phase_8_bahria_town_phase_8_-_block_m_a_residential_plot_at_affordable_price_awaits_you-54805122-3062-2.html,10,Rawalpindi,Bahria Town Phase 8 - Block M,5.0,33.4862,73.0874
Residential Plot For sale In Rs. 11000000,1.1,"Bahria Town Phase 8 - Block J, Bahria Town Phase 8",https://www.zameen.com/Property/bahria_town_phase_8_bahria_town_phase_8_-_block_j_residential_plot_for_sale_in_rs_11000000-54805121-3058-2.html,10,Rawalpindi,Bahria Town Phase 8 - Block J,8.0,33.4862,73.0874
A Palatial Residence For sale In Bahria Town Phase 8 - Sector E-1 Rawalpindi,0.7,"Bahria Town Phase 8 - Sector E-1, Bahria Town Phase 8",https://www.zameen.com/Property/bahria_town_phase_8_bahria_town_phase_8_-_sector_e-1_a_palatial_residence_for_sale_in_bahria_town_phase_8_-_sector_e-1_rawalpindi-54805120-8360-2.html,10,Rawalpindi,Bahria Town Phase 8 - Sector E-1,6.0,33.4855018,73.0971219
"5 Marla Residential Plot available for sale in Bahria Town Phase 8 - Sector E-3, Rawalpindi",0.58,"Bahria Town Phase 8 - Sector E-3, Bahria Town Phase 8",https://www.zameen.com/Property/bahria_town_phase_8_bahria_town_phase_8_-_sector_e-3_5_marla_residential_plot_available_for_sale_in_bahria_town_phase_8_-_sector_e-3_rawalpindi-54805119-15902-2.html,10,Rawalpindi,Bahria Town Phase 8 - Sector E-3,5.0,33.4855018,73.0971219
10 MARLA plot for sale Bahria town Rawalpindi PHESE 3,2.25,"Bahria Town Phase 3, Bahria Town Rawalpindi",https://www.zameen.com/Property/bahria_town_rawalpindi_bahria_town_phase_3_10_marla_plot_for_sale_bahria_town_rawalpindi_phese_3-53397570-3036-2.html,11,Rawalpindi,Bahria Town Phase 3,10.0,33.5701202,73.1163357
Corner Ak Kanal Plot For Sale,4.5,"Bahria Town Phase 4, Bahria Town Rawalpindi",https://www.zameen.com/Property/bahria_town_rawalpindi_bahria_town_phase_4_corner_ak_kanal_plot_for_sale-54501164-3041-2.html,11,Rawalpindi,Bahria Town Phase 4,20.0,33.5701202,73.1163357
ak kanal level plot for sale,4.3,"Bahria Town Phase 4, Bahria Town Rawalpindi",https://www.zameen.com/Property/bahria_town_rawalpindi_bahria_town_phase_4_ak_kanal_level_plot_for_sale-54501413-3041-2.html,11,Rawalpindi,Bahria Town Phase 4,20.0,33.5701202,73.1163357
Residential Plot Sized 10 Marla Available In Bahria Town Phase 8 - Sector F-3,0.75,"Bahria Town Phase 8 - Sector F-3, Bahria Town Phase 8",https://www.zameen.com/Property/bahria_town_phase_8_bahria_town_phase_8_-_sector_f-3_residential_plot_sized_10_marla_available_in_bahria_town_phase_8_-_sector_f-3-54350403-8251-2.html,11,Rawalpindi,Bahria Town Phase 8 - Sector F-3,10.0,33.4855018,73.0971219
5 Marla Plot in Sector E3,0.65,"Bahria Town Phase 8 - Sector E-3, Bahria Town Phase 8",https://www.zameen.com/Property/bahria_town_phase_8_bahria_town_phase_8_-_sector_e-3_5_marla_plot_in_sector_e3-54366186-15902-2.html,11,Rawalpindi,Bahria Town Phase 8 - Sector E-3,5.0,33.4855018,73.0971219
Bahria Town 1 Kanal Plot For Sale Overseas 5 Sector,3.0,"Bahria Greens - Overseas Enclave - Sector 5, Bahria Greens - Overseas Enclave",https://www.zameen.com/Property/bahria_greens_overseas_enclave_bahria_greens_-_overseas_enclave_-_sector_5_bahria_town_1_kanal_plot_for_sale_overseas_5_sector-49697510-8304-2.html,11,Rawalpindi,Bahria Greens - Overseas Enclave - Sector 5,20.0,33.4735,73.091
Bahria Town Solid Land Plot For Sale,1.25,"Bahria Town Phase 8 - Sector F-1, Bahria Town Phase 8",https://www.zameen.com/Property/bahria_town_phase_8_bahria_town_phase_8_-_sector_f-1_bahria_town_solid_land_plot_for_sale-50324496-3095-2.html,11,Rawalpindi,Bahria Town Phase 8 - Sector F-1,10.0,33.4855018,73.0971219
Bahria Town Overseas 5 Plot For Sale,1.75,"Bahria Greens - Overseas Enclave - Sector 5, Bahria Greens - Overseas Enclave",https://www.zameen.com/Property/bahria_greens_overseas_enclave_bahria_greens_-_overseas_enclave_-_sector_5_bahria_town_overseas_5_plot_for_sale-50324578-8304-2.html,11,Rawalpindi,Bahria Greens - Overseas Enclave - Sector 5,10.0,33.4735,73.091
Sector E Builder Location Plot For Sale,1.28,"Bahria Town Phase 8 - Block E, Bahria Town Phase 8",https://www.zameen.com/Property/bahria_town_phase_8_bahria_town_phase_8_-_block_e_sector_e_builder_location_plot_for_sale-50482997-3053-2.html,11,Rawalpindi,Bahria Town Phase 8 - Block E,10.0,33.4862,73.0874
Bahria Town Overseas 6 Plot For Sale,1.55,"Bahria Greens - Overseas Enclave - Sector 6, Bahria Greens - Overseas Enclave",https://www.zameen.com/Property/bahria_greens_overseas_enclave_bahria_greens_-_overseas_enclave_-_sector_6_bahria_town_overseas_6_plot_for_sale-53640611-8305-2.html,11,Rawalpindi,Bahria Greens - Overseas Enclave - Sector 6,10.0,33.4735,73.091
Bahria Town 10 Marla Plot For Sale,1.25,"Bahria Town Phase 8 - Block B, Bahria Town Phase 8",https://www.zameen.com/Property/bahria_town_phase_8_bahria_town_phase_8_-_block_b_bahria_town_10_marla_plot_for_sale-53640717-3050-2.html,11,Rawalpindi,Bahria Town Phase 8 - Block B,10.0,33.4848621,73.096708
Bahria Town Rwp/Isb Phase8 Safari Valley Rafi Block 5Marla (25*45)Sized Residential Plot Available,0.68,"Bahria Town Phase 8 - Rafi Block, Bahria Town Phase 8",https://www.zameen.com/Property/bahria_town_phase_8_bahria_town_phase_8_-_rafi_block_bahria_town_rwp_isb_phase8_safari_valley_rafi_block_5marla_25_45_sized_residential_plot_available-54686229-3071-2.html,11,Rawalpindi,Bahria Town Phase 8 - Rafi Block,5.0,33.4862,73.0874
Bahria Greens (Overseas Sector-3) 10Marla Residential Plot Available For Sale In Bahria Town Rawalpindi,1.9,"Bahria Greens - Overseas Enclave - Sector 3, Bahria Greens - Overseas Enclave",https://www.zameen.com/Property/bahria_greens_overseas_enclave_bahria_greens_-_overseas_enclave_-_sector_3_bahria_greens_overseas_sector-3_10marla_residential_plot_available_for_sale_in_bahria_town_rawalpindi-54686873-8302-2.html,11,Rawalpindi,Bahria Greens - Overseas Enclave - Sector 3,10.0,33.4735,73.091
Bahria Town Rwp/Isb Phase8 A1 Block 10Marla (35*70)Sized Park Facing & Back Open Residential Plot Available,1.0,"Bahria Town Phase 8 - Block A1, Bahria Town Phase 8",https://www.zameen.com/Property/bahria_town_phase_8_bahria_town_phase_8_-_block_a1_bahria_town_rwp_isb_phase8_a1_block_10marla_35_70_sized_park_facing_back_open_residential_plot_available-54689275-12180-2.html,11,Rawalpindi,Bahria Town Phase 8 - Block A1,10.0,33.5012685,73.0872635
"In Bahria Town Phase 8 - Block H Of Rawalpindi, A 12 Marla Residential Plot Is Available",1.05,"Bahria Town Phase 8 - Block H, Bahria Town Phase 8",https://www.zameen.com/Property/bahria_town_phase_8_bahria_town_phase_8_-_block_h_in_bahria_town_phase_8_-_block_h_of_rawalpindi_a_12_marla_residential_plot_is_available-54791734-3056-2.html,11,Rawalpindi,Bahria Town Phase 8 - Block H,12.0,33.4862,73.0874
Buy 10 Marla Residential Plot At Highly Affordable Price,0.87,"Bahria Town Phase 8 - Block L, Bahria Town Phase 8",https://www.zameen.com/Property/bahria_town_phase_8_bahria_town_phase_8_-_block_l_buy_10_marla_residential_plot_at_highly_affordable_price-54791735-3061-2.html,11,Rawalpindi,Bahria Town Phase 8 - Block L,10.0,33.4862,73.0874
Top City-1 | Block C PLOT. Available For Sale Location: 50ft Road Sun Face,3.2,"Top City-1, Rawalpindi",https://www.zameen.com/Property/rawalpindi_top_city-1_top_city-1_block_c_plot_available_for_sale_location_50ft_road_sun_face-54804839-10910-2.html,11,Rawalpindi,Top City-1,20.0,33.5763317,72.8692628
Sale The Ideally Located Residential Plot For An Incredible Price Of Pkr Rs. 19000000,1.9,"Bahria Town Phase 8, Bahria Town Rawalpindi",https://www.zameen.com/Property/bahria_town_rawalpindi_bahria_town_phase_8_sale_the_ideally_located_residential_plot_for_an_incredible_price_of_pkr_rs_19000000-54804799-3048-2.html,11,Rawalpindi,Bahria Town Phase 8,10.0,33.5012685,73.0872635
Sale The Ideally Located Residential Plot For An Incredible Price,1.9,"Bahria Town Phase 8, Bahria Town Rawalpindi",https://www.zameen.com/Property/bahria_town_rawalpindi_bahria_town_phase_8_sale_the_ideally_located_residential_plot_for_an_incredible_price-54804793-3048-2.html,11,Rawalpindi,Bahria Town Phase 8,10.0,33.5012685,73.0872635
Get In Touch Now To Buy A 10 Marla Residential Plot In Bahria Town Phase 8 - Block L Rawalpindi,0.9,"Bahria Town Phase 8 - Block L, Bahria Town Phase 8",https://www.zameen.com/Property/bahria_town_phase_8_bahria_town_phase_8_-_block_l_get_in_touch_now_to_buy_a_10_marla_residential_plot_in_bahria_town_phase_8_-_block_l_rawalpindi-54804797-3061-2.html,11,Rawalpindi,Bahria Town Phase 8 - Block L,10.0,33.4862,73.0874
10 Marla Spacious Residential Plot Is Available In Bahria Greens - Overseas Enclave - Sector 6 For Sale,1.7,"Bahria Greens - Overseas Enclave - Sector 6, Bahria Greens - Overseas Enclave",https://www.zameen.com/Property/bahria_greens_overseas_enclave_bahria_greens_-_overseas_enclave_-_sector_6_10_marla_spacious_residential_plot_is_available_in_bahria_greens_-_overseas_enclave_-_sector_6_for_sale-54804798-8305-2.html,11,Rawalpindi,Bahria Greens - Overseas Enclave - Sector 6,10.0,33.4735,73.091
Bahria Town Phase 7 Plot For Sale 10 Marla,1.8,"Bahria Town Phase 7, Bahria Town Rawalpindi",https://www.zameen.com/Property/bahria_town_rawalpindi_bahria_town_phase_7_bahria_town_phase_7_plot_for_sale_10_marla-53640784-3047-2.html,12,Rawalpindi,Bahria Town Phase 7,10.0,33.5701202,73.1163357
Bahria Town Overseas 2 Plot For Sale 10 Marla,1.6,"Bahria Greens - Overseas Enclave - Sector 2, Bahria Greens - Overseas Enclave",https://www.zameen.com/Property/bahria_greens_overseas_enclave_bahria_greens_-_overseas_enclave_-_sector_2_bahria_town_overseas_2_plot_for_sale_10_marla-53673702-8301-2.html,12,Rawalpindi,Bahria Greens - Overseas Enclave - Sector 2,10.0,33.4735,73.091
Plot In Bahria Town Phase 8 Builder Location,0.95,"Bahria Town Phase 8 - Block L, Bahria Town Phase 8",https://www.zameen.com/Property/bahria_town_phase_8_bahria_town_phase_8_-_block_l_plot_in_bahria_town_phase_8_builder_location-53836123-3061-2.html,12,Rawalpindi,Bahria Town Phase 8 - Block L,10.0,33.4862,73.0874
Prominently-Located 5 Marla Residential Plot Available In Bahria Town Phase 8 - Block M,0.75,"Bahria Town Phase 8 - Block M, Bahria Town Phase 8",https://www.zameen.com/Property/bahria_town_phase_8_bahria_town_phase_8_-_block_m_prominently-located_5_marla_residential_plot_available_in_bahria_town_phase_8_-_block_m-53900872-3062-2.html,12,Rawalpindi,Bahria Town Phase 8 - Block M,5.0,33.4862,73.0874
D Block Plot For Sale,0.95,"Bahria Town Phase 8 - Block D, Bahria Town Phase 8",https://www.zameen.com/Property/bahria_town_phase_8_bahria_town_phase_8_-_block_d_d_block_plot_for_sale-53948837-3052-2.html,12,Rawalpindi,Bahria Town Phase 8 - Block D,10.0,33.4862,73.0874
Rafi Block 5 Marla Plot For Sale,0.7,"Bahria Town Phase 8 - Rafi Block, Bahria Town Phase 8",https://www.zameen.com/Property/bahria_town_phase_8_bahria_town_phase_8_-_rafi_block_rafi_block_5_marla_plot_for_sale-54074241-3071-2.html,12,Rawalpindi,Bahria Town Phase 8 - Rafi Block,5.0,33.4862,73.0874
Bahria Town 5 Marla Plot For Sale,0.63,"Bahria Town Phase 8 - Block L, Bahria Town Phase 8",https://www.zameen.com/Property/bahria_town_phase_8_bahria_town_phase_8_-_block_l_bahria_town_5_marla_plot_for_sale-54226871-3061-2.html,12,Rawalpindi,Bahria Town Phase 8 - Block L,5.0,33.4862,73.0874
17 Marla Corner Plot for Sale in Overseas 3 Bahria Town Phase 8 | Lake Garden | Extra Land Paid**,2.5,"Bahria Greens - Overseas Enclave - Sector 3, Bahria Greens - Overseas Enclave",https://www.zameen.com/Property/bahria_greens_overseas_enclave_bahria_greens_-_overseas_enclave_-_sector_3_17_marla_corner_plot_for_sale_in_overseas_3_bahria_town_phase_8_lake_garden_extra_land_paid-54648460-8302-2.html,12,Rawalpindi,Bahria Greens - Overseas Enclave - Sector 3,17.0,33.4735,73.091
**534 Sq. Yd Plot For Sale In A Block Bahria Town Phase 8 | Plot 523 | Possession & Utility Paid**,2.5,"Bahria Town Phase 8 - Block A, Bahria Town Phase 8",https://www.zameen.com/Property/bahria_town_phase_8_bahria_town_phase_8_-_block_a_534_sq_yd_plot_for_sale_in_a_block_bahria_town_phase_8_plot_523_possession_utility_paid-54648552-3049-2.html,12,Rawalpindi,Bahria Town Phase 8 - Block A,22.0,33.4862,73.0874
23 Marla Usman D Corner Plot For Sale,2.75,"Bahria Town Phase 8 - Usman D Block, Bahria Town Phase 8 - Safari Valley",https://www.zameen.com/Property/bahria_town_phase_8_safari_valley_bahria_town_phase_8_-_usman_d_block_23_marla_usman_d_corner_plot_for_sale-54720032-12179-2.html,12,Rawalpindi,Bahria Town Phase 8 - Usman D Block,24.0,33.4862,73.0874
C Block 10 Mala Plot For Sale,1.2,"Bahria Town Phase 8 - Block C, Bahria Town Phase 8",https://www.zameen.com/Property/bahria_town_phase_8_bahria_town_phase_8_-_block_c_c_block_10_mala_plot_for_sale-54777613-3051-2.html,12,Rawalpindi,Bahria Town Phase 8 - Block C,10.0,33.4862,73.0874
5 MARLA INVESTOR RATES PLOT AVAILABLE FOR SALE IN SECTOR A - ONLY CASH PAYMENT,0.35,"Saffron City, GT Road",https://www.zameen.com/Property/gt_road_saffron_city_5_marla_investor_rates_plot_available_for_sale_in_sector_a_-_only_cash_payment-54505126-21050-2.html,12,Rawalpindi,Saffron City,5.0,33.6520202,73.076983
Bahria Town Rwp/Isb Phase8 Safari Valley Usman Block 7Marla (30*55)Sized Residential Plot Available For Sale,0.9,"Bahria Town Phase 8 - Usman Block, Bahria Town Phase 8 - Safari Valley",https://www.zameen.com/Property/bahria_town_phase_8_safari_valley_bahria_town_phase_8_-_usman_block_bahria_town_rwp_isb_phase8_safari_valley_usman_block_7marla_30_55_sized_residential_plot_available_for_sale-54708077-3068-2.html,12,Rawalpindi,Bahria Town Phase 8 - Usman Block,7.0,33.4848621,73.096708
Bahria Town Rwp/Isb Phase8 P Block 1Kanal with Extra Land Plot Available For Sale,1.35,"Bahria Town Phase 8 - Block P, Bahria Town Phase 8",https://www.zameen.com/Property/bahria_town_phase_8_bahria_town_phase_8_-_block_p_bahria_town_rwp_isb_phase8_p_block_1kanal_with_extra_land_plot_available_for_sale-54708584-3065-2.html,12,Rawalpindi,Bahria Town Phase 8 - Block P,20.0,33.4862,73.0874
Bahria Town Rwp/Isb Phase8 L Block 7Marla (30*60)Sized Residential Plot Available For Sale,0.68,"Bahria Town Phase 8 - Block L, Bahria Town Phase 8",https://www.zameen.com/Property/bahria_town_phase_8_bahria_town_phase_8_-_block_l_bahria_town_rwp_isb_phase8_l_block_7marla_30_60_sized_residential_plot_available_for_sale-54708765-3061-2.html,12,Rawalpindi,Bahria Town Phase 8 - Block L,8.0,33.4862,73.0874
Residential Plot For Sale Is Readily Available In Prime Location Of Bahria Town Phase 8 - Sector F-2,1.0,"Bahria Town Phase 8 - Sector F-2, Bahria Town Phase 8",https://www.zameen.com/Property/bahria_town_phase_8_bahria_town_phase_8_-_sector_f-2_residential_plot_for_sale_is_readily_available_in_prime_location_of_bahria_town_phase_8_-_sector_f-2-54804792-8250-2.html,12,Rawalpindi,Bahria Town Phase 8 - Sector F-2,10.0,33.4855018,73.0971219
"Ideal 7 Marla Residential Plot Available In Bahria Town Phase 8 - Usman Block, Rawalpindi",0.98,"Bahria Town Phase 8 - Usman Block, Bahria Town Phase 8 - Safari Valley",https://www.zameen.com/Property/bahria_town_phase_8_safari_valley_bahria_town_phase_8_-_usman_block_ideal_7_marla_residential_plot_available_in_bahria_town_phase_8_-_usman_block_rawalpindi-54804791-3068-2.html,12,Rawalpindi,Bahria Town Phase 8 - Usman Block,7.0,33.4848621,73.096708
Residential Plot In Bahria Town Phase 8 - Block H For sale,0.94,"Bahria Town Phase 8 - Block H, Bahria Town Phase 8",https://www.zameen.com/Property/bahria_town_phase_8_bahria_town_phase_8_-_block_h_residential_plot_in_bahria_town_phase_8_-_block_h_for_sale-54804789-3056-2.html,12,Rawalpindi,Bahria Town Phase 8 - Block H,10.0,33.4862,73.0874
Get In Touch Now To Buy A 10 Marla Residential Plot In Rawalpindi,1.0,"Bahria Town Phase 8 - Block A, Bahria Town Phase 8",https://www.zameen.com/Property/bahria_town_phase_8_bahria_town_phase_8_-_block_a_get_in_touch_now_to_buy_a_10_marla_residential_plot_in_rawalpindi-54804787-3049-2.html,12,Rawalpindi,Bahria Town Phase 8 - Block A,10.0,33.4862,73.0874
"1 Kanal Residential Plot For Sale In Chaklala Scheme 3, Rawalpindi",7.0,"Chaklala Scheme 3, Chaklala Scheme",https://www.zameen.com/Property/chaklala_scheme_chaklala_scheme_3_1_kanal_residential_plot_for_sale_in_chaklala_scheme_3_rawalpindi-54804764-1312-2.html,12,Rawalpindi,Chaklala Scheme 3,20.0,33.5695006,73.0667911
"Investor Rate 10 Marla, Back Open, Plot For Sale in B Block, Phase 8, Bahria Town, Rawalpindi",1.07,"Bahria Town Phase 8 - Block B, Bahria Town Phase 8",https://www.zameen.com/Property/bahria_town_phase_8_bahria_town_phase_8_-_block_b_investor_rate_10_marla_back_open_plot_for_sale_in_b_block_phase_8_bahria_town_rawalpindi-54804761-3050-2.html,12,Rawalpindi,Bahria Town Phase 8 - Block B,10.0,33.4848621,73.096708
10 Marla Residential Plot Available For Sale In Bahria Town Phase 8 - Sector F-3,0.8,"Bahria Town Phase 8 - Sector F-3, Bahria Town Phase 8",https://www.zameen.com/Property/bahria_town_phase_8_bahria_town_phase_8_-_sector_f-3_10_marla_residential_plot_available_for_sale_in_bahria_town_phase_8_-_sector_f-3-54790112-8251-2.html,12,Rawalpindi,Bahria Town Phase 8 - Sector F-3,10.0,33.4855018,73.0971219
"Reasonably-Priced 7500 Square Feet Residential Plot In Bahria Hamlet, Rawalpindi Is Available As Of Now",3.8,"Bahria Hamlet, Bahria Town Phase 8",https://www.zameen.com/Property/bahria_town_phase_8_bahria_hamlet_reasonably-priced_7500_square_feet_residential_plot_in_bahria_hamlet_rawalpindi_is_available_as_of_now-54562881-10354-2.html,13,Rawalpindi,Bahria Hamlet,34.0,33.4891,73.1232
8 Marla Plot For Sale,0.97,"Bahria Town Phase 8 - Usman Block, Bahria Town Phase 8 - Safari Valley",https://www.zameen.com/Property/bahria_town_phase_8_safari_valley_bahria_town_phase_8_-_usman_block_8_marla_plot_for_sale-54774625-3068-2.html,13,Rawalpindi,Bahria Town Phase 8 - Usman Block,8.0,33.4848621,73.096708
10 Marla Plot For Sale In Top City-1 Islamabad,2.05,"Top City-1, Rawalpindi",https://www.zameen.com/Property/rawalpindi_top_city-1_10_marla_plot_for_sale_in_top_city-1_islamabad-53900658-10910-2.html,13,Rawalpindi,Top City-1,10.0,33.5763317,72.8692628
"High ROI Investment, 1250 Sq. Ft Secure, Ready for Possession, Prime Corner Plot, in Block-G, Top City-1 Islamabad.",0.6,"Top City-1, Rawalpindi",https://www.zameen.com/Property/rawalpindi_top_city-1_high_roi_investment_1250_sq_ft_secure_ready_for_possession_prime_corner_plot_in_block-g_top_city-1_islamabad-54029964-10910-2.html,13,Rawalpindi,Top City-1,5.0,33.5763317,72.8692628
Bahria Greens (Overseas Sector-6) 10 Marla Residential Plot Avaible For Sale,1.64,"Bahria Greens - Overseas Enclave - Sector 6, Bahria Greens - Overseas Enclave",https://www.zameen.com/Property/bahria_greens_overseas_enclave_bahria_greens_-_overseas_enclave_-_sector_6_bahria_greens_overseas_sector-6_10_marla_residential_plot_avaible_for_sale-54715037-8305-2.html,13,Rawalpindi,Bahria Greens - Overseas Enclave - Sector 6,10.0,33.4735,73.091
Bahria Town Rwp Phase 8 Club City Adjacent With I Block 2Kanal With Huge Extra Land Residential Plot Available For Sale,3.15,"Bahria Town Phase 8 - Club City, Bahria Town Phase 8",https://www.zameen.com/Property/bahria_town_phase_8_bahria_town_phase_8_-_club_city_bahria_town_rwp_phase_8_club_city_adjacent_with_i_block_2kanal_with_huge_extra_land_residential_plot_available_for_sale-54725794-12591-2.html,13,Rawalpindi,Bahria Town Phase 8 - Club City,40.0,33.4862,73.0874
Bahria Town Rwp/Isb Phase 8 L Block 10 Marla Residential Plot Availble For Sale,0.85,"Bahria Town Phase 8 - Block L, Bahria Town Phase 8",https://www.zameen.com/Property/bahria_town_phase_8_bahria_town_phase_8_-_block_l_bahria_town_rwp_isb_phase_8_l_block_10_marla_residential_plot_availble_for_sale-54716220-3061-2.html,13,Rawalpindi,Bahria Town Phase 8 - Block L,10.0,33.4862,73.0874
Bahria Town Rwp Phase8 Bahria Hamlet 2kanal with Huge Extra Land Plot Available For Sale,4.0,"Bahria Hamlet, Bahria Town Phase 8",https://www.zameen.com/Property/bahria_town_phase_8_bahria_hamlet_bahria_town_rwp_phase8_bahria_hamlet_2kanal_with_huge_extra_land_plot_available_for_sale-54726817-10354-2.html,13,Rawalpindi,Bahria Hamlet,40.0,33.4891,73.1232
Bahria Town Rwp/Isb Phase8 M Block 8Marla with 2Marla Extra Land Residential Plot Available For Sale,1.3,"Bahria Town Phase 8 - Block M, Bahria Town Phase 8",https://www.zameen.com/Property/bahria_town_phase_8_bahria_town_phase_8_-_block_m_bahria_town_rwp_isb_phase8_m_block_8marla_with_2marla_extra_land_residential_plot_available_for_sale-54745287-3062-2.html,13,Rawalpindi,Bahria Town Phase 8 - Block M,8.0,33.4862,73.0874
Buying A Residential Plot In Bahria Town Phase 8 - Sector F-3 Rawalpindi?,0.75,"Bahria Town Phase 8 - Sector F-3, Bahria Town Phase 8",https://www.zameen.com/Property/bahria_town_phase_8_bahria_town_phase_8_-_sector_f-3_buying_a_residential_plot_in_bahria_town_phase_8_-_sector_f-3_rawalpindi-54790114-8251-2.html,13,Rawalpindi,Bahria Town Phase 8 - Sector F-3,10.0,33.4855018,73.0971219
1 Kanal Plot for Sale in Bahria Town Islamabad Prime Investment Opportunity!,3.6,"Bahria Town Phase 5, Bahria Town Rawalpindi",https://www.zameen.com/Property/bahria_town_rawalpindi_bahria_town_phase_5_1_kanal_plot_for_sale_in_bahria_town_islamabad_prime_investment_opportunity-54804676-3045-2.html,13,Rawalpindi,Bahria Town Phase 5,20.0,33.5701202,73.1163357
18Marla Corner & Park Facing Near Fatima Masjid Residential Plot Availble in Bahria Town Phase7 Rwp/Isb,3.1,"Bahria Town Phase 7, Bahria Town Rawalpindi",https://www.zameen.com/Property/bahria_town_rawalpindi_bahria_town_phase_7_18marla_corner_park_facing_near_fatima_masjid_residential_plot_availble_in_bahria_town_phase7_rwp_isb-54678009-3047-2.html,13,Rawalpindi,Bahria Town Phase 7,18.0,33.5701202,73.1163357
Blue World City All Dues Clear 5 Marla Possession Plot Ready To Construction Near Serena Villas Near Road -4 Development Charges Paid Available For Sale,0.17,"Blue World City - Sector 1, Blue World City",https://www.zameen.com/Property/blue_world_city_blue_world_city_-_sector_1_blue_world_city_all_dues_clear_5_marla_possession_plot_ready_to_construction_near_serena_villas_near_road_-4_development_charges_paid_available_for_sale-47080843-17825-2.html,13,Rawalpindi,Blue World City - Sector 1,5.0,33.3644138,72.843123
Plots Available On Installments,0.31,"Blue World City, Chakri Road",https://www.zameen.com/Property/chakri_road_blue_world_city_plots_available_on_installments-54218916-11768-2.html,14,Rawalpindi,Blue World City,5.0,33.3674961,72.8668694
10 Marla Plot With Extra Land,1.15,"Bahria Town Phase 8 - Block H, Bahria Town Phase 8",https://www.zameen.com/Property/bahria_town_phase_8_bahria_town_phase_8_-_block_h_10_marla_plot_with_extra_land-54719704-3056-2.html,14,Rawalpindi,Bahria Town Phase 8 - Block H,10.0,33.4862,73.0874
10 Marla Plot With 11 Marla Extra Land,2.25,"Bahria Greens - Overseas Enclave - Sector 6, Bahria Greens - Overseas Enclave",https://www.zameen.com/Property/bahria_greens_overseas_enclave_bahria_greens_-_overseas_enclave_-_sector_6_10_marla_plot_with_11_marla_extra_land-54719739-8305-2.html,14,Rawalpindi,Bahria Greens - Overseas Enclave - Sector 6,20.0,33.4735,73.091
7 Marla Plot Is Available For Sale In Bahria Town Phase 8 Rawalpindi,1.05,"Bahria Town Phase 8 - Ali Block, Bahria Town Phase 8 - Safari Valley",https://www.zameen.com/Property/bahria_town_phase_8_safari_valley_bahria_town_phase_8_-_ali_block_7_marla_plot_is_available_for_sale_in_bahria_town_phase_8_rawalpindi-53782038-3070-2.html,14,Rawalpindi,Bahria Town Phase 8 - Ali Block,7.0,33.4862,73.0874
8 Marla Residential Plot Is Available For Sale Bahria Town Phase 8 Rawalpindi,0.35,"Bahria Town Phase 8, Bahria Town Rawalpindi",https://www.zameen.com/Property/bahria_town_rawalpindi_bahria_town_phase_8_8_marla_residential_plot_is_available_for_sale_bahria_town_phase_8_rawalpindi-48439436-3048-2.html,14,Rawalpindi,Bahria Town Phase 8,8.0,33.5012685,73.0872635
Capital Smart City Overseas East Block E 5 Marla Street 9 Sun Facing Near To Main Theme Park Solid Land Possession Able Plot Available For Sale,0.3,"Capital Smart City, Rawalpindi",https://www.zameen.com/Property/rawalpindi_capital_smart_city_capital_smart_city_overseas_east_block_e_5_marla_street_9_sun_facing_near_to_main_theme_park_solid_land_possession_able_plot_available_for_sale-54210071-11891-2.html,14,Rawalpindi,Capital Smart City,5.0,33.4407844,72.8587589
Get A 5 Marla Residential Plot For Sale In Capital Smart City,0.36,"Capital Smart City, Rawalpindi",https://www.zameen.com/Property/rawalpindi_capital_smart_city_get_a_5_marla_residential_plot_for_sale_in_capital_smart_city-54546746-11891-2.html,14,Rawalpindi,Capital Smart City,5.0,33.4407844,72.8587589
"1 Kanal Residential Plot For Sale Taj Residencia, Tulip Block",3.2,"Taj Residencia - Tulip Block, Taj Residencia",https://www.zameen.com/Property/taj_residencia_taj_residencia_-_tulip_block_1_kanal_residential_plot_for_sale_taj_residencia_tulip_block-54769300-19000-2.html,14,Rawalpindi,Taj Residencia - Tulip Block,20.0,33.5855,72.9348
Kanal Plot For Sale In Bahria Town Rawalpindi,4.99,"Bahria Town Phase 6, Bahria Town Rawalpindi",https://www.zameen.com/Property/bahria_town_rawalpindi_bahria_town_phase_6_kanal_plot_for_sale_in_bahria_town_rawalpindi-54737403-3046-2.html,14,Rawalpindi,Bahria Town Phase 6,26.0,33.5701202,73.1163357
Kanal Corner Plot For Sale In Phase 3 Bahria Town Rawalpindi,5.89,"Bahria Town Phase 3, Bahria Town Rawalpindi",https://www.zameen.com/Property/bahria_town_rawalpindi_bahria_town_phase_3_kanal_corner_plot_for_sale_in_phase_3_bahria_town_rawalpindi-54740106-3036-2.html,14,Rawalpindi,Bahria Town Phase 3,20.0,33.5701202,73.1163357
10 Marla Level Plot Passion Utility Paid,2.25,"Bahria Town Phase 2, Bahria Town Rawalpindi",https://www.zameen.com/Property/bahria_town_rawalpindi_bahria_town_phase_2_10_marla_level_plot_passion_utility_paid-47478558-3035-2.html,14,Rawalpindi,Bahria Town Phase 2,10.0,33.5701202,73.1163357
Airport housing socity sector4 5marla Residential plot For sale,0.93,"Airport Housing Society - Sector 4, Airport Housing Society",https://www.zameen.com/Property/airport_housing_society_airport_housing_society_-_sector_4_airport_housing_socity_sector4_5marla_residential_plot_for_sale-54802165-9155-2.html,14,Rawalpindi,Airport Housing Society - Sector 4,5.0,33.5941022,73.1307386
1 Kanal Plot Ready To Construct In Sector P Bahria Town Phase 8 .,1.5,"Bahria Town Phase 8 - Block P, Bahria Town Phase 8",https://www.zameen.com/Property/bahria_town_phase_8_bahria_town_phase_8_-_block_p_1_kanal_plot_ready_to_construct_in_sector_p_bahria_town_phase_8-54752888-3065-2.html,14,Rawalpindi,Bahria Town Phase 8 - Block P,20.0,33.4862,73.0874
Kanal Plot File Booking Available Only On 10% Down Payment,0.15,"Saffron City, GT Road",https://www.zameen.com/Property/gt_road_saffron_city_kanal_plot_file_booking_available_only_on_10_down_payment-54275228-21050-2.html,14,Rawalpindi,Saffron City,20.0,33.6520202,73.076983
2800 Square Feet Plot For Sale Best Location Northway Islamabad Leave Plot,0.95,"Airport Housing Society, Rawalpindi",https://www.zameen.com/Property/rawalpindi_airport_housing_society_2800_square_feet_plot_for_sale_best_location_northway_islamabad_leave_plot-52103302-426-2.html,14,Rawalpindi,Airport Housing Society,12.4,33.5941022,73.1307386
5 Marla Corner Plot For Sale Best Location Northway Islamabad,0.4,"Airport Housing Society, Rawalpindi",https://www.zameen.com/Property/rawalpindi_airport_housing_society_5_marla_corner_plot_for_sale_best_location_northway_islamabad-52576248-426-2.html,14,Rawalpindi,Airport Housing Society,5.6,33.5941022,73.1307386
plot for sell beslaction nerhyway islamabad,4.5,"Judicial Colony, Rawalpindi",https://www.zameen.com/Property/rawalpindi_judicial_colony_plot_for_sell_beslaction_nerhyway_islamabad-54428938-1266-2.html,14,Rawalpindi,Judicial Colony,20.0,33.5952136,73.1352538
6 Marla Best Location Plot For Sale,1.0,"Airport Housing Society, Rawalpindi",https://www.zameen.com/Property/rawalpindi_airport_housing_society_6_marla_best_location_plot_for_sale-54651997-426-2.html,14,Rawalpindi,Airport Housing Society,6.7,33.5941022,73.1307386
1 Kanal Boulevard Corner All Dues Clear Prime Location,6.5,"Bahria Town Phase 2, Bahria Town Rawalpindi",https://www.zameen.com/Property/bahria_town_rawalpindi_bahria_town_phase_2_1_kanal_boulevard_corner_all_dues_clear_prime_location-45301847-3035-2.html,15,Rawalpindi,Bahria Town Phase 2,20.0,33.5701202,73.1163357
10 Marla Prime Location Level Plot Passion Utility Charges Paid,2.3,"Bahria Town Phase 2, Bahria Town Rawalpindi",https://www.zameen.com/Property/bahria_town_rawalpindi_bahria_town_phase_2_10_marla_prime_location_level_plot_passion_utility_charges_paid-47478438-3035-2.html,15,Rawalpindi,Bahria Town Phase 2,10.0,33.5701202,73.1163357
KANAL BOULEVARD CORNER LEVEL PLOT,6.5,"Bahria Town Phase 2, Bahria Town Rawalpindi",https://www.zameen.com/Property/bahria_town_rawalpindi_bahria_town_phase_2_kanal_boulevard_corner_level_plot-53194436-3035-2.html,15,Rawalpindi,Bahria Town Phase 2,20.0,33.5701202,73.1163357
Kanal Corner With 6 Marla Extra Land Paid,4.15,"Bahria Town Phase 1, Bahria Town Rawalpindi",https://www.zameen.com/Property/bahria_town_rawalpindi_bahria_town_phase_1_kanal_corner_with_6_marla_extra_land_paid-53314977-3033-2.html,15,Rawalpindi,Bahria Town Phase 1,26.0,33.5701202,73.1163357
CORNER SUN FACE PRIME LOCATION LEVEL PLOT,2.9,"Bahria Town Phase 5, Bahria Town Rawalpindi",https://www.zameen.com/Property/bahria_town_rawalpindi_bahria_town_phase_5_corner_sun_face_prime_location_level_plot-54020198-3045-2.html,15,Rawalpindi,Bahria Town Phase 5,10.0,33.5701202,73.1163357
10 Marla Prime Location Street 15,1.15,"Bahria Town Phase 8 - Sector F-1, Bahria Town Phase 8",https://www.zameen.com/Property/bahria_town_phase_8_bahria_town_phase_8_-_sector_f-1_10_marla_prime_location_street_15-54035210-3095-2.html,15,Rawalpindi,Bahria Town Phase 8 - Sector F-1,10.0,33.4855018,73.0971219
1 Kanal Boulevard Corner Plot,3.5,"Bahria Town Phase 3, Bahria Town Rawalpindi",https://www.zameen.com/Property/bahria_town_rawalpindi_bahria_town_phase_3_1_kanal_boulevard_corner_plot-54418617-3036-2.html,15,Rawalpindi,Bahria Town Phase 3,20.0,33.5701202,73.1163357
10 Marla Plot For Sale In Bahria Town Rawalpindi,2.25,"Bahria Town Phase 2, Bahria Town Rawalpindi",https://www.zameen.com/Property/bahria_town_rawalpindi_bahria_town_phase_2_10_marla_plot_for_sale_in_bahria_town_rawalpindi-54783790-3035-2.html,15,Rawalpindi,Bahria Town Phase 2,10.0,33.5701202,73.1163357
Kanal corner plot for sale in bahria town Rawalpindi,5.99,"Bahria Town Phase 4, Bahria Town Rawalpindi",https://www.zameen.com/Property/bahria_town_rawalpindi_bahria_town_phase_4_kanal_corner_plot_for_sale_in_bahria_town_rawalpindi-54783863-3041-2.html,15,Rawalpindi,Bahria Town Phase 4,20.0,33.5701202,73.1163357
10 Marla Plot For Sale in Sector F1 - Bahria Town Phase VIII,0.98,"Bahria Town Phase 8 - Sector F-1, Bahria Town Phase 8",https://www.zameen.com/Property/bahria_town_phase_8_bahria_town_phase_8_-_sector_f-1_10_marla_plot_for_sale_in_sector_f1_-_bahria_town_phase_viii-54495636-3095-2.html,15,Rawalpindi,Bahria Town Phase 8 - Sector F-1,10.0,33.4855018,73.0971219
10 Marla Plot Near Park & Mosque,1.35,"Bahria Town Phase 8 - Block E, Bahria Town Phase 8",https://www.zameen.com/Property/bahria_town_phase_8_bahria_town_phase_8_-_block_e_10_marla_plot_near_park_mosque-53133426-3053-2.html,15,Rawalpindi,Bahria Town Phase 8 - Block E,10.0,33.4862,73.0874
Heighted Back Open Plot Near Dua Chowk,2.95,"Bahria Greens - Overseas Enclave - Sector 5, Bahria Greens - Overseas Enclave",https://www.zameen.com/Property/bahria_greens_overseas_enclave_bahria_greens_-_overseas_enclave_-_sector_5_heighted_back_open_plot_near_dua_chowk-54058488-8304-2.html,15,Rawalpindi,Bahria Greens - Overseas Enclave - Sector 5,20.0,33.4735,73.091
20 Marla Spacious Residential Plot Available In Bahria Town Phase 8 - Sector F-4 For sale,1.25,"Bahria Town Phase 8 - Sector F-4, Bahria Town Phase 8",https://www.zameen.com/Property/bahria_town_phase_8_bahria_town_phase_8_-_sector_f-4_20_marla_spacious_residential_plot_available_in_bahria_town_phase_8_-_sector_f-4_for_sale-54751303-8252-2.html,15,Rawalpindi,Bahria Town Phase 8 - Sector F-4,20.0,33.4855018,73.0971219
Centrally Located On Excellent Location Residential Plot Available In Bahria Town Phase 8 - Block B For sale,1.0,"Bahria Town Phase 8 - Block B, Bahria Town Phase 8",https://www.zameen.com/Property/bahria_town_phase_8_bahria_town_phase_8_-_block_b_centrally_located_on_excellent_location_residential_plot_available_in_bahria_town_phase_8_-_block_b_for_sale-54017396-3050-2.html,15,Rawalpindi,Bahria Town Phase 8 - Block B,10.0,33.4848621,73.096708
On Excellent Location 1 Kanal Residential Plot In Bahria Town Phase 8 - Block A For sale,1.6,"Bahria Town Phase 8 - Block A, Bahria Town Phase 8",https://www.zameen.com/Property/bahria_town_phase_8_bahria_town_phase_8_-_block_a_on_excellent_location_1_kanal_residential_plot_in_bahria_town_phase_8_-_block_a_for_sale-54017397-3049-2.html,15,Rawalpindi,Bahria Town Phase 8 - Block A,20.0,33.4862,73.0874
Reserve A Centrally Located On Excellent Location Residential Plot Of 5 Marla In Bahria Town Phase 8 - Rafi Block,0.75,"Bahria Town Phase 8 - Rafi Block, Bahria Town Phase 8",https://www.zameen.com/Property/bahria_town_phase_8_bahria_town_phase_8_-_rafi_block_reserve_a_centrally_located_on_excellent_location_residential_plot_of_5_marla_in_bahria_town_phase_8_-_rafi_block-54017399-3071-2.html,15,Rawalpindi,Bahria Town Phase 8 - Rafi Block,5.0,33.4862,73.0874
Spacious On Excellent Location Residential Plot Is Available In Bahria Town Phase 8 - Ali Block For sale,0.85,"Bahria Town Phase 8 - Ali Block, Bahria Town Phase 8 - Safari Valley",https://www.zameen.com/Property/bahria_town_phase_8_safari_valley_bahria_town_phase_8_-_ali_block_spacious_on_excellent_location_residential_plot_is_available_in_bahria_town_phase_8_-_ali_block_for_sale-54017391-3070-2.html,15,Rawalpindi,Bahria Town Phase 8 - Ali Block,7.0,33.4862,73.0874
"1 Kanal Solid & Level, St Park Facing Plot at very Prime Location",1.35,"Bahria Town Phase 8 - Block P, Bahria Town Phase 8",https://www.zameen.com/Property/bahria_town_phase_8_bahria_town_phase_8_-_block_p_1_kanal_solid_level_st_park_facing_plot_at_very_prime_location-54697497-3065-2.html,15,Rawalpindi,Bahria Town Phase 8 - Block P,20.0,33.4862,73.0874
1 Kanal Residential Plot For Sale Near Park,6.3,"Chaklala Scheme 3, Chaklala Scheme",https://www.zameen.com/Property/chaklala_scheme_chaklala_scheme_3_1_kanal_residential_plot_for_sale_near_park-54524553-1312-2.html,15,Rawalpindi,Chaklala Scheme 3,20.0,33.5695006,73.0667911
10 Marla Plot For Sale In Bahria Town Phese 5,2.1,"Bahria Town Phase 5, Bahria Town Rawalpindi",https://www.zameen.com/Property/bahria_town_rawalpindi_bahria_town_phase_5_10_marla_plot_for_sale_in_bahria_town_phese_5-53934777-3045-2.html,15,Rawalpindi,Bahria Town Phase 5,10.0,33.5701202,73.1163357
10 Marla Plot For Sale In Bahria Town Ph5,2.1,"Bahria Town Phase 5, Bahria Town Rawalpindi",https://www.zameen.com/Property/bahria_town_rawalpindi_bahria_town_phase_5_10_marla_plot_for_sale_in_bahria_town_ph5-54504926-3045-2.html,15,Rawalpindi,Bahria Town Phase 5,10.0,33.5701202,73.1163357
1 Kanal Plot For Sale In Bahria Town Phase 1 Rwp,2.0,"Bahria Town Phase 1, Bahria Town Rawalpindi",https://www.zameen.com/Property/bahria_town_rawalpindi_bahria_town_phase_1_1_kanal_plot_for_sale_in_bahria_town_phase_1_rwp-54719867-3033-2.html,16,Rawalpindi,Bahria Town Phase 1,20.0,33.5701202,73.1163357
Plot For Sale In DHA 6,1.2,"Bahria Town Phase 7, Bahria Town Rawalpindi",https://www.zameen.com/Property/bahria_town_rawalpindi_bahria_town_phase_7_plot_for_sale_in_dha_6-54707936-3047-2.html,16,Rawalpindi,Bahria Town Phase 7,20.0,33.5701202,73.1163357
Ideal Residential Plot In Capital Smart City Available For Rs. 6600000,0.66,"Capital Smart City, Rawalpindi",https://www.zameen.com/Property/rawalpindi_capital_smart_city_ideal_residential_plot_in_capital_smart_city_available_for_rs_6600000-54481074-11891-2.html,16,Rawalpindi,Capital Smart City,10.0,33.4407844,72.8587589
Corner Extra Land Top Height Scenic Views Plot,6.0,"Bahria Hamlet, Bahria Town Phase 8",https://www.zameen.com/Property/bahria_town_phase_8_bahria_hamlet_corner_extra_land_top_height_scenic_views_plot-54769392-10354-2.html,16,Rawalpindi,Bahria Hamlet,40.0,33.4891,73.1232
10 Marla Corner Plot For Sale In Phase 3 Bahria Town Rawalpindi,1.99,"Bahria Town Phase 3, Bahria Town Rawalpindi",https://www.zameen.com/Property/bahria_town_rawalpindi_bahria_town_phase_3_10_marla_corner_plot_for_sale_in_phase_3_bahria_town_rawalpindi-54463490-3036-2.html,16,Rawalpindi,Bahria Town Phase 3,10.0,33.5701202,73.1163357
Kanal Corner Plot For Sale In Phase 1 Bahria Town Rawalpindi,4.5,"Bahria Town Phase 1, Bahria Town Rawalpindi",https://www.zameen.com/Property/bahria_town_rawalpindi_bahria_town_phase_1_kanal_corner_plot_for_sale_in_phase_1_bahria_town_rawalpindi-54689530-3033-2.html,16,Rawalpindi,Bahria Town Phase 1,26.0,33.5701202,73.1163357
Kanal Boulevard And Corner Plot For Sale In Phase 2 Bahria Town Rawalpindi,6.49,"Bahria Town Phase 2, Bahria Town Rawalpindi",https://www.zameen.com/Property/bahria_town_rawalpindi_bahria_town_phase_2_kanal_boulevard_and_corner_plot_for_sale_in_phase_2_bahria_town_rawalpindi-54689573-3035-2.html,16,Rawalpindi,Bahria Town Phase 2,20.0,33.5701202,73.1163357
"On Excellent Location Residential Plot Of 1 Kanal Is Available For sale In Bahria Greens - Overseas Enclave - Sector 1, Rawalpindi",2.7,"Bahria Greens - Overseas Enclave - Sector 1, Bahria Greens - Overseas Enclave",https://www.zameen.com/Property/bahria_greens_overseas_enclave_bahria_greens_-_overseas_enclave_-_sector_1_on_excellent_location_residential_plot_of_1_kanal_is_available_for_sale_in_bahria_greens_-_overseas_enclave_-_sector_1_rawalpindi-54017390-8300-2.html,16,Rawalpindi,Bahria Greens - Overseas Enclave - Sector 1,20.0,33.4735,73.091
Get An Attractive On Excellent Location Residential Plot In Rawalpindi Under Rs. 8000000,0.8,"Bahria Town Phase 8 - Block M, Bahria Town Phase 8",https://www.zameen.com/Property/bahria_town_phase_8_bahria_town_phase_8_-_block_m_get_an_attractive_on_excellent_location_residential_plot_in_rawalpindi_under_rs_8000000-54017388-3062-2.html,16,Rawalpindi,Bahria Town Phase 8 - Block M,5.0,33.4862,73.0874
A Spacious On Excellent Location 10 Marla Residential Plot In Bahria Town Phase 8 - Block A,0.8,"Bahria Town Phase 8 - Block A, Bahria Town Phase 8",https://www.zameen.com/Property/bahria_town_phase_8_bahria_town_phase_8_-_block_a_a_spacious_on_excellent_location_10_marla_residential_plot_in_bahria_town_phase_8_-_block_a-54017389-3049-2.html,16,Rawalpindi,Bahria Town Phase 8 - Block A,10.0,33.4862,73.0874
On Excellent Location Residential Plot Of 1 Kanal In Bahria Greens - Overseas Enclave - Sector 3 For sale,2.5,"Bahria Greens - Overseas Enclave - Sector 3, Bahria Greens - Overseas Enclave",https://www.zameen.com/Property/bahria_greens_overseas_enclave_bahria_greens_-_overseas_enclave_-_sector_3_on_excellent_location_residential_plot_of_1_kanal_in_bahria_greens_-_overseas_enclave_-_sector_3_for_sale-54017401-8302-2.html,16,Rawalpindi,Bahria Greens - Overseas Enclave - Sector 3,20.0,33.4735,73.091
Centrally Located On Excellent Location Residential Plot In Bahria Town Phase 8 - Umer Block Is Available For sale,0.75,"Bahria Town Phase 8 - Umer Block, Bahria Town Phase 8 - Safari Valley",https://www.zameen.com/Property/bahria_town_phase_8_safari_valley_bahria_town_phase_8_-_umer_block_centrally_located_on_excellent_location_residential_plot_in_bahria_town_phase_8_-_umer_block_is_available_for_sale-54017404-3067-2.html,16,Rawalpindi,Bahria Town Phase 8 - Umer Block,7.0,33.4862,73.0874
Plot No 1645 Top Heighted Plot,1.7,"Bahria Greens - Overseas Enclave - Sector 5, Bahria Greens - Overseas Enclave",https://www.zameen.com/Property/bahria_greens_overseas_enclave_bahria_greens_-_overseas_enclave_-_sector_5_plot_no_1645_top_heighted_plot-54452103-8304-2.html,16,Rawalpindi,Bahria Greens - Overseas Enclave - Sector 5,10.0,33.4735,73.091
Map Possession Utility All Charges Paid,1.65,"Bahria Greens - Overseas Enclave - Sector 5, Bahria Greens - Overseas Enclave",https://www.zameen.com/Property/bahria_greens_overseas_enclave_bahria_greens_-_overseas_enclave_-_sector_5_map_possession_utility_all_charges_paid-54523997-8304-2.html,16,Rawalpindi,Bahria Greens - Overseas Enclave - Sector 5,10.0,33.4735,73.091
Corner plot with huge front For Sale,1.45,"Bahria Town Phase 8 - Block I, Bahria Town Phase 8",https://www.zameen.com/Property/bahria_town_phase_8_bahria_town_phase_8_-_block_i_corner_plot_with_huge_front_for_sale-54447750-3057-2.html,16,Rawalpindi,Bahria Town Phase 8 - Block I,16.0,33.4862,73.0874
1700 Series Sale As A Investor Rate,1.25,"Bahria Town Phase 7, Bahria Town Rawalpindi",https://www.zameen.com/Property/bahria_town_rawalpindi_bahria_town_phase_7_1700_series_sale_as_a_investor_rate-54637479-3047-2.html,16,Rawalpindi,Bahria Town Phase 7,14.0,33.5701202,73.1163357
Blvd Front Back Open Forever Plot For Sale,0.87,"Bahria Town Phase 8 - Block M, Bahria Town Phase 8",https://www.zameen.com/Property/bahria_town_phase_8_bahria_town_phase_8_-_block_m_blvd_front_back_open_forever_plot_for_sale-54447718-3062-2.html,16,Rawalpindi,Bahria Town Phase 8 - Block M,5.0,33.4862,73.0874
5 Marla Plot Ready For Construction,0.5,"Rose Garden, Bahria Town Phase 8",https://www.zameen.com/Property/bahria_town_phase_8_rose_garden_5_marla_plot_ready_for_construction-54452149-12363-2.html,16,Rawalpindi,Rose Garden,5.0,33.5874801,73.0857514
Plot For Sale Near To Mosque And Business District,1.5,"Bahria Town Phase 8 - Block B, Bahria Town Phase 8",https://www.zameen.com/Property/bahria_town_phase_8_bahria_town_phase_8_-_block_b_plot_for_sale_near_to_mosque_and_business_district-54523816-3050-2.html,16,Rawalpindi,Bahria Town Phase 8 - Block B,10.0,33.4848621,73.096708
Kanal Corner Plot For Sale In Phase 2 Bahria Town Rawalpindi,6.5,"Bahria Town Phase 2, Bahria Town Rawalpindi",https://www.zameen.com/Property/bahria_town_rawalpindi_bahria_town_phase_2_kanal_corner_plot_for_sale_in_phase_2_bahria_town_rawalpindi-54689548-3035-2.html,17,Rawalpindi,Bahria Town Phase 2,20.0,33.5701202,73.1163357
10 Marla Corner Plot For Sale In Phase 5 Bahria Town Rawalpindi,2.79,"Bahria Town Phase 5, Bahria Town Rawalpindi",https://www.zameen.com/Property/bahria_town_rawalpindi_bahria_town_phase_5_10_marla_corner_plot_for_sale_in_phase_5_bahria_town_rawalpindi-54723764-3045-2.html,17,Rawalpindi,Bahria Town Phase 5,10.0,33.5701202,73.1163357
Extra Land Plot For Sale In Phase 3 Bahria Town Rawalpindi,5.14,"Bahria Town Phase 3, Bahria Town Rawalpindi",https://www.zameen.com/Property/bahria_town_rawalpindi_bahria_town_phase_3_extra_land_plot_for_sale_in_phase_3_bahria_town_rawalpindi-54723665-3036-2.html,17,Rawalpindi,Bahria Town Phase 3,30.0,33.5701202,73.1163357
5 Marla pair plot ali block Is Available For Sale In Bahria Town Phase 8 Rawalpindi,0.68,"Bahria Town Phase 8, Bahria Town Rawalpindi",https://www.zameen.com/Property/bahria_town_rawalpindi_bahria_town_phase_8_5_marla_pair_plot_ali_block_is_available_for_sale_in_bahria_town_phase_8_rawalpindi-53682685-3048-2.html,17,Rawalpindi,Bahria Town Phase 8,5.0,33.5012685,73.0872635
5 Marla Residencial Plot Is Available On 22% Discounted Pre- Launch Rate For Sale On Installments In Capital Smart City Phase 3,0.23,"Capital Smart City, Rawalpindi",https://www.zameen.com/Property/rawalpindi_capital_smart_city_5_marla_residencial_plot_is_available_on_22_discounted_pre-_launch_rate_for_sale_on_installments_in_capital_smart_city_phase_3-53012780-11891-2.html,17,Rawalpindi,Capital Smart City,5.0,33.4407844,72.8587589
Fair-Priced 10 Marla Residential Plot Available In Capital Smart City,0.65,"Capital Smart City, Rawalpindi",https://www.zameen.com/Property/rawalpindi_capital_smart_city_fair-priced_10_marla_residential_plot_available_in_capital_smart_city-54546739-11891-2.html,17,Rawalpindi,Capital Smart City,10.0,33.4407844,72.8587589
11 Marla 3570 Most Premium Plot Map Utility Possession Paid Level,2.85,"Bahria Town Phase 2, Bahria Town Rawalpindi",https://www.zameen.com/Property/bahria_town_rawalpindi_bahria_town_phase_2_11_marla_3570_most_premium_plot_map_utility_possession_paid_level-48026958-3035-2.html,17,Rawalpindi,Bahria Town Phase 2,10.0,33.5701202,73.1163357
A Perfect On Excellent Location Residential Plot Awaits You In Bahria Town Phase 8 - Usman Block Rawalpindi,0.75,"Bahria Town Phase 8 - Usman Block, Bahria Town Phase 8 - Safari Valley",https://www.zameen.com/Property/bahria_town_phase_8_safari_valley_bahria_town_phase_8_-_usman_block_a_perfect_on_excellent_location_residential_plot_awaits_you_in_bahria_town_phase_8_-_usman_block_rawalpindi-54786175-3068-2.html,17,Rawalpindi,Bahria Town Phase 8 - Usman Block,7.0,33.4848621,73.096708
Plot For Sale In Defiance Road,0.65,"Adiala Road, Rawalpindi",https://www.zameen.com/Property/rawalpindi_adiala_road_plot_for_sale_in_defiance_road-54800278-478-2.html,17,Rawalpindi,Adiala Road,7.0,33.5778124,73.0650131
Very Beautiful Residential Plot For Sale,1.09,"Punjab Government Servant Housing Foundation (PGSHF), Rawalpindi",https://www.zameen.com/Property/rawalpindi_punjab_government_servant_housing_foundation_pgshf_very_beautiful_residential_plot_for_sale-54738539-10424-2.html,17,Rawalpindi,Punjab Government Servant Housing Foundation (PGSHF),10.0,33.4542,72.9515
Very Beautiful Residential Plot For Sale,0.95,"Punjab Government Servant Housing Foundation (PGSHF), Rawalpindi",https://www.zameen.com/Property/rawalpindi_punjab_government_servant_housing_foundation_pgshf_very_beautiful_residential_plot_for_sale-54688439-10424-2.html,17,Rawalpindi,Punjab Government Servant Housing Foundation (PGSHF),10.0,33.4542,72.9515
In Bahria Town Phase 8 - Block L 8 Marla Residential Plot For sale,0.7,"Bahria Town Phase 8 - Block L, Bahria Town Phase 8",https://www.zameen.com/Property/bahria_town_phase_8_bahria_town_phase_8_-_block_l_in_bahria_town_phase_8_-_block_l_8_marla_residential_plot_for_sale-54714953-3061-2.html,17,Rawalpindi,Bahria Town Phase 8 - Block L,8.0,33.4862,73.0874
Ideal Residential Plot For Sale In Bahria Town Phase 8 - Block L,0.75,"Bahria Town Phase 8 - Block L, Bahria Town Phase 8",https://www.zameen.com/Property/bahria_town_phase_8_bahria_town_phase_8_-_block_l_ideal_residential_plot_for_sale_in_bahria_town_phase_8_-_block_l-54714951-3061-2.html,17,Rawalpindi,Bahria Town Phase 8 - Block L,10.0,33.4862,73.0874
Corner Plot With 40 Feet Front,1.22,"Bahria Town Phase 8 - Umer Block, Bahria Town Phase 8 - Safari Valley",https://www.zameen.com/Property/bahria_town_phase_8_safari_valley_bahria_town_phase_8_-_umer_block_corner_plot_with_40_feet_front-54629754-3067-2.html,17,Rawalpindi,Bahria Town Phase 8 - Umer Block,10.0,33.4862,73.0874
18 Marla Plot With Huge Front Plot No 810,1.35,"Bahria Town Phase 8 - Block A, Bahria Town Phase 8",https://www.zameen.com/Property/bahria_town_phase_8_bahria_town_phase_8_-_block_a_18_marla_plot_with_huge_front_plot_no_810-54637443-3049-2.html,17,Rawalpindi,Bahria Town Phase 8 - Block A,18.0,33.4862,73.0874
Plot No Solid Land 13 Marla Plot Extraland Not Paid,0.95,"Bahria Town Phase 8 - Block A, Bahria Town Phase 8",https://www.zameen.com/Property/bahria_town_phase_8_bahria_town_phase_8_-_block_a_plot_no_solid_land_13_marla_plot_extraland_not_paid-54649846-3049-2.html,17,Rawalpindi,Bahria Town Phase 8 - Block A,13.0,33.4862,73.0874
Plot no 797 For Sale,0.85,"Bahria Town Phase 8 - Block A, Bahria Town Phase 8",https://www.zameen.com/Property/bahria_town_phase_8_bahria_town_phase_8_-_block_a_plot_no_797_for_sale-54649938-3049-2.html,17,Rawalpindi,Bahria Town Phase 8 - Block A,10.0,33.4862,73.0874
8 Marla Residential Plot Is Available In Bahria Town Phase 8 - Block L,0.66,"Bahria Town Phase 8 - Block L, Bahria Town Phase 8",https://www.zameen.com/Property/bahria_town_phase_8_bahria_town_phase_8_-_block_l_8_marla_residential_plot_is_available_in_bahria_town_phase_8_-_block_l-54714952-3061-2.html,17,Rawalpindi,Bahria Town Phase 8 - Block L,8.0,33.4862,73.0874
Residential Plot For Grabs In 10 Marla Rawalpindi,0.72,"Bahria Town Phase 8 - Block L, Bahria Town Phase 8",https://www.zameen.com/Property/bahria_town_phase_8_bahria_town_phase_8_-_block_l_residential_plot_for_grabs_in_10_marla_rawalpindi-54714949-3061-2.html,17,Rawalpindi,Bahria Town Phase 8 - Block L,10.0,33.4862,73.0874
Plot With Possession For Sale,0.74,"Bahria Town Phase 8 - Block M, Bahria Town Phase 8",https://www.zameen.com/Property/bahria_town_phase_8_bahria_town_phase_8_-_block_m_plot_with_possession_for_sale-54685498-3062-2.html,18,Rawalpindi,Bahria Town Phase 8 - Block M,5.0,33.4862,73.0874
1 Kanal Plot With Possession,1.3,"Bahria Town Phase 8 - Sector F-4, Bahria Town Phase 8",https://www.zameen.com/Property/bahria_town_phase_8_bahria_town_phase_8_-_sector_f-4_1_kanal_plot_with_possession-54699164-8252-2.html,18,Rawalpindi,Bahria Town Phase 8 - Sector F-4,20.0,33.4855018,73.0971219
Kanal Plot For Sale In Bahria Town Rawalpindi,3.95,"Bahria Town Phase 3, Bahria Town Rawalpindi",https://www.zameen.com/Property/bahria_town_rawalpindi_bahria_town_phase_3_kanal_plot_for_sale_in_bahria_town_rawalpindi-54740051-3036-2.html,18,Rawalpindi,Bahria Town Phase 3,20.0,33.5701202,73.1163357
Kanal Corner Plot For Sale In Phase 3 Bahria Town Rawalpindi,3.69,"Bahria Town Phase 3, Bahria Town Rawalpindi",https://www.zameen.com/Property/bahria_town_rawalpindi_bahria_town_phase_3_kanal_corner_plot_for_sale_in_phase_3_bahria_town_rawalpindi-54740062-3036-2.html,18,Rawalpindi,Bahria Town Phase 3,20.0,33.5701202,73.1163357
Kanal Boulevard Plot For Sale In Phase 3 Bahria Town Rawalpindi,4.74,"Bahria Town Phase 3, Bahria Town Rawalpindi",https://www.zameen.com/Property/bahria_town_rawalpindi_bahria_town_phase_3_kanal_boulevard_plot_for_sale_in_phase_3_bahria_town_rawalpindi-54740082-3036-2.html,18,Rawalpindi,Bahria Town Phase 3,20.0,33.5701202,73.1163357
Kanal Plot For Sale In Phase 3 Bahria Town Rawalpindi,3.69,"Bahria Town Phase 3, Bahria Town Rawalpindi",https://www.zameen.com/Property/bahria_town_rawalpindi_bahria_town_phase_3_kanal_plot_for_sale_in_phase_3_bahria_town_rawalpindi-54740089-3036-2.html,18,Rawalpindi,Bahria Town Phase 3,20.0,33.5701202,73.1163357
1 Kanal Top Location Plot Available For Sale In Bahria Town Phase 3,4.0,"Bahria Town Phase 3, Bahria Town Rawalpindi",https://www.zameen.com/Property/bahria_town_rawalpindi_bahria_town_phase_3_1_kanal_top_location_plot_available_for_sale_in_bahria_town_phase_3-54420390-3036-2.html,18,Rawalpindi,Bahria Town Phase 3,20.0,33.5701202,73.1163357
10marla park face plot available for sale bahria town,3.6,"Bahria Town Phase 2, Bahria Town Rawalpindi",https://www.zameen.com/Property/bahria_town_rawalpindi_bahria_town_phase_2_10marla_park_face_plot_available_for_sale_bahria_town-54441927-3035-2.html,18,Rawalpindi,Bahria Town Phase 2,10.0,33.5701202,73.1163357
"Plot for Sale Punjsarki, Near Saddar Rawalpindi 120 feet wide road Main Sarwar Road",22.0,"Saddar, Rawalpindi",https://www.zameen.com/Property/rawalpindi_saddar_plot_for_sale_punjsarki_near_saddar_rawalpindi_120_feet_wide_road_main_sarwar_road-53595382-717-2.html,18,Rawalpindi,Saddar,40.0,33.5978846,73.050101
15 Marla A Category Builders Choice,1.3,"Bahria Town Phase 8 - Block G, Bahria Town Phase 8",https://www.zameen.com/Property/bahria_town_phase_8_bahria_town_phase_8_-_block_g_15_marla_a_category_builders_choice-54757728-3055-2.html,18,Rawalpindi,Bahria Town Phase 8 - Block G,15.0,33.4862,73.0874
Extra Land Plot On Top Height Location Scenic Views,0.85,"Bahria Town Phase 8 - Block G, Bahria Town Phase 8",https://www.zameen.com/Property/bahria_town_phase_8_bahria_town_phase_8_-_block_g_extra_land_plot_on_top_height_location_scenic_views-54757421-3055-2.html,18,Rawalpindi,Bahria Town Phase 8 - Block G,12.0,33.4862,73.0874
Very Beautiful Residential Plot For Sale,0.98,"Punjab Government Servant Housing Foundation (PGSHF), Rawalpindi",https://www.zameen.com/Property/rawalpindi_punjab_government_servant_housing_foundation_pgshf_very_beautiful_residential_plot_for_sale-54738554-10424-2.html,18,Rawalpindi,Punjab Government Servant Housing Foundation (PGSHF),7.0,33.4542,72.9515
Premium 31 Marla Residential Plot Is Available For sale In Rawalpindi,3.0,"Bahria Hamlet, Bahria Town Phase 8",https://www.zameen.com/Property/bahria_town_phase_8_bahria_hamlet_premium_31_marla_residential_plot_is_available_for_sale_in_rawalpindi-54688821-10354-2.html,18,Rawalpindi,Bahria Hamlet,32.0,33.4891,73.1232
Residential Plot Of 10 Marla Is Available For sale In Bahria Town Phase 8 - Block E,1.35,"Bahria Town Phase 8 - Block E, Bahria Town Phase 8",https://www.zameen.com/Property/bahria_town_phase_8_bahria_town_phase_8_-_block_e_residential_plot_of_10_marla_is_available_for_sale_in_bahria_town_phase_8_-_block_e-54780395-3053-2.html,18,Rawalpindi,Bahria Town Phase 8 - Block E,10.0,33.4862,73.0874
8 Marla Corner Plot For Sale In L Block Phase 8,0.76,"Bahria Town Phase 8 - Block L, Bahria Town Phase 8",https://www.zameen.com/Property/bahria_town_phase_8_bahria_town_phase_8_-_block_l_8_marla_corner_plot_for_sale_in_l_block_phase_8-54708390-3061-2.html,18,Rawalpindi,Bahria Town Phase 8 - Block L,8.0,33.4862,73.0874
Stunning Residential Plot Is Available For sale In Bahria Greens - Overseas Enclave - Sector 2,1.5,"Bahria Greens - Overseas Enclave - Sector 2, Bahria Greens - Overseas Enclave",https://www.zameen.com/Property/bahria_greens_overseas_enclave_bahria_greens_-_overseas_enclave_-_sector_2_stunning_residential_plot_is_available_for_sale_in_bahria_greens_-_overseas_enclave_-_sector_2-54758074-8301-2.html,18,Rawalpindi,Bahria Greens - Overseas Enclave - Sector 2,10.0,33.4735,73.091
Highly-Desirable Residential Plot Available In Bahria Greens - Overseas Enclave - Sector 3 For sale,1.6,"Bahria Greens - Overseas Enclave - Sector 3, Bahria Greens - Overseas Enclave",https://www.zameen.com/Property/bahria_greens_overseas_enclave_bahria_greens_-_overseas_enclave_-_sector_3_highly-desirable_residential_plot_available_in_bahria_greens_-_overseas_enclave_-_sector_3_for_sale-54758075-8302-2.html,18,Rawalpindi,Bahria Greens - Overseas Enclave - Sector 3,10.0,33.4735,73.091
Get In Touch Now To Buy A Residential Plot In Bahria Hamlet Rawalpindi,1.3,"Bahria Hamlet, Bahria Town Phase 8",https://www.zameen.com/Property/bahria_town_phase_8_bahria_hamlet_get_in_touch_now_to_buy_a_residential_plot_in_bahria_hamlet_rawalpindi-54761265-10354-2.html,18,Rawalpindi,Bahria Hamlet,20.0,33.4891,73.1232
Fair-Priced 1 Kanal Residential Plot Available In Bahria Hamlet,1.8,"Bahria Hamlet, Bahria Town Phase 8",https://www.zameen.com/Property/bahria_town_phase_8_bahria_hamlet_fair-priced_1_kanal_residential_plot_available_in_bahria_hamlet-54761267-10354-2.html,18,Rawalpindi,Bahria Hamlet,20.0,33.4891,73.1232
Bahria Greens (Overseas Sector-3) 10Marla Residential Plot Available For Sale,1.8,"Bahria Greens - Overseas Enclave - Sector 3, Bahria Greens - Overseas Enclave",https://www.zameen.com/Property/bahria_greens_overseas_enclave_bahria_greens_-_overseas_enclave_-_sector_3_bahria_greens_overseas_sector-3_10marla_residential_plot_available_for_sale-54803157-8302-2.html,18,Rawalpindi,Bahria Greens - Overseas Enclave - Sector 3,10.8,33.4735,73.091
7Marla (30*55)Sized On Main Boulevard Residential Plot In Bahria Town Phase 8 - Ali Block Plot For Sale At Good Location,1.05,"Bahria Town Phase 8 - Ali Block, Bahria Town Phase 8 - Safari Valley",https://www.zameen.com/Property/bahria_town_phase_8_safari_valley_bahria_town_phase_8_-_ali_block_7marla_30_55_sized_on_main_boulevard_residential_plot_in_bahria_town_phase_8_-_ali_block_plot_for_sale_at_good_location-54493147-3070-2.html,18,Rawalpindi,Bahria Town Phase 8 - Ali Block,7.0,33.4862,73.0874
Ideal 7 Marla With 2 Marla Extra Land Residential Plot Is Available For Sale In Bahria Town Phase8 Khalid Block Rawalpindi,0.9,"Bahria Town Phase 8 - Khalid Block, Bahria Town Phase 8 - Safari Valley",https://www.zameen.com/Property/bahria_town_phase_8_safari_valley_bahria_town_phase_8_-_khalid_block_ideal_7_marla_with_2_marla_extra_land_residential_plot_is_available_for_sale_in_bahria_town_phase8_khalid_block_rawalpindi-54493146-3072-2.html,18,Rawalpindi,Bahria Town Phase 8 - Khalid Block,7.0,33.4862,73.0874
12 Marla Top Heighted Back Open Plot For Sale,1.75,"Bahria Greens - Overseas Enclave - Sector 3, Bahria Greens - Overseas Enclave",https://www.zameen.com/Property/bahria_greens_overseas_enclave_bahria_greens_-_overseas_enclave_-_sector_3_12_marla_top_heighted_back_open_plot_for_sale-53806188-8302-2.html,19,Rawalpindi,Bahria Greens - Overseas Enclave - Sector 3,12.0,33.4735,73.091
Get A 5 Marla Residential Plot For Sale In Capital Smart City,0.36,"Capital Smart City, Rawalpindi",https://www.zameen.com/Property/rawalpindi_capital_smart_city_get_a_5_marla_residential_plot_for_sale_in_capital_smart_city-54541746-11891-2.html,19,Rawalpindi,Capital Smart City,5.0,33.4407844,72.8587589
Solid Land Usman Block Plot For Sale,0.95,"Bahria Town Phase 8 - Usman Block, Bahria Town Phase 8 - Safari Valley",https://www.zameen.com/Property/bahria_town_phase_8_safari_valley_bahria_town_phase_8_-_usman_block_solid_land_usman_block_plot_for_sale-53925851-3068-2.html,19,Rawalpindi,Bahria Town Phase 8 - Usman Block,7.0,33.4848621,73.096708
Bahria Town Usman D Plot For Sale,2.5,"Bahria Town Phase 8 - Usman D Block, Bahria Town Phase 8 - Safari Valley",https://www.zameen.com/Property/bahria_town_phase_8_safari_valley_bahria_town_phase_8_-_usman_d_block_bahria_town_usman_d_plot_for_sale-54133211-12179-2.html,19,Rawalpindi,Bahria Town Phase 8 - Usman D Block,22.0,33.4862,73.0874
To sale You Can Find Spacious Residential Plot In Bahria Town Phase 8 - Block M,0.75,"Bahria Town Phase 8 - Block M, Bahria Town Phase 8",https://www.zameen.com/Property/bahria_town_phase_8_bahria_town_phase_8_-_block_m_to_sale_you_can_find_spacious_residential_plot_in_bahria_town_phase_8_-_block_m-54537452-3062-2.html,19,Rawalpindi,Bahria Town Phase 8 - Block M,5.0,33.4862,73.0874
Corner 13 Marla Plot,1.25,"Bahria Town Phase 8 - Umer Block, Bahria Town Phase 8 - Safari Valley",https://www.zameen.com/Property/bahria_town_phase_8_safari_valley_bahria_town_phase_8_-_umer_block_corner_13_marla_plot-54753617-3067-2.html,19,Rawalpindi,Bahria Town Phase 8 - Umer Block,13.0,33.4862,73.0874
Boulevard Corner,1.1,"Bahria Town Phase 8 - Umer Block, Bahria Town Phase 8 - Safari Valley",https://www.zameen.com/Property/bahria_town_phase_8_safari_valley_bahria_town_phase_8_-_umer_block_boulevard_corner-54753542-3067-2.html,19,Rawalpindi,Bahria Town Phase 8 - Umer Block,8.0,33.4862,73.0874
Stunning Residential Plot Is Available For sale In Bahria Town Phase 8 - Umer Block,1.1,"Bahria Town Phase 8 - Umer Block, Bahria Town Phase 8 - Safari Valley",https://www.zameen.com/Property/bahria_town_phase_8_safari_valley_bahria_town_phase_8_-_umer_block_stunning_residential_plot_is_available_for_sale_in_bahria_town_phase_8_-_umer_block-54753522-3067-2.html,19,Rawalpindi,Bahria Town Phase 8 - Umer Block,7.0,33.4862,73.0874
Ideal Residential Plot In Capital Smart City Available For Rs. 6600000,0.66,"Capital Smart City, Rawalpindi",https://www.zameen.com/Property/rawalpindi_capital_smart_city_ideal_residential_plot_in_capital_smart_city_available_for_rs_6600000-54546741-11891-2.html,19,Rawalpindi,Capital Smart City,10.0,33.4407844,72.8587589
5 Marla Residential Plot For sale In Capital Smart City Capital Smart City,0.28,"Capital Smart City, Rawalpindi",https://www.zameen.com/Property/rawalpindi_capital_smart_city_5_marla_residential_plot_for_sale_in_capital_smart_city_capital_smart_city-54280486-11891-2.html,19,Rawalpindi,Capital Smart City,5.0,33.4407844,72.8587589
23 Marla Corner Plot For Sale,2.75,"Bahria Town Phase 8 - Usman D Block, Bahria Town Phase 8 - Safari Valley",https://www.zameen.com/Property/bahria_town_phase_8_safari_valley_bahria_town_phase_8_-_usman_d_block_23_marla_corner_plot_for_sale-54745462-12179-2.html,19,Rawalpindi,Bahria Town Phase 8 - Usman D Block,24.0,33.4862,73.0874
Bahria Town Phase 8 - Usman Block Residential Plot Sized 7 Marla For sale,0.77,"Bahria Town Phase 8 - Usman Block, Bahria Town Phase 8 - Safari Valley",https://www.zameen.com/Property/bahria_town_phase_8_safari_valley_bahria_town_phase_8_-_usman_block_bahria_town_phase_8_-_usman_block_residential_plot_sized_7_marla_for_sale-54782862-3068-2.html,19,Rawalpindi,Bahria Town Phase 8 - Usman Block,7.0,33.4848621,73.096708
10 Marla Lavl Plot,0.95,"Punjab Government Servant Housing Foundation (PGSHF), Rawalpindi",https://www.zameen.com/Property/rawalpindi_punjab_government_servant_housing_foundation_pgshf_10_marla_lavl_plot-54499211-10424-2.html,19,Rawalpindi,Punjab Government Servant Housing Foundation (PGSHF),10.0,33.4542,72.9515
Stunning and affordable 7Marla with Extra Land Residential Plot on Mian Boulevard available for sale in Bahria Town Phase 8 - Abu Bakar Block,1.0,"Bahria Town Phase 8 - Abu Bakar Block, Bahria Town Phase 8 - Safari Valley",https://www.zameen.com/Property/bahria_town_phase_8_safari_valley_bahria_town_phase_8_-_abu_bakar_block_stunning_and_affordable_7marla_with_extra_land_residential_plot_on_mian_boulevard_available_for_sale_in_bahria_town_phase_8_-_abu_bakar_block-54493149-3069-2.html,19,Rawalpindi,Bahria Town Phase 8 - Abu Bakar Block,7.0,33.4862,73.0874
Residential Plot 14 Marla For Sale In Bahria Hamlet,1.3,"Bahria Hamlet, Bahria Town Phase 8",https://www.zameen.com/Property/bahria_town_phase_8_bahria_hamlet_residential_plot_14_marla_for_sale_in_bahria_hamlet-54493151-10354-2.html,19,Rawalpindi,Bahria Hamlet,14.0,33.4891,73.1232
10Marla (35*70)Sized Residential Plot In Bahria Town Phase 8 - Block N For Sale,0.65,"Bahria Town Phase 8 - Block N, Bahria Town Phase 8",https://www.zameen.com/Property/bahria_town_phase_8_bahria_town_phase_8_-_block_n_10marla_35_70_sized_residential_plot_in_bahria_town_phase_8_-_block_n_for_sale-54493152-3063-2.html,19,Rawalpindi,Bahria Town Phase 8 - Block N,10.0,33.4862,73.0874
Perfect 10Marla (35*70)Sized Residential Plot In Bahria Town Phase 8 - Block K For Sale (Rwp/Isb),0.7,"Bahria Town Phase 8 - Block K, Bahria Town Phase 8",https://www.zameen.com/Property/bahria_town_phase_8_bahria_town_phase_8_-_block_k_perfect_10marla_35_70_sized_residential_plot_in_bahria_town_phase_8_-_block_k_for_sale_rwp_isb-54493154-3060-2.html,19,Rawalpindi,Bahria Town Phase 8 - Block K,10.0,33.4862,73.0874
Looking For A 10Marla (35*70)Sized Residential Plot In Bahria Town Phase 8 - Block I Rawalpindi,1.1,"Bahria Town Phase 8 - Block I, Bahria Town Phase 8",https://www.zameen.com/Property/bahria_town_phase_8_bahria_town_phase_8_-_block_i_looking_for_a_10marla_35_70_sized_residential_plot_in_bahria_town_phase_8_-_block_i_rawalpindi-54493155-3057-2.html,19,Rawalpindi,Bahria Town Phase 8 - Block I,10.0,33.4862,73.0874
Centrally Located 10Marla Residential Plot In Bahria Town Phase 8 - Block G Is Available For Sale,1.1,"Bahria Town Phase 8 - Block G, Bahria Town Phase 8",https://www.zameen.com/Property/bahria_town_phase_8_bahria_town_phase_8_-_block_g_centrally_located_10marla_residential_plot_in_bahria_town_phase_8_-_block_g_is_available_for_sale-54493566-3055-2.html,19,Rawalpindi,Bahria Town Phase 8 - Block G,12.5,33.4862,73.0874
10 MARLA LEVEL RESIDENTIAL PLOT AVAILABLE FOR SALE IN BLOCK C,1.25,"Bahria Town Phase 8 - Block C, Bahria Town Phase 8",https://www.zameen.com/Property/bahria_town_phase_8_bahria_town_phase_8_-_block_c_10_marla_level_residential_plot_available_for_sale_in_block_c-53895081-3051-2.html,19,Rawalpindi,Bahria Town Phase 8 - Block C,10.0,33.4862,73.0874
5 Marla Plot With Possession For Sale,0.12,"Blue World City, Chakri Road",https://www.zameen.com/Property/chakri_road_blue_world_city_5_marla_plot_with_possession_for_sale-54741270-11768-2.html,20,Rawalpindi,Blue World City,5.0,33.3674961,72.8668694
10 Marla Plot In Sector B,1.5,"Bahria Town Phase 8 - Block B, Bahria Town Phase 8",https://www.zameen.com/Property/bahria_town_phase_8_bahria_town_phase_8_-_block_b_10_marla_plot_in_sector_b-54208890-3050-2.html,20,Rawalpindi,Bahria Town Phase 8 - Block B,10.0,33.4848621,73.096708
Reasonable Price Plot Available For Sale,0.88,"Bahria Town Phase 8 - Abu Bakar Block, Bahria Town Phase 8 - Safari Valley",https://www.zameen.com/Property/bahria_town_phase_8_safari_valley_bahria_town_phase_8_-_abu_bakar_block_reasonable_price_plot_available_for_sale-54697100-3069-2.html,20,Rawalpindi,Bahria Town Phase 8 - Abu Bakar Block,7.0,33.4862,73.0874
26 Marla Plot For Sale In Bahria Town Rawalpindi,6.5,"Bahria Town Phase 5, Bahria Town Rawalpindi",https://www.zameen.com/Property/bahria_town_rawalpindi_bahria_town_phase_5_26_marla_plot_for_sale_in_bahria_town_rawalpindi-49666288-3045-2.html,20,Rawalpindi,Bahria Town Phase 5,26.0,33.5701202,73.1163357
10 Marla Plot For Sale In Bahria Town Rawalpindi,2.35,"Bahria Town Phase 2, Bahria Town Rawalpindi",https://www.zameen.com/Property/bahria_town_rawalpindi_bahria_town_phase_2_10_marla_plot_for_sale_in_bahria_town_rawalpindi-49664464-3035-2.html,20,Rawalpindi,Bahria Town Phase 2,10.0,33.5701202,73.1163357
10 Marla Plot For Sale in Sector L,0.87,"Bahria Town Phase 8 - Block L, Bahria Town Phase 8",https://www.zameen.com/Property/bahria_town_phase_8_bahria_town_phase_8_-_block_l_10_marla_plot_for_sale_in_sector_l-53528843-3061-2.html,20,Rawalpindi,Bahria Town Phase 8 - Block L,10.0,33.4862,73.0874
"4500 Square Feet Residential Plot, At Premium Location, Available For Sale In Top City 1",2.4,"Top City-1, Rawalpindi",https://www.zameen.com/Property/rawalpindi_top_city-1_4500_square_feet_residential_plot_at_premium_location_available_for_sale_in_top_city_1-54441043-10910-2.html,20,Rawalpindi,Top City-1,20.0,33.5763317,72.8692628
Fair-Priced 10 Marla Residential Plot Available In Capital Smart City,0.65,"Capital Smart City, Rawalpindi",https://www.zameen.com/Property/rawalpindi_capital_smart_city_fair-priced_10_marla_residential_plot_available_in_capital_smart_city-54541747-11891-2.html,20,Rawalpindi,Capital Smart City,10.0,33.4407844,72.8587589
5 Marla Residential Plot In Capital Smart City Is Available For Sale,0.34,"Capital Smart City, Rawalpindi",https://www.zameen.com/Property/rawalpindi_capital_smart_city_5_marla_residential_plot_in_capital_smart_city_is_available_for_sale-54522054-11891-2.html,20,Rawalpindi,Capital Smart City,5.0,33.4407844,72.8587589
10 Marla Plot On Cheap Rate For Sale,0.73,"Bahria Town Phase 8 - Block L, Bahria Town Phase 8",https://www.zameen.com/Property/bahria_town_phase_8_bahria_town_phase_8_-_block_l_10_marla_plot_on_cheap_rate_for_sale-53847144-3061-2.html,20,Rawalpindi,Bahria Town Phase 8 - Block L,10.0,33.4862,73.0874
10 Marla Pair Plots on Heighted Location For Sale,3.5,"Bahria Town Phase 8 - Block D, Bahria Town Phase 8",https://www.zameen.com/Property/bahria_town_phase_8_bahria_town_phase_8_-_block_d_10_marla_pair_plots_on_heighted_location_for_sale-54265950-3052-2.html,20,Rawalpindi,Bahria Town Phase 8 - Block D,20.0,33.4862,73.0874
8 Marla Plot With Extra Land For Sale,1.1,"Bahria Town Phase 8 - Block I, Bahria Town Phase 8",https://www.zameen.com/Property/bahria_town_phase_8_bahria_town_phase_8_-_block_i_8_marla_plot_with_extra_land_for_sale-54297290-3057-2.html,20,Rawalpindi,Bahria Town Phase 8 - Block I,8.0,33.4862,73.0874
5 Marla Plot Available Old Booking Capital Smart City,0.3,"Capital Smart City, Rawalpindi",https://www.zameen.com/Property/rawalpindi_capital_smart_city_5_marla_plot_available_old_booking_capital_smart_city-54722934-11891-2.html,20,Rawalpindi,Capital Smart City,5.0,33.4407844,72.8587589
10 Marla Plot File Available For Sale In Al Haram City Phase 1 Tuba Black,0.23,"Al-Haram City - Phase 1, Al-Haram City",https://www.zameen.com/Property/al_haram_city_al-haram_city_-_phase_1_10_marla_plot_file_available_for_sale_in_al_haram_city_phase_1_tuba_black-47934086-11256-2.html,20,Rawalpindi,Al-Haram City - Phase 1,10.0,33.5025799,72.9570594
Plot File Available For Sale In Dhanial Block,0.12,"Al-Haram City - Phase 1, Al-Haram City",https://www.zameen.com/Property/al_haram_city_al-haram_city_-_phase_1_plot_file_available_for_sale_in_dhanial_block-47934099-11256-2.html,20,Rawalpindi,Al-Haram City - Phase 1,5.0,33.5025799,72.9570594
Get In Touch Now To Buy A 5 Marla Residential Plot In Al-Haram City - Phase 1 Al harmain black Rawalpindi,0.22,"Al-Haram City - Phase 1, Al-Haram City",https://www.zameen.com/Property/al_haram_city_al-haram_city_-_phase_1_get_in_touch_now_to_buy_a_5_marla_residential_plot_in_al-haram_city_-_phase_1_al_harmain_black_rawalpindi-47934021-11256-2.html,20,Rawalpindi,Al-Haram City - Phase 1,5.0,33.5025799,72.9570594
BOULEVARD BACK OPEN 5 MARLA PLOT FOR SALE IN BLOCK-M,0.7,"Bahria Town Phase 8 - Block M, Bahria Town Phase 8",https://www.zameen.com/Property/bahria_town_phase_8_bahria_town_phase_8_-_block_m_boulevard_back_open_5_marla_plot_for_sale_in_block-m-53828813-3062-2.html,20,Rawalpindi,Bahria Town Phase 8 - Block M,5.0,33.4862,73.0874
1 KANAL BOULEVARD PLOT WITH TOP LOCATION IS AVAILABLE FOR SALE IN BLOCK A-1,2.3,"Bahria Town Phase 8 - Block A1, Bahria Town Phase 8",https://www.zameen.com/Property/bahria_town_phase_8_bahria_town_phase_8_-_block_a1_1_kanal_boulevard_plot_with_top_location_is_available_for_sale_in_block_a-1-53828820-12180-2.html,20,Rawalpindi,Bahria Town Phase 8 - Block A1,20.0,33.5012685,73.0872635
1 KANAL HEIGHTED VIEW RESIDENTIAL PLOT AVAILABLE FOR SALE IN BAHRIA HAMLET,1.65,"Bahria Hamlet, Bahria Town Phase 8",https://www.zameen.com/Property/bahria_town_phase_8_bahria_hamlet_1_kanal_heighted_view_residential_plot_available_for_sale_in_bahria_hamlet-53828824-10354-2.html,20,Rawalpindi,Bahria Hamlet,20.0,33.4891,73.1232
Residential Plot Sized 10Marla (35*70)Sized On Main Boulevard & Back Open Available In Bahria Town Phase 8 - Block-C Rwp,1.3,"Bahria Town Phase 8 - Block C, Bahria Town Phase 8",https://www.zameen.com/Property/bahria_town_phase_8_bahria_town_phase_8_-_block_c_residential_plot_sized_10marla_35_70_sized_on_main_boulevard_back_open_available_in_bahria_town_phase_8_-_block-c_rwp-54494186-3051-2.html,20,Rawalpindi,Bahria Town Phase 8 - Block C,10.0,33.4862,73.0874
10 MARLA PLOT NEAR SLS SCHOOL IN F-3 BLOCK,1.1,"Bahria Town Phase 8 - Sector F-3, Bahria Town Phase 8",https://www.zameen.com/Property/bahria_town_phase_8_bahria_town_phase_8_-_sector_f-3_10_marla_plot_near_sls_school_in_f-3_block-54127892-8251-2.html,20,Rawalpindi,Bahria Town Phase 8 - Sector F-3,10.0,33.4855018,73.0971219
PRIME PAIR PLOTS 10 MARLA FOR SALE IN BLOCK B,1.25,"Bahria Town Phase 8 - Block B, Bahria Town Phase 8",https://www.zameen.com/Property/bahria_town_phase_8_bahria_town_phase_8_-_block_b_prime_pair_plots_10_marla_for_sale_in_block_b-53975430-3050-2.html,20,Rawalpindi,Bahria Town Phase 8 - Block B,10.0,33.4848621,73.096708
LEVEL SOLID 10 MARLA PLOT FOR SALE IN K BLOCK,0.75,"Bahria Town Phase 8 - Block K, Bahria Town Phase 8",https://www.zameen.com/Property/bahria_town_phase_8_bahria_town_phase_8_-_block_k_level_solid_10_marla_plot_for_sale_in_k_block-54034838-3060-2.html,20,Rawalpindi,Bahria Town Phase 8 - Block K,10.0,33.4862,73.0874
CORNER 30 MARLA PLOT IS AVAILABLE FOR SALE IN BAHRIA HAMLET,3.25,"Bahria Hamlet, Bahria Town Phase 8",https://www.zameen.com/Property/bahria_town_phase_8_bahria_hamlet_corner_30_marla_plot_is_available_for_sale_in_bahria_hamlet-54151801-10354-2.html,20,Rawalpindi,Bahria Hamlet,30.0,33.4891,73.1232
1 Kanal Plot On Builders Location For Sale,3.0,"Bahria Greens - Overseas Enclave - Sector 5, Bahria Greens - Overseas Enclave",https://www.zameen.com/Property/bahria_greens_overseas_enclave_bahria_greens_-_overseas_enclave_-_sector_5_1_kanal_plot_on_builders_location_for_sale-54405948-8304-2.html,21,Rawalpindi,Bahria Greens - Overseas Enclave - Sector 5,20.0,33.4735,73.091
1 Kanal Plot On Prime Location Of A Block,2.75,"Bahria Town Phase 8 - Block A, Bahria Town Phase 8",https://www.zameen.com/Property/bahria_town_phase_8_bahria_town_phase_8_-_block_a_1_kanal_plot_on_prime_location_of_a_block-54550449-3049-2.html,21,Rawalpindi,Bahria Town Phase 8 - Block A,22.0,33.4862,73.0874
10 Marla Back Open Plot On Reasonable Price,0.98,"Bahria Town Phase 8 - Block J, Bahria Town Phase 8",https://www.zameen.com/Property/bahria_town_phase_8_bahria_town_phase_8_-_block_j_10_marla_back_open_plot_on_reasonable_price-54552095-3058-2.html,21,Rawalpindi,Bahria Town Phase 8 - Block J,10.0,33.4862,73.0874
10 Marla Plot On Reasonable Rate For Sale,0.88,"Bahria Town Phase 8 - Block A, Bahria Town Phase 8",https://www.zameen.com/Property/bahria_town_phase_8_bahria_town_phase_8_-_block_a_10_marla_plot_on_reasonable_rate_for_sale-54556423-3049-2.html,21,Rawalpindi,Bahria Town Phase 8 - Block A,10.0,33.4862,73.0874
1 Kanal Beautiful Location Plot For Sale,2.5,"Bahria Town Phase 8 - Block A, Bahria Town Phase 8",https://www.zameen.com/Property/bahria_town_phase_8_bahria_town_phase_8_-_block_a_1_kanal_beautiful_location_plot_for_sale-54556428-3049-2.html,21,Rawalpindi,Bahria Town Phase 8 - Block A,20.0,33.4862,73.0874
12 Marla Level Plot Near To Masjid For Sale,0.85,"Bahria Town Phase 8 - Block L, Bahria Town Phase 8",https://www.zameen.com/Property/bahria_town_phase_8_bahria_town_phase_8_-_block_l_12_marla_level_plot_near_to_masjid_for_sale-54570630-3061-2.html,21,Rawalpindi,Bahria Town Phase 8 - Block L,12.0,33.4862,73.0874
1 Kanal Blvd Back Open Plot On ideal Location,1.9,"Bahria Town Phase 8 - Block P, Bahria Town Phase 8",https://www.zameen.com/Property/bahria_town_phase_8_bahria_town_phase_8_-_block_p_1_kanal_blvd_back_open_plot_on_ideal_location-54574653-3065-2.html,21,Rawalpindi,Bahria Town Phase 8 - Block P,20.0,33.4862,73.0874
1 Kanal Level Plot on Ideal Location For Sale,4.1,"Bahria Town Phase 3, Bahria Town Rawalpindi",https://www.zameen.com/Property/bahria_town_rawalpindi_bahria_town_phase_3_1_kanal_level_plot_on_ideal_location_for_sale-54731957-3036-2.html,21,Rawalpindi,Bahria Town Phase 3,20.0,33.5701202,73.1163357
10 Marla Plot Near To Park And Masjid For Sale,2.85,"Bahria Town Phase 3, Bahria Town Rawalpindi",https://www.zameen.com/Property/bahria_town_rawalpindi_bahria_town_phase_3_10_marla_plot_near_to_park_and_masjid_for_sale-54731931-3036-2.html,21,Rawalpindi,Bahria Town Phase 3,10.0,33.5701202,73.1163357
Front Open 80 Feet Road Plot Available For Sale,2.35,"Bahria Town Phase 8 - Block A1, Bahria Town Phase 8",https://www.zameen.com/Property/bahria_town_phase_8_bahria_town_phase_8_-_block_a1_front_open_80_feet_road_plot_available_for_sale-54722972-12180-2.html,21,Rawalpindi,Bahria Town Phase 8 - Block A1,20.0,33.5012685,73.0872635
Builder'S Location Heighted Plot Available For Sale,1.85,"Bahria Greens - Overseas Enclave - Sector 3, Bahria Greens - Overseas Enclave",https://www.zameen.com/Property/bahria_greens_overseas_enclave_bahria_greens_-_overseas_enclave_-_sector_3_builder_s_location_heighted_plot_available_for_sale-54697101-8302-2.html,21,Rawalpindi,Bahria Greens - Overseas Enclave - Sector 3,10.0,33.4735,73.091
7 Marla Plot For Sale In Al Haram City Rawalpindi,0.15,"Al-Haram City - Phase 1, Al-Haram City",https://www.zameen.com/Property/al_haram_city_al-haram_city_-_phase_1_7_marla_plot_for_sale_in_al_haram_city_rawalpindi-51689254-11256-2.html,21,Rawalpindi,Al-Haram City - Phase 1,7.0,33.5025799,72.9570594
5 Marla Plot For Sale In Al Haram City Al harmain blackRawalpindi,0.25,"Al-Haram City - Phase 1, Al-Haram City",https://www.zameen.com/Property/al_haram_city_al-haram_city_-_phase_1_5_marla_plot_for_sale_in_al_haram_city_al_harmain_blackrawalpindi-51679624-11256-2.html,21,Rawalpindi,Al-Haram City - Phase 1,5.0,33.5025799,72.9570594
Residential Plot Available For Sale,0.12,"Al-Haram City, Chakri Road",https://www.zameen.com/Property/chakri_road_al-haram_city_residential_plot_available_for_sale-50880851-17290-2.html,21,Rawalpindi,Al-Haram City,5.0,33.5025799,72.9570594
5 Marla Plot For Sale,0.07,"Al-Haram City, Chakri Road",https://www.zameen.com/Property/chakri_road_al-haram_city_5_marla_plot_for_sale-49088578-17290-2.html,21,Rawalpindi,Al-Haram City,5.0,33.5025799,72.9570594
7 MARLA IDEAL RESIDENTIAL PLOT AVAILABLE FOR SALE IN USMAN BLOCK,0.85,"Bahria Town Phase 8 - Usman Block, Bahria Town Phase 8 - Safari Valley",https://www.zameen.com/Property/bahria_town_phase_8_safari_valley_bahria_town_phase_8_-_usman_block_7_marla_ideal_residential_plot_available_for_sale_in_usman_block-54363561-3068-2.html,21,Rawalpindi,Bahria Town Phase 8 - Usman Block,7.0,33.4848621,73.096708
10 MARLA BOULEVARD BACK OPEN PLOT FOR SALE IN BLOCK F-1,1.25,"Bahria Town Phase 8 - Sector F-1, Bahria Town Phase 8",https://www.zameen.com/Property/bahria_town_phase_8_bahria_town_phase_8_-_sector_f-1_10_marla_boulevard_back_open_plot_for_sale_in_block_f-1-54007175-3095-2.html,21,Rawalpindi,Bahria Town Phase 8 - Sector F-1,10.0,33.4855018,73.0971219
24 MARLA CORNER READY TO CONSTRUCT 100% SOLID PLOT FOR SALE IN OVERSEAS -5,3.2,"Bahria Greens - Overseas Enclave - Sector 5, Bahria Greens - Overseas Enclave",https://www.zameen.com/Property/bahria_greens_overseas_enclave_bahria_greens_-_overseas_enclave_-_sector_5_24_marla_corner_ready_to_construct_100_solid_plot_for_sale_in_overseas_-5-54329372-8304-2.html,21,Rawalpindi,Bahria Greens - Overseas Enclave - Sector 5,24.0,33.4735,73.091
SOLID LAND 10 MARLA PLOT FOR SALE IN BLOCK L,0.95,"Bahria Town Phase 8 - Block L, Bahria Town Phase 8",https://www.zameen.com/Property/bahria_town_phase_8_bahria_town_phase_8_-_block_l_solid_land_10_marla_plot_for_sale_in_block_l-54350504-3061-2.html,21,Rawalpindi,Bahria Town Phase 8 - Block L,10.0,33.4862,73.0874
10 MARLA PLOT NEAR SLS SCHOOL AVAILABLE FOR SALE IN BLOCK F-2,1.15,"Bahria Town Phase 8 - Sector F-2, Bahria Town Phase 8",https://www.zameen.com/Property/bahria_town_phase_8_bahria_town_phase_8_-_sector_f-2_10_marla_plot_near_sls_school_available_for_sale_in_block_f-2-54363588-8250-2.html,21,Rawalpindi,Bahria Town Phase 8 - Sector F-2,10.0,33.4855018,73.0971219
A Well Designed 10Marla (35*70)Sized Residential Plot Is Up For sale In An Ideal Location In Bahria Town Phase8 Sector-D Rawalpindi,0.92,"Bahria Town Phase 8 - Block D, Bahria Town Phase 8",https://www.zameen.com/Property/bahria_town_phase_8_bahria_town_phase_8_-_block_d_a_well_designed_10marla_35_70_sized_residential_plot_is_up_for_sale_in_an_ideal_location_in_bahria_town_phase8_sector-d_rawalpindi-54494189-3052-2.html,21,Rawalpindi,Bahria Town Phase 8 - Block D,10.0,33.4862,73.0874
10 MARLA PLOT FOR SALE IN BLOCK C,1.25,"Bahria Town Phase 8 - Block C, Bahria Town Phase 8",https://www.zameen.com/Property/bahria_town_phase_8_bahria_town_phase_8_-_block_c_10_marla_plot_for_sale_in_block_c-54363644-3051-2.html,21,Rawalpindi,Bahria Town Phase 8 - Block C,10.0,33.4862,73.0874
14 Marla Builder'S Location Plot Available For Sale,2.1,"Bahria Greens - Overseas Enclave - Sector 6, Bahria Greens - Overseas Enclave",https://www.zameen.com/Property/bahria_greens_overseas_enclave_bahria_greens_-_overseas_enclave_-_sector_6_14_marla_builder_s_location_plot_available_for_sale-54697106-8305-2.html,22,Rawalpindi,Bahria Greens - Overseas Enclave - Sector 6,10.0,33.4735,73.091
Bw Plot Available For Sale At Prime Location,1.6,"Bahria Town Phase 8 - Block P, Bahria Town Phase 8",https://www.zameen.com/Property/bahria_town_phase_8_bahria_town_phase_8_-_block_p_bw_plot_available_for_sale_at_prime_location-54722889-3065-2.html,22,Rawalpindi,Bahria Town Phase 8 - Block P,20.0,33.4862,73.0874
Ideal Residential Plot In Capital Smart City Available For Rs. 6600000,0.66,"Capital Smart City, Rawalpindi",https://www.zameen.com/Property/rawalpindi_capital_smart_city_ideal_residential_plot_in_capital_smart_city_available_for_rs_6600000-54541745-11891-2.html,22,Rawalpindi,Capital Smart City,10.0,33.4407844,72.8587589
Builders Location Plot Available For Sale,1.95,"Bahria Town Phase 7, Bahria Town Rawalpindi",https://www.zameen.com/Property/bahria_town_rawalpindi_bahria_town_phase_7_builders_location_plot_available_for_sale-54717047-3047-2.html,22,Rawalpindi,Bahria Town Phase 7,10.0,33.5701202,73.1163357
35 Plot Number Opposite Dr A Q Khan College,1.15,"Bahria Town Phase 8 - Ali Block, Bahria Town Phase 8 - Safari Valley",https://www.zameen.com/Property/bahria_town_phase_8_safari_valley_bahria_town_phase_8_-_ali_block_35_plot_number_opposite_dr_a_q_khan_college-54287871-3070-2.html,22,Rawalpindi,Bahria Town Phase 8 - Ali Block,7.0,33.4862,73.0874
Get A 5 Marla Residential Plot For Sale In Capital Smart City,0.36,"Capital Smart City, Rawalpindi",https://www.zameen.com/Property/rawalpindi_capital_smart_city_get_a_5_marla_residential_plot_for_sale_in_capital_smart_city-54546740-11891-2.html,22,Rawalpindi,Capital Smart City,5.0,33.4407844,72.8587589
7 Marla Plot For Sale In Usman Block,0.92,"Bahria Town Phase 8 - Usman Block, Bahria Town Phase 8 - Safari Valley",https://www.zameen.com/Property/bahria_town_phase_8_safari_valley_bahria_town_phase_8_-_usman_block_7_marla_plot_for_sale_in_usman_block-52861586-3068-2.html,22,Rawalpindi,Bahria Town Phase 8 - Usman Block,7.0,33.4848621,73.096708
Corner Plot Near Future World School,2.25,"Bahria Town Phase 8 - Block I, Bahria Town Phase 8",https://www.zameen.com/Property/bahria_town_phase_8_bahria_town_phase_8_-_block_i_corner_plot_near_future_world_school-53089601-3057-2.html,22,Rawalpindi,Bahria Town Phase 8 - Block I,20.0,33.4862,73.0874
3 Investor Price Plot Phase 7,1.05,"Bahria Town Phase 7, Bahria Town Rawalpindi",https://www.zameen.com/Property/bahria_town_rawalpindi_bahria_town_phase_7_3_investor_price_plot_phase_7-54528934-3047-2.html,22,Rawalpindi,Bahria Town Phase 7,10.0,33.5701202,73.1163357
5 Marla Corner Plot,0.75,"Punjab Government Servant Housing Foundation (PGSHF), Rawalpindi",https://www.zameen.com/Property/rawalpindi_punjab_government_servant_housing_foundation_pgshf_5_marla_corner_plot-54523040-10424-2.html,22,Rawalpindi,Punjab Government Servant Housing Foundation (PGSHF),5.0,33.4542,72.9515
12 Marla Corner With Alot Green Belt,1.05,"Punjab Government Servant Housing Foundation (PGSHF), Rawalpindi",https://www.zameen.com/Property/rawalpindi_punjab_government_servant_housing_foundation_pgshf_12_marla_corner_with_alot_green_belt-54682072-10424-2.html,22,Rawalpindi,Punjab Government Servant Housing Foundation (PGSHF),10.0,33.4542,72.9515
SAFFRON CITY SECTER B,0.22,"Saffron City, GT Road",https://www.zameen.com/Property/gt_road_saffron_city_saffron_city_secter_b-54775333-21050-2.html,22,Rawalpindi,Saffron City,5.0,33.6520202,73.076983
1 Kanal Plot Available In Bahria Hamlet,1.8,"Bahria Hamlet, Bahria Town Phase 8",https://www.zameen.com/Property/bahria_town_phase_8_bahria_hamlet_1_kanal_plot_available_in_bahria_hamlet-54514687-10354-2.html,22,Rawalpindi,Bahria Hamlet,20.0,33.4891,73.1232
1 KANAL RESIDENTIAL PLOT AVAILABLE FOR SALE IN BLOCK E,1.9,"Bahria Town Phase 8 - Block E, Bahria Town Phase 8",https://www.zameen.com/Property/bahria_town_phase_8_bahria_town_phase_8_-_block_e_1_kanal_residential_plot_available_for_sale_in_block_e-54365183-3053-2.html,22,Rawalpindi,Bahria Town Phase 8 - Block E,20.0,33.4862,73.0874
READY TO CONSTRUCT 5 MARLA PLOT FOR SALE IN BLOCK E-4,0.65,"Bahria Town Phase 8 - Sector E-4, Bahria Town Phase 8",https://www.zameen.com/Property/bahria_town_phase_8_bahria_town_phase_8_-_sector_e-4_ready_to_construct_5_marla_plot_for_sale_in_block_e-4-54454077-16268-2.html,22,Rawalpindi,Bahria Town Phase 8 - Sector E-4,5.0,33.4855018,73.0971219
DEAD END CORNER PLOT WITH EXTRA LAND AVAILABLE FOR SALE IN BLOCK-I,1.1,"Bahria Town Phase 8 - Block I, Bahria Town Phase 8",https://www.zameen.com/Property/bahria_town_phase_8_bahria_town_phase_8_-_block_i_dead_end_corner_plot_with_extra_land_available_for_sale_in_block-i-54655067-3057-2.html,22,Rawalpindi,Bahria Town Phase 8 - Block I,10.0,33.4862,73.0874
7 MARLA PLOT AVAILABLE FOR SALE WITH REGISTRY PAPERS,0.9,"Bahria Town Phase 8 - Umer Block, Bahria Town Phase 8 - Safari Valley",https://www.zameen.com/Property/bahria_town_phase_8_safari_valley_bahria_town_phase_8_-_umer_block_7_marla_plot_available_for_sale_with_registry_papers-54381179-3067-2.html,22,Rawalpindi,Bahria Town Phase 8 - Umer Block,7.0,33.4862,73.0874
10 MARLA LEVEL RESIDENTIAL PLOT AVAILABLE FOR SALE IN BLOCK A,0.85,"Bahria Town Phase 8 - Block A, Bahria Town Phase 8",https://www.zameen.com/Property/bahria_town_phase_8_bahria_town_phase_8_-_block_a_10_marla_level_residential_plot_available_for_sale_in_block_a-54476976-3049-2.html,22,Rawalpindi,Bahria Town Phase 8 - Block A,10.0,33.4862,73.0874
8 MARLA RESIDENTIAL PLOT AVAILABLE FOR SALE IN BLOCK L,0.72,"Bahria Town Phase 8 - Block L, Bahria Town Phase 8",https://www.zameen.com/Property/bahria_town_phase_8_bahria_town_phase_8_-_block_l_8_marla_residential_plot_available_for_sale_in_block_l-54532670-3061-2.html,22,Rawalpindi,Bahria Town Phase 8 - Block L,8.0,33.4862,73.0874
10 MARLA SOLID RESIDENTIAL PLOT FOR SALE IN BLOCK -J,0.9,"Bahria Town Phase 8 - Block J, Bahria Town Phase 8",https://www.zameen.com/Property/bahria_town_phase_8_bahria_town_phase_8_-_block_j_10_marla_solid_residential_plot_for_sale_in_block_-j-54637724-3058-2.html,22,Rawalpindi,Bahria Town Phase 8 - Block J,10.0,33.4862,73.0874
Corner +Boulevard 3 Side Open Plot For Sale,3.5,"Hub Commercial, Bahria Town Phase 8 - Safari Valley",https://www.zameen.com/Property/bahria_town_phase_8_safari_valley_hub_commercial_corner_boulevard_3_side_open_plot_for_sale-53873936-9034-2.html,23,Rawalpindi,Hub Commercial,5.0,33.4916714,73.0957614
Usman D Boulevard Safari Valley D Block,2.45,"Bahria Town Phase 8 - Usman D Block, Bahria Town Phase 8 - Safari Valley",https://www.zameen.com/Property/bahria_town_phase_8_safari_valley_bahria_town_phase_8_-_usman_d_block_usman_d_boulevard_safari_valley_d_block-54287881-12179-2.html,23,Rawalpindi,Bahria Town Phase 8 - Usman D Block,20.0,33.4862,73.0874
Main Boulevard Plot,2.35,"Bahria Town Phase 8 - Block A1, Bahria Town Phase 8",https://www.zameen.com/Property/bahria_town_phase_8_bahria_town_phase_8_-_block_a1_main_boulevard_plot-54471971-12180-2.html,23,Rawalpindi,Bahria Town Phase 8 - Block A1,20.0,33.5012685,73.0872635
30 Marla A Category Paid Map+Possession Paid,3.65,"Bahria Town Phase 8 - Block A, Bahria Town Phase 8",https://www.zameen.com/Property/bahria_town_phase_8_bahria_town_phase_8_-_block_a_30_marla_a_category_paid_map_possession_paid-54537410-3049-2.html,23,Rawalpindi,Bahria Town Phase 8 - Block A,30.0,33.4862,73.0874
Corner Extra Land Plot,0.55,"Rose Garden, Bahria Town Phase 8",https://www.zameen.com/Property/bahria_town_phase_8_rose_garden_corner_extra_land_plot-54537467-12363-2.html,23,Rawalpindi,Rose Garden,5.0,33.5874801,73.0857514
Pair Plot In Most Desired Street,5.5,"Bahria Town Phase 8 - Block A, Bahria Town Phase 8",https://www.zameen.com/Property/bahria_town_phase_8_bahria_town_phase_8_-_block_a_pair_plot_in_most_desired_street-54550689-3049-2.html,23,Rawalpindi,Bahria Town Phase 8 - Block A,40.0,33.4862,73.0874
8 Marla Back Open Plot On Ideal Location for Sale,1.3,"Bahria Town Phase 8 - Block M, Bahria Town Phase 8",https://www.zameen.com/Property/bahria_town_phase_8_bahria_town_phase_8_-_block_m_8_marla_back_open_plot_on_ideal_location_for_sale-54692431-3062-2.html,23,Rawalpindi,Bahria Town Phase 8 - Block M,8.0,33.4862,73.0874
13 Marla Corner Plot For Sale In Bahria Town Phase 8 Sector L,1.1,"Bahria Town Phase 8 - Block L, Bahria Town Phase 8",https://www.zameen.com/Property/bahria_town_phase_8_bahria_town_phase_8_-_block_l_13_marla_corner_plot_for_sale_in_bahria_town_phase_8_sector_l-54797322-3061-2.html,23,Rawalpindi,Bahria Town Phase 8 - Block L,13.0,33.4862,73.0874
Plot For Sale In Safron City,0.4,"Saffron City, GT Road",https://www.zameen.com/Property/gt_road_saffron_city_plot_for_sale_in_safron_city-54797233-21050-2.html,23,Rawalpindi,Saffron City,5.6,33.6520202,73.076983
Looking For A Residential Plot In Rawalpindi,1.3,"Bahria Town Phase 7, Bahria Town Rawalpindi",https://www.zameen.com/Property/bahria_town_rawalpindi_bahria_town_phase_7_looking_for_a_residential_plot_in_rawalpindi-54547010-3047-2.html,23,Rawalpindi,Bahria Town Phase 7,10.0,33.5701202,73.1163357
Bahria Town Phase 8 A Block | 1 Kanal Top Heighted Plot | Solid & Level Land | asking 2 crore Final 195,1.95,"Bahria Town Phase 8 - Block A, Bahria Town Phase 8",https://www.zameen.com/Property/bahria_town_phase_8_bahria_town_phase_8_-_block_a_bahria_town_phase_8_a_block_1_kanal_top_heighted_plot_solid_level_land_asking_2_crore_final_195-54603732-3049-2.html,23,Rawalpindi,Bahria Town Phase 8 - Block A,20.0,33.4862,73.0874
10 Marla Back Open Plot | H Block Bahria Town Phase 8 | Hill View Extra Green Land | 112 Lac,1.12,"Bahria Town Phase 8 - Block H, Bahria Town Phase 8",https://www.zameen.com/Property/bahria_town_phase_8_bahria_town_phase_8_-_block_h_10_marla_back_open_plot_h_block_bahria_town_phase_8_hill_view_extra_green_land_112_lac-54603733-3056-2.html,23,Rawalpindi,Bahria Town Phase 8 - Block H,10.0,33.4862,73.0874
Spacious Corner Residential Plot Is Available In Bahria Town Phase 8 - Block L For sale,0.95,"Bahria Town Phase 8 - Block L, Bahria Town Phase 8",https://www.zameen.com/Property/bahria_town_phase_8_bahria_town_phase_8_-_block_l_spacious_corner_residential_plot_is_available_in_bahria_town_phase_8_-_block_l_for_sale-54603734-3061-2.html,23,Rawalpindi,Bahria Town Phase 8 - Block L,10.0,33.4862,73.0874
21 MARLA READY TO CONSTRUCT PLOT AVAILABLE FOR SALE IN BLOCK A,2.1,"Bahria Town Phase 8 - Block A, Bahria Town Phase 8",https://www.zameen.com/Property/bahria_town_phase_8_bahria_town_phase_8_-_block_a_21_marla_ready_to_construct_plot_available_for_sale_in_block_a-54655422-3049-2.html,23,Rawalpindi,Bahria Town Phase 8 - Block A,20.0,33.4862,73.0874
10 MARLA LEVEL RESIDENTIAL PLOT AVAILABLE FOR SALE IN BLOCK B,1.2,"Bahria Town Phase 8 - Block B, Bahria Town Phase 8",https://www.zameen.com/Property/bahria_town_phase_8_bahria_town_phase_8_-_block_b_10_marla_level_residential_plot_available_for_sale_in_block_b-54660145-3050-2.html,23,Rawalpindi,Bahria Town Phase 8 - Block B,10.0,33.4848621,73.096708
7 MARLA BOULEVARD PLOT 0N TOP LOCATION IN ABUBAKAR BLOCK,1.05,"Bahria Town Phase 8 - Abu Bakar Block, Bahria Town Phase 8 - Safari Valley",https://www.zameen.com/Property/bahria_town_phase_8_safari_valley_bahria_town_phase_8_-_abu_bakar_block_7_marla_boulevard_plot_0n_top_location_in_abubakar_block-54675980-3069-2.html,23,Rawalpindi,Bahria Town Phase 8 - Abu Bakar Block,7.0,33.4862,73.0874
TOP LOCATION PLOT AVAILABLE FOR SALE IN BLOCK - C,1.45,"Bahria Town Phase 8 - Block C, Bahria Town Phase 8",https://www.zameen.com/Property/bahria_town_phase_8_bahria_town_phase_8_-_block_c_top_location_plot_available_for_sale_in_block_-_c-54694086-3051-2.html,23,Rawalpindi,Bahria Town Phase 8 - Block C,10.0,33.4862,73.0874
10 MARLA PLOT FOR SALE WITH STUNNING LOCATION IN BLOCK -C,1.25,"Bahria Town Phase 8 - Block C, Bahria Town Phase 8",https://www.zameen.com/Property/bahria_town_phase_8_bahria_town_phase_8_-_block_c_10_marla_plot_for_sale_with_stunning_location_in_block_-c-54795551-3051-2.html,23,Rawalpindi,Bahria Town Phase 8 - Block C,10.0,33.4862,73.0874
12 MARLA CORNER PLOT WITH REGISTRY AVAILABLE FOR SALE IN BLOCK-H,1.65,"Bahria Town Phase 8 - Block H, Bahria Town Phase 8",https://www.zameen.com/Property/bahria_town_phase_8_bahria_town_phase_8_-_block_h_12_marla_corner_plot_with_registry_available_for_sale_in_block-h-54795521-3056-2.html,23,Rawalpindi,Bahria Town Phase 8 - Block H,12.0,33.4862,73.0874
16 MARLA CORNER PLOT WITH OUTSTANDING LOCATION IN BLOCK-I,1.65,"Bahria Town Phase 8 - Block I, Bahria Town Phase 8",https://www.zameen.com/Property/bahria_town_phase_8_bahria_town_phase_8_-_block_i_16_marla_corner_plot_with_outstanding_location_in_block-i-54794189-3057-2.html,23,Rawalpindi,Bahria Town Phase 8 - Block I,16.0,33.4862,73.0874
10 MARLA PLOT AVAILABLE ON REASONABLE PRICE IN SECTOR A,0.9,"Bahria Town Phase 8 - Block A, Bahria Town Phase 8",https://www.zameen.com/Property/bahria_town_phase_8_bahria_town_phase_8_-_block_a_10_marla_plot_available_on_reasonable_price_in_sector_a-54737411-3049-2.html,23,Rawalpindi,Bahria Town Phase 8 - Block A,10.0,33.4862,73.0874
Highly-Desirable Residential Plot Available In Bahria Town Phase 8 - Abu Bakar Block For Sale,0.85,"Bahria Town Phase 8 - Abu Bakar Block, Bahria Town Phase 8 - Safari Valley",https://www.zameen.com/Property/bahria_town_phase_8_safari_valley_bahria_town_phase_8_-_abu_bakar_block_highly-desirable_residential_plot_available_in_bahria_town_phase_8_-_abu_bakar_block_for_sale-54547009-3069-2.html,24,Rawalpindi,Bahria Town Phase 8 - Abu Bakar Block,7.0,33.4862,73.0874
Residential Plot For Grabs In 10 Marla Rawalpindi,1.12,"Bahria Town Phase 8 - Sector F-3, Bahria Town Phase 8",https://www.zameen.com/Property/bahria_town_phase_8_bahria_town_phase_8_-_sector_f-3_residential_plot_for_grabs_in_10_marla_rawalpindi-54141880-8251-2.html,24,Rawalpindi,Bahria Town Phase 8 - Sector F-3,10.0,33.4855018,73.0971219
Looking For A Residential Plot In Bahria Town Phase 8 - Block K,0.55,"Bahria Town Phase 8 - Block K, Bahria Town Phase 8",https://www.zameen.com/Property/bahria_town_phase_8_bahria_town_phase_8_-_block_k_looking_for_a_residential_plot_in_bahria_town_phase_8_-_block_k-54311779-3060-2.html,24,Rawalpindi,Bahria Town Phase 8 - Block K,10.0,33.4862,73.0874
Buy A Centrally Located 10 Marla Residential Plot In Bahria Greens - Overseas Enclave - Sector 3,1.6,"Bahria Greens - Overseas Enclave - Sector 3, Bahria Greens - Overseas Enclave",https://www.zameen.com/Property/bahria_greens_overseas_enclave_bahria_greens_-_overseas_enclave_-_sector_3_buy_a_centrally_located_10_marla_residential_plot_in_bahria_greens_-_overseas_enclave_-_sector_3-54141879-8302-2.html,24,Rawalpindi,Bahria Greens - Overseas Enclave - Sector 3,10.0,33.4735,73.091
Want To Buy A Corner Residential Plot In Rawalpindi?,0.82,"Bahria Town Phase 8 - Sector F-3, Bahria Town Phase 8",https://www.zameen.com/Property/bahria_town_phase_8_bahria_town_phase_8_-_sector_f-3_want_to_buy_a_corner_residential_plot_in_rawalpindi-54174547-8251-2.html,24,Rawalpindi,Bahria Town Phase 8 - Sector F-3,10.0,33.4855018,73.0971219
Get In Touch Now To Buy A 10 Marla Residential Plot In Bahria Town Phase 8 - Sector F-2 Rawalpindi,1.02,"Bahria Town Phase 8 - Sector F-2, Bahria Town Phase 8",https://www.zameen.com/Property/bahria_town_phase_8_bahria_town_phase_8_-_sector_f-2_get_in_touch_now_to_buy_a_10_marla_residential_plot_in_bahria_town_phase_8_-_sector_f-2_rawalpindi-54213701-8250-2.html,24,Rawalpindi,Bahria Town Phase 8 - Sector F-2,10.0,33.4855018,73.0971219
Bahria Town Rawalpindi Phase 8 1 Kanal Possessionable Plot | Ready For Construction,1.1,"Bahria Town Phase 8 - Sector F-4, Bahria Town Phase 8",https://www.zameen.com/Property/bahria_town_phase_8_bahria_town_phase_8_-_sector_f-4_bahria_town_rawalpindi_phase_8_1_kanal_possessionable_plot_ready_for_construction-53236247-8252-2.html,24,Rawalpindi,Bahria Town Phase 8 - Sector F-4,20.0,33.4855018,73.0971219
14 Marla Back Open Plot | Extra Land | Park Facing | Prime C Block Bahria Town Phase 8 | Near Roots School | 145 Lac,1.55,"Bahria Town Phase 8 - Block C, Bahria Town Phase 8",https://www.zameen.com/Property/bahria_town_phase_8_bahria_town_phase_8_-_block_c_14_marla_back_open_plot_extra_land_park_facing_prime_c_block_bahria_town_phase_8_near_roots_school_145_lac-54011480-3051-2.html,24,Rawalpindi,Bahria Town Phase 8 - Block C,14.0,33.4862,73.0874
Bahria Town Rawalpindi Phase 8 M Block | 5 Marla Possession Able Plot For Sale | Solid Land Ready For Construction,0.65,"Bahria Town Phase 8 - Block M, Bahria Town Phase 8",https://www.zameen.com/Property/bahria_town_phase_8_bahria_town_phase_8_-_block_m_bahria_town_rawalpindi_phase_8_m_block_5_marla_possession_able_plot_for_sale_solid_land_ready_for_construction-53220994-3062-2.html,24,Rawalpindi,Bahria Town Phase 8 - Block M,5.0,33.4862,73.0874
5 Marla Possession Able Plot | PU Paid | Level Ready For Construction | Ideal Location In I Block Bahria Town Phase 8,0.68,"Bahria Town Phase 8 - Block I, Bahria Town Phase 8",https://www.zameen.com/Property/bahria_town_phase_8_bahria_town_phase_8_-_block_i_5_marla_possession_able_plot_pu_paid_level_ready_for_construction_ideal_location_in_i_block_bahria_town_phase_8-53319187-3057-2.html,24,Rawalpindi,Bahria Town Phase 8 - Block I,5.0,33.4862,73.0874
F-1 Block Boulevard Plot | Back Open + Extra Green Land | Top Heighted | 105 Lac | Phase 8,1.05,"Bahria Town Phase 8 - Sector F-1, Bahria Town Phase 8",https://www.zameen.com/Property/bahria_town_phase_8_bahria_town_phase_8_-_sector_f-1_f-1_block_boulevard_plot_back_open_extra_green_land_top_heighted_105_lac_phase_8-53699164-3095-2.html,24,Rawalpindi,Bahria Town Phase 8 - Sector F-1,10.0,33.4855018,73.0971219
"23 Marla Possession Able Plot For Sale Sector A, Bahria Town Rawalpindi Phase 8 | Prime Location Near Business District & DHA 4 Bridge",2.1,"Bahria Town Phase 8 - Block A, Bahria Town Phase 8",https://www.zameen.com/Property/bahria_town_phase_8_bahria_town_phase_8_-_block_a_23_marla_possession_able_plot_for_sale_sector_a_bahria_town_rawalpindi_phase_8_prime_location_near_business_district_dha_4_bridge-53056617-3049-2.html,24,Rawalpindi,Bahria Town Phase 8 - Block A,24.0,33.4862,73.0874
Bahria Town Rawalpindi Phase 8 M Block | 5 Marla Possessionable Plot for Sale | Prime Location with All Dues Paid,0.7,"Bahria Town Phase 8 - Block M, Bahria Town Phase 8",https://www.zameen.com/Property/bahria_town_phase_8_bahria_town_phase_8_-_block_m_bahria_town_rawalpindi_phase_8_m_block_5_marla_possessionable_plot_for_sale_prime_location_with_all_dues_paid-53070798-3062-2.html,24,Rawalpindi,Bahria Town Phase 8 - Block M,5.0,33.4862,73.0874
1 KANAL BOULEVARD BACK OPEN PLOT AVAILABLE FOR SALE IN BLOCK-A,1.7,"Bahria Town Phase 8 - Block A, Bahria Town Phase 8",https://www.zameen.com/Property/bahria_town_phase_8_bahria_town_phase_8_-_block_a_1_kanal_boulevard_back_open_plot_available_for_sale_in_block-a-54737357-3049-2.html,24,Rawalpindi,Bahria Town Phase 8 - Block A,20.0,33.4862,73.0874
HUGE CORNER PLOT 36 MARLA AVAILABLE FOR SALE IN BLOCK-A,4.0,"Bahria Town Phase 8 - Block A, Bahria Town Phase 8",https://www.zameen.com/Property/bahria_town_phase_8_bahria_town_phase_8_-_block_a_huge_corner_plot_36_marla_available_for_sale_in_block-a-54738479-3049-2.html,24,Rawalpindi,Bahria Town Phase 8 - Block A,36.0,33.4862,73.0874
PRIME PAIR PLOTS 10 MARLA AVAILABLE FOR SALE IN BLOCK - D,1.7,"Bahria Town Phase 8 - Block D, Bahria Town Phase 8",https://www.zameen.com/Property/bahria_town_phase_8_bahria_town_phase_8_-_block_d_prime_pair_plots_10_marla_available_for_sale_in_block_-_d-54748646-3052-2.html,24,Rawalpindi,Bahria Town Phase 8 - Block D,10.0,33.4862,73.0874
5 MARLA PLOT WITH SOLID LAND AVAILABLE FOR SALE IN BLOCK L,0.65,"Bahria Town Phase 8 - Block L, Bahria Town Phase 8",https://www.zameen.com/Property/bahria_town_phase_8_bahria_town_phase_8_-_block_l_5_marla_plot_with_solid_land_available_for_sale_in_block_l-54752612-3061-2.html,24,Rawalpindi,Bahria Town Phase 8 - Block L,5.0,33.4862,73.0874
7 MARLA PLOT AVAILABLE FOR SALE ON PRIME LOCATION IN UMER BLOCK,0.85,"Bahria Town Phase 8 - Umer Block, Bahria Town Phase 8 - Safari Valley",https://www.zameen.com/Property/bahria_town_phase_8_safari_valley_bahria_town_phase_8_-_umer_block_7_marla_plot_available_for_sale_on_prime_location_in_umer_block-54754170-3067-2.html,24,Rawalpindi,Bahria Town Phase 8 - Umer Block,7.0,33.4862,73.0874
Bahria Town Rwp/Isb Phase8 E1 Block 10Marla (35*70)Sized Residential Plot Available For Sale,1.25,"Bahria Town Phase 8 - Sector E-1, Bahria Town Phase 8",https://www.zameen.com/Property/bahria_town_phase_8_bahria_town_phase_8_-_sector_e-1_bahria_town_rwp_isb_phase8_e1_block_10marla_35_70_sized_residential_plot_available_for_sale-54803098-8360-2.html,24,Rawalpindi,Bahria Town Phase 8 - Sector E-1,10.8,33.4855018,73.0971219
Possession Plots Available for Sale in Blue World City Islamabad   Available on Cash Payment Ready for Possession! A great opportunity to secure your plot in one of Islamabads emerging residential destinations.,0.23,"Blue World City, Chakri Road",https://www.zameen.com/Property/chakri_road_blue_world_city_possession_plots_available_for_sale_in_blue_world_city_islamabad_available_on_cash_payment_ready_for_possession_a_great_opportunity_to_secure_your_plot_in_one_of_islamabads_emerging_residential_destinations-54803071-11768-2.html,24,Rawalpindi,Blue World City,5.0,33.3674961,72.8668694
A Great Choice For A 5Marla (30*40)Sized Residential Plot Available,0.7,"Bahria Town Phase 8 - Sector E-3, Bahria Town Phase 8",https://www.zameen.com/Property/bahria_town_phase_8_bahria_town_phase_8_-_sector_e-3_a_great_choice_for_a_5marla_30_40_sized_residential_plot_available-54494195-15902-2.html,24,Rawalpindi,Bahria Town Phase 8 - Sector E-3,5.0,33.4855018,73.0971219
"10 Marla Heighted Location Plot Prime Spot In N Block, Bahria Town Phase 8",0.72,"Bahria Town Phase 8 - Block N, Bahria Town Phase 8",https://www.zameen.com/Property/bahria_town_phase_8_bahria_town_phase_8_-_block_n_10_marla_heighted_location_plot_prime_spot_in_n_block_bahria_town_phase_8-52272998-3063-2.html,25,Rawalpindi,Bahria Town Phase 8 - Block N,10.0,33.4862,73.0874
Plot For Sale 5marla,0.28,"Adiala Road, Rawalpindi",https://www.zameen.com/Property/rawalpindi_adiala_road_plot_for_sale_5marla-54791579-478-2.html,25,Rawalpindi,Adiala Road,5.0,33.5778124,73.0650131
5 Marla Residential Plot For Sale on Adiala Road Rawalpindi.,0.25,"Adiala Road, Rawalpindi",https://www.zameen.com/Property/rawalpindi_adiala_road_5_marla_residential_plot_for_sale_on_adiala_road_rawalpindi-53570945-478-2.html,25,Rawalpindi,Adiala Road,5.0,33.5778124,73.0650131
7 MARLA RESIDENTIAL PLOT IN UMER BLOCK,0.95,"Bahria Town Phase 8 - Umer Block, Bahria Town Phase 8 - Safari Valley",https://www.zameen.com/Property/bahria_town_phase_8_safari_valley_bahria_town_phase_8_-_umer_block_7_marla_residential_plot_in_umer_block-53081075-3067-2.html,25,Rawalpindi,Bahria Town Phase 8 - Umer Block,7.0,33.4862,73.0874
10 MARLA PLOT IN SECTOR J PHASE 8,1.15,"Bahria Town Phase 8 - Block J, Bahria Town Phase 8",https://www.zameen.com/Property/bahria_town_phase_8_bahria_town_phase_8_-_block_j_10_marla_plot_in_sector_j_phase_8-53184234-3058-2.html,25,Rawalpindi,Bahria Town Phase 8 - Block J,10.0,33.4862,73.0874
10 MARLA IDEALLY LOCATED PLOT BAHRIA TOWN,0.85,"Bahria Town Phase 8 - Block L, Bahria Town Phase 8",https://www.zameen.com/Property/bahria_town_phase_8_bahria_town_phase_8_-_block_l_10_marla_ideally_located_plot_bahria_town-54733910-3061-2.html,25,Rawalpindi,Bahria Town Phase 8 - Block L,10.0,33.4862,73.0874
7 MARLA PLOT BOULEVARD CORNER BAHRIA TOWN,1.15,"Bahria Town Phase 8 - Usman Block, Bahria Town Phase 8 - Safari Valley",https://www.zameen.com/Property/bahria_town_phase_8_safari_valley_bahria_town_phase_8_-_usman_block_7_marla_plot_boulevard_corner_bahria_town-54774147-3068-2.html,25,Rawalpindi,Bahria Town Phase 8 - Usman Block,7.0,33.4848621,73.096708
Up Country Block F Plot 368 Plot 545 Demand 34 Lac,0.34,"UpCountry Enclosures Society - Block F, UpCountry Enclosures Housing Society",https://www.zameen.com/Property/upcountry_enclosures_housing_society_upcountry_enclosures_society_-_block_f_up_country_block_f_plot_368_plot_545_demand_34_lac-54694416-16295-2.html,25,Rawalpindi,UpCountry Enclosures Society - Block F,5.0,33.5412,72.8845
"Prime 1 Kanal Plot Usman D, Phase 8",2.2,"Bahria Town Phase 8 - Usman D Block, Bahria Town Phase 8 - Safari Valley",https://www.zameen.com/Property/bahria_town_phase_8_safari_valley_bahria_town_phase_8_-_usman_d_block_prime_1_kanal_plot_usman_d_phase_8-54103824-12179-2.html,25,Rawalpindi,Bahria Town Phase 8 - Usman D Block,20.0,33.4862,73.0874
"10 Marla Residential Plot With 3 Marla Extra Land For Sale Sector F-1, Phase 8, Bahria Town Rawalpindi",1.28,"Bahria Town Phase 8 - Sector F-1, Bahria Town Phase 8",https://www.zameen.com/Property/bahria_town_phase_8_bahria_town_phase_8_-_sector_f-1_10_marla_residential_plot_with_3_marla_extra_land_for_sale_sector_f-1_phase_8_bahria_town_rawalpindi-54766235-3095-2.html,25,Rawalpindi,Bahria Town Phase 8 - Sector F-1,10.0,33.4855018,73.0971219
8 Marla Developed Plot Ready For Construction Prime Location Deal,0.53,"Bahria Town Phase 8, Bahria Town Rawalpindi",https://www.zameen.com/Property/bahria_town_rawalpindi_bahria_town_phase_8_8_marla_developed_plot_ready_for_construction_prime_location_deal-54080364-3048-2.html,25,Rawalpindi,Bahria Town Phase 8,7.0,33.5012685,73.0872635
Plot For Sale In Upcountry Enclosure,0.36,"UpCountry Enclosures Society - Block H, UpCountry Enclosures Housing Society",https://www.zameen.com/Property/upcountry_enclosures_housing_society_upcountry_enclosures_society_-_block_h_plot_for_sale_in_upcountry_enclosure-54140060-16297-2.html,25,Rawalpindi,UpCountry Enclosures Society - Block H,5.0,33.5412,72.8845
Buy 5Marla (30*40)Sized Residential Plot In Bahria Town Rwp/Isb Phase8 Sector E4 At Highly Affordable Price,0.65,"Bahria Town Phase 8 - Sector E-4, Bahria Town Phase 8",https://www.zameen.com/Property/bahria_town_phase_8_bahria_town_phase_8_-_sector_e-4_buy_5marla_30_40_sized_residential_plot_in_bahria_town_rwp_isb_phase8_sector_e4_at_highly_affordable_price-54494196-16268-2.html,25,Rawalpindi,Bahria Town Phase 8 - Sector E-4,5.0,33.4855018,73.0971219
Residential Plot For sale Is Readily Available In Prime Location Of Bahria Town Phase 8 - Block J,0.9,"Bahria Town Phase 8 - Block J, Bahria Town Phase 8",https://www.zameen.com/Property/bahria_town_phase_8_bahria_town_phase_8_-_block_j_residential_plot_for_sale_is_readily_available_in_prime_location_of_bahria_town_phase_8_-_block_j-54497857-3058-2.html,25,Rawalpindi,Bahria Town Phase 8 - Block J,7.0,33.4862,73.0874
7 Marla (30*60)Sized Residential Plot For Sale In Bahria Town Phase 8 - Block J,0.8,"Bahria Town Phase 8 - Block J, Bahria Town Phase 8",https://www.zameen.com/Property/bahria_town_phase_8_bahria_town_phase_8_-_block_j_7_marla_30_60_sized_residential_plot_for_sale_in_bahria_town_phase_8_-_block_j-54497856-3058-2.html,25,Rawalpindi,Bahria Town Phase 8 - Block J,7.0,33.4862,73.0874
Aesthetic Residential Plot Of 10Marla (35*70)Sized On Main 120ft Wide Road Residential Plot Available in Sector J,0.65,"Bahria Town Phase 8 - Block J, Bahria Town Phase 8",https://www.zameen.com/Property/bahria_town_phase_8_bahria_town_phase_8_-_block_j_aesthetic_residential_plot_of_10marla_35_70_sized_on_main_120ft_wide_road_residential_plot_available_in_sector_j-54497859-3058-2.html,25,Rawalpindi,Bahria Town Phase 8 - Block J,10.0,33.4862,73.0874
Stunning 10Marla (35*70)Sized Corner Residential Plot In Bahria Town Phase 8 - Block K Rwp/Isb Available,0.65,"Bahria Town Phase 8 - Block K, Bahria Town Phase 8",https://www.zameen.com/Property/bahria_town_phase_8_bahria_town_phase_8_-_block_k_stunning_10marla_35_70_sized_corner_residential_plot_in_bahria_town_phase_8_-_block_k_rwp_isb_available-54497862-3060-2.html,25,Rawalpindi,Bahria Town Phase 8 - Block K,10.0,33.4862,73.0874
7 Marla (30*60)Sized Residential Plot For Sale In Bahria Town Phase 8 - Block K Rawalpindi,0.48,"Bahria Town Phase 8 - Block K, Bahria Town Phase 8",https://www.zameen.com/Property/bahria_town_phase_8_bahria_town_phase_8_-_block_k_7_marla_30_60_sized_residential_plot_for_sale_in_bahria_town_phase_8_-_block_k_rawalpindi-54497860-3060-2.html,25,Rawalpindi,Bahria Town Phase 8 - Block K,7.0,33.4862,73.0874
Book 10Marla (35*70)Sized Residential Plot Today In Bahria Town Phase 8 - Block L (Rwp/Isb),0.75,"Bahria Town Phase 8 - Block L, Bahria Town Phase 8",https://www.zameen.com/Property/bahria_town_phase_8_bahria_town_phase_8_-_block_l_book_10marla_35_70_sized_residential_plot_today_in_bahria_town_phase_8_-_block_l_rwp_isb-54497869-3061-2.html,25,Rawalpindi,Bahria Town Phase 8 - Block L,10.0,33.4862,73.0874
5 Marla Plot For Sale In Saffron City Easy Installments Pre-Launch Rates,0.45,"Saffron City, GT Road",https://www.zameen.com/Property/gt_road_saffron_city_5_marla_plot_for_sale_in_saffron_city_easy_installments_pre-launch_rates-54134009-21050-2.html,26,Rawalpindi,Saffron City,5.0,33.6520202,73.076983
Saffron City 5 Marla Plots,0.31,"Saffron City, GT Road",https://www.zameen.com/Property/gt_road_saffron_city_saffron_city_5_marla_plots-54794990-21050-2.html,26,Rawalpindi,Saffron City,5.0,33.6520202,73.076983
Corner 10 Marla Plot For Sale In UpCountry Enclosures,0.65,"UpCountry Enclosures Society - Block H, UpCountry Enclosures Housing Society",https://www.zameen.com/Property/upcountry_enclosures_housing_society_upcountry_enclosures_society_-_block_h_corner_10_marla_plot_for_sale_in_upcountry_enclosures-54795055-16297-2.html,26,Rawalpindi,UpCountry Enclosures Society - Block H,10.0,33.5412,72.8845
PLOTS AVAILABLE FOR SALE,0.28,"UpCountry Enclosures Society - Block F, UpCountry Enclosures Housing Society",https://www.zameen.com/Property/upcountry_enclosures_housing_society_upcountry_enclosures_society_-_block_f_plots_available_for_sale-54710456-16295-2.html,26,Rawalpindi,UpCountry Enclosures Society - Block F,5.0,33.5412,72.8845
Safron City 5 Marla Plot For Sale,0.32,"Saffron City, GT Road",https://www.zameen.com/Property/gt_road_saffron_city_safron_city_5_marla_plot_for_sale-54451058-21050-2.html,26,Rawalpindi,Saffron City,5.6,33.6520202,73.076983
UP COUNTRY ENCLOSURE 1 KANAL SUN FACE PLOT FOR SALE | BlOCK F |,0.93,"UpCountry Enclosures Society - Block F, UpCountry Enclosures Housing Society",https://www.zameen.com/Property/upcountry_enclosures_housing_society_upcountry_enclosures_society_-_block_f_up_country_enclosure_1_kanal_sun_face_plot_for_sale_block_f-54793402-16295-2.html,26,Rawalpindi,UpCountry Enclosures Society - Block F,20.0,33.5412,72.8845
Sector I 10Marla Builders Location Plot For Sale.,0.88,"Bahria Town Phase 8, Bahria Town Rawalpindi",https://www.zameen.com/Property/bahria_town_rawalpindi_bahria_town_phase_8_sector_i_10marla_builders_location_plot_for_sale-54785274-3048-2.html,26,Rawalpindi,Bahria Town Phase 8,10.0,33.5012685,73.0872635
Residential Plot Of 1Kanal (50*90)Sized Is Available In Contemporary Neighborhood Of Bahria Town Ra Walpindi Phase8 Sector-E,1.85,"Bahria Town Phase 8 - Block E, Bahria Town Phase 8",https://www.zameen.com/Property/bahria_town_phase_8_bahria_town_phase_8_-_block_e_residential_plot_of_1kanal_50_90_sized_is_available_in_contemporary_neighborhood_of_bahria_town_ra_walpindi_phase8_sector-e-54494192-3053-2.html,26,Rawalpindi,Bahria Town Phase 8 - Block E,20.0,33.4862,73.0874
Phase7 1Kanal (50*90)Sized Residential Plot Available For Sale In Bahria Town Rwp/Isb,3.7,"Bahria Town Phase 7, Bahria Town Rawalpindi",https://www.zameen.com/Property/bahria_town_rawalpindi_bahria_town_phase_7_phase7_1kanal_50_90_sized_residential_plot_available_for_sale_in_bahria_town_rwp_isb-54685465-3047-2.html,26,Rawalpindi,Bahria Town Phase 7,20.0,33.5701202,73.1163357
RESIDENTIAL PLOT FOR SALE,0.35,"UpCountry Enclosures Society - Block H, UpCountry Enclosures Housing Society",https://www.zameen.com/Property/upcountry_enclosures_housing_society_upcountry_enclosures_society_-_block_h_residential_plot_for_sale-54710027-16297-2.html,26,Rawalpindi,UpCountry Enclosures Society - Block H,5.0,33.5412,72.8845
Plot For Sale With A Beautiful Location,0.93,"Punjab Government Servant Housing Foundation (PGSHF), Rawalpindi",https://www.zameen.com/Property/rawalpindi_punjab_government_servant_housing_foundation_pgshf_plot_for_sale_with_a_beautiful_location-54550576-10424-2.html,26,Rawalpindi,Punjab Government Servant Housing Foundation (PGSHF),7.0,33.4542,72.9515
"10 Marla Residential Plot For Sale In Overseas Sector, Bahria Town Phase 8",1.65,"Bahria Greens - Overseas Enclave - Sector 3, Bahria Greens - Overseas Enclave",https://www.zameen.com/Property/bahria_greens_overseas_enclave_bahria_greens_-_overseas_enclave_-_sector_3_10_marla_residential_plot_for_sale_in_overseas_sector_bahria_town_phase_8-53689489-8302-2.html,26,Rawalpindi,Bahria Greens - Overseas Enclave - Sector 3,10.0,33.4735,73.091
8 Marla (30*60)Sized Residential Plot Is Available For Sale In Bahria Town Phase 8 - Rafi Block Rwp/Isb,1.3,"Bahria Town Phase 8 - Rafi Block, Bahria Town Phase 8",https://www.zameen.com/Property/bahria_town_phase_8_bahria_town_phase_8_-_rafi_block_8_marla_30_60_sized_residential_plot_is_available_for_sale_in_bahria_town_phase_8_-_rafi_block_rwp_isb-54497882-3071-2.html,26,Rawalpindi,Bahria Town Phase 8 - Rafi Block,8.0,33.4862,73.0874
Get An Attractive 1kanal (50*90)Sized With Extra Land Residential Plot In Bahria Greens (Overseas Sectore-1) Rawalpindi Under Rs. 29000000,3.0,"Bahria Greens - Overseas Enclave - Sector 1, Bahria Greens - Overseas Enclave",https://www.zameen.com/Property/bahria_greens_overseas_enclave_bahria_greens_-_overseas_enclave_-_sector_1_get_an_attractive_1kanal_50_90_sized_with_extra_land_residential_plot_in_bahria_greens_overseas_sectore-1_rawalpindi_under_rs_29000000-54497892-8300-2.html,26,Rawalpindi,Bahria Greens - Overseas Enclave - Sector 1,20.0,33.4735,73.091
2-Kanal Residential Plot In Bahria Greens - Overseas Enclave - Sector 1 For sale At Good Location,6.75,"Bahria Greens - Overseas Enclave - Sector 1, Bahria Greens - Overseas Enclave",https://www.zameen.com/Property/bahria_greens_overseas_enclave_bahria_greens_-_overseas_enclave_-_sector_1_2-kanal_residential_plot_in_bahria_greens_-_overseas_enclave_-_sector_1_for_sale_at_good_location-54497893-8300-2.html,26,Rawalpindi,Bahria Greens - Overseas Enclave - Sector 1,40.0,33.4735,73.091
Affordable 11 Marla Residential Plot Available For Sale In Bahria Greens - Overseas Enclave - Sector 2 Rwp,1.85,"Bahria Greens - Overseas Enclave - Sector 2, Bahria Greens - Overseas Enclave",https://www.zameen.com/Property/bahria_greens_overseas_enclave_bahria_greens_-_overseas_enclave_-_sector_2_affordable_11_marla_residential_plot_available_for_sale_in_bahria_greens_-_overseas_enclave_-_sector_2_rwp-54497894-8301-2.html,26,Rawalpindi,Bahria Greens - Overseas Enclave - Sector 2,11.0,33.4735,73.091
In Bahria Greens - Overseas Enclave - Sector 3 Residential Plot on Main Boulevard For sale Sized 2 Kanal (75*120)Sized,6.1,"Bahria Greens - Overseas Enclave - Sector 3, Bahria Greens - Overseas Enclave",https://www.zameen.com/Property/bahria_greens_overseas_enclave_bahria_greens_-_overseas_enclave_-_sector_3_in_bahria_greens_-_overseas_enclave_-_sector_3_residential_plot_on_main_boulevard_for_sale_sized_2_kanal_75_120_sized-54497898-8302-2.html,26,Rawalpindi,Bahria Greens - Overseas Enclave - Sector 3,40.0,33.4735,73.091
Gorgeous 10Marla (35*70)Sized Residential Plot For sale Available In Bahria Greens - Overseas Enclave - Sector 5 (Rwp/Isb),1.6,"Bahria Greens - Overseas Enclave - Sector 5, Bahria Greens - Overseas Enclave",https://www.zameen.com/Property/bahria_greens_overseas_enclave_bahria_greens_-_overseas_enclave_-_sector_5_gorgeous_10marla_35_70_sized_residential_plot_for_sale_available_in_bahria_greens_-_overseas_enclave_-_sector_5_rwp_isb-54497900-8304-2.html,26,Rawalpindi,Bahria Greens - Overseas Enclave - Sector 5,10.0,33.4735,73.091
Bahria Town Rwp/Isb Phase 8 - Usman-D Block 22Marla (50*100)Sized Residential Plot Up For sale,2.25,"Bahria Town Phase 8 - Usman D Block, Bahria Town Phase 8 - Safari Valley",https://www.zameen.com/Property/bahria_town_phase_8_safari_valley_bahria_town_phase_8_-_usman_d_block_bahria_town_rwp_isb_phase_8_-_usman-d_block_22marla_50_100_sized_residential_plot_up_for_sale-54497906-12179-2.html,26,Rawalpindi,Bahria Town Phase 8 - Usman D Block,20.0,33.4862,73.0874
10 Marla Residential Plot in Overseas Sector Bahria Town Phase 8 Rawalpindi,1.6,"Bahria Greens - Overseas Enclave - Sector 2, Bahria Greens - Overseas Enclave",https://www.zameen.com/Property/bahria_greens_overseas_enclave_bahria_greens_-_overseas_enclave_-_sector_2_10_marla_residential_plot_in_overseas_sector_bahria_town_phase_8_rawalpindi-53689482-8301-2.html,27,Rawalpindi,Bahria Greens - Overseas Enclave - Sector 2,10.0,33.4735,73.091
"10 Marla Residential Plot for Sale in Overseas Sector, Bahria Town Phase 8",1.65,"Bahria Greens - Overseas Enclave - Sector 2, Bahria Greens - Overseas Enclave",https://www.zameen.com/Property/bahria_greens_overseas_enclave_bahria_greens_-_overseas_enclave_-_sector_2_10_marla_residential_plot_for_sale_in_overseas_sector_bahria_town_phase_8-53689485-8301-2.html,27,Rawalpindi,Bahria Greens - Overseas Enclave - Sector 2,10.0,33.4735,73.091
"10 Marla Residential Plot For Sale In Overseas Sector, Bahria Town Phase 8",1.65,"Bahria Greens - Overseas Enclave - Sector 6, Bahria Greens - Overseas Enclave",https://www.zameen.com/Property/bahria_greens_overseas_enclave_bahria_greens_-_overseas_enclave_-_sector_6_10_marla_residential_plot_for_sale_in_overseas_sector_bahria_town_phase_8-53689505-8305-2.html,27,Rawalpindi,Bahria Greens - Overseas Enclave - Sector 6,10.0,33.4735,73.091
"10 Marla Residential Plot for Sale in Overseas Sector, Bahria Town Phase 8",1.6,"Bahria Greens - Overseas Enclave - Sector 3, Bahria Greens - Overseas Enclave",https://www.zameen.com/Property/bahria_greens_overseas_enclave_bahria_greens_-_overseas_enclave_-_sector_3_10_marla_residential_plot_for_sale_in_overseas_sector_bahria_town_phase_8-53689493-8302-2.html,27,Rawalpindi,Bahria Greens - Overseas Enclave - Sector 3,10.0,33.4735,73.091
"1 Kanal Plot For Sale in Overseas Sector, Bahria Town",2.4,"Bahria Greens - Overseas Enclave - Sector 3, Bahria Greens - Overseas Enclave",https://www.zameen.com/Property/bahria_greens_overseas_enclave_bahria_greens_-_overseas_enclave_-_sector_3_1_kanal_plot_for_sale_in_overseas_sector_bahria_town-53689495-8302-2.html,27,Rawalpindi,Bahria Greens - Overseas Enclave - Sector 3,20.0,33.4735,73.091
"1 Kanal Plot For Sale in Overseas Sector, Bahria Town",2.75,"Bahria Greens - Overseas Enclave - Sector 3, Bahria Greens - Overseas Enclave",https://www.zameen.com/Property/bahria_greens_overseas_enclave_bahria_greens_-_overseas_enclave_-_sector_3_1_kanal_plot_for_sale_in_overseas_sector_bahria_town-53689497-8302-2.html,27,Rawalpindi,Bahria Greens - Overseas Enclave - Sector 3,20.0,33.4735,73.091
"1 Kanal Plot For Sale In Overseas Sector, Bahria Town",2.25,"Bahria Greens - Overseas Enclave - Sector 5, Bahria Greens - Overseas Enclave",https://www.zameen.com/Property/bahria_greens_overseas_enclave_bahria_greens_-_overseas_enclave_-_sector_5_1_kanal_plot_for_sale_in_overseas_sector_bahria_town-53689498-8304-2.html,27,Rawalpindi,Bahria Greens - Overseas Enclave - Sector 5,20.0,33.4735,73.091
"1 Kanal Plot For Sale in Overseas Sector, Bahria Town",2.35,"Bahria Greens - Overseas Enclave - Sector 5, Bahria Greens - Overseas Enclave",https://www.zameen.com/Property/bahria_greens_overseas_enclave_bahria_greens_-_overseas_enclave_-_sector_5_1_kanal_plot_for_sale_in_overseas_sector_bahria_town-53689501-8304-2.html,27,Rawalpindi,Bahria Greens - Overseas Enclave - Sector 5,20.0,33.4735,73.091
"10 Marla Residential Plot For Sale In Overseas Sector, Bahria Town Phase 8",1.65,"Bahria Greens - Overseas Enclave - Sector 5, Bahria Greens - Overseas Enclave",https://www.zameen.com/Property/bahria_greens_overseas_enclave_bahria_greens_-_overseas_enclave_-_sector_5_10_marla_residential_plot_for_sale_in_overseas_sector_bahria_town_phase_8-53689503-8304-2.html,27,Rawalpindi,Bahria Greens - Overseas Enclave - Sector 5,10.0,33.4735,73.091
"10 Marla Residential Plot For Sale In Overseas Sector, Bahria Town Phase 8",1.6,"Bahria Greens - Overseas Enclave - Sector 6, Bahria Greens - Overseas Enclave",https://www.zameen.com/Property/bahria_greens_overseas_enclave_bahria_greens_-_overseas_enclave_-_sector_6_10_marla_residential_plot_for_sale_in_overseas_sector_bahria_town_phase_8-53689509-8305-2.html,27,Rawalpindi,Bahria Greens - Overseas Enclave - Sector 6,10.0,33.4735,73.091
CORNER Plot Solid Land 3 Side Open Possession Utility Paid Ready To Built Very Reason Able Price,3.2,"Bahria Town Phase 8 - Usman D Block, Bahria Town Phase 8 - Safari Valley",https://www.zameen.com/Property/bahria_town_phase_8_safari_valley_bahria_town_phase_8_-_usman_d_block_corner_plot_solid_land_3_side_open_possession_utility_paid_ready_to_built_very_reason_able_price-53187764-12179-2.html,27,Rawalpindi,Bahria Town Phase 8 - Usman D Block,40.0,33.4862,73.0874
1 Kanal Plot For Sale In Bahria Town 7,2.65,"Bahria Town Phase 7, Bahria Town Rawalpindi",https://www.zameen.com/Property/bahria_town_rawalpindi_bahria_town_phase_7_1_kanal_plot_for_sale_in_bahria_town_7-53689521-3047-2.html,27,Rawalpindi,Bahria Town Phase 7,20.0,33.5701202,73.1163357
10 Marla Residential Plot For Sale In Bahria Town Phase 7,1.7,"Bahria Town Phase 7, Bahria Town Rawalpindi",https://www.zameen.com/Property/bahria_town_rawalpindi_bahria_town_phase_7_10_marla_residential_plot_for_sale_in_bahria_town_phase_7-53689518-3047-2.html,27,Rawalpindi,Bahria Town Phase 7,10.0,33.5701202,73.1163357
10 Marla Residential Plot for Sale in Bahria Town Phase 7,1.5,"Bahria Town Phase 7, Bahria Town Rawalpindi",https://www.zameen.com/Property/bahria_town_rawalpindi_bahria_town_phase_7_10_marla_residential_plot_for_sale_in_bahria_town_phase_7-53689519-3047-2.html,27,Rawalpindi,Bahria Town Phase 7,10.0,33.5701202,73.1163357
1 Kanal Plot For Sale in Bahria Town Phase 7,2.45,"Bahria Town Phase 7, Bahria Town Rawalpindi",https://www.zameen.com/Property/bahria_town_rawalpindi_bahria_town_phase_7_1_kanal_plot_for_sale_in_bahria_town_phase_7-53689524-3047-2.html,27,Rawalpindi,Bahria Town Phase 7,20.0,33.5701202,73.1163357
1 Kanal Plot For Sale In Sector P Bahria Town Phase 8,1.55,"Bahria Town Phase 8 - Block P, Bahria Town Phase 8",https://www.zameen.com/Property/bahria_town_phase_8_bahria_town_phase_8_-_block_p_1_kanal_plot_for_sale_in_sector_p_bahria_town_phase_8-53689473-3065-2.html,27,Rawalpindi,Bahria Town Phase 8 - Block P,20.0,33.4862,73.0874
"1 Kanal Plot For Sale in Bahria Hamlet, Bahria Town",1.8,"Bahria Hamlet, Bahria Town Phase 8",https://www.zameen.com/Property/bahria_town_phase_8_bahria_hamlet_1_kanal_plot_for_sale_in_bahria_hamlet_bahria_town-53689479-10354-2.html,27,Rawalpindi,Bahria Hamlet,20.0,33.4891,73.1232
Bahria Town Rwp/Isb Phase1 1Kanal With Extra Land Residential PLot Available For Sale,2.0,"Bahria Town Phase 1, Bahria Town Rawalpindi",https://www.zameen.com/Property/bahria_town_rawalpindi_bahria_town_phase_1_bahria_town_rwp_isb_phase1_1kanal_with_extra_land_residential_plot_available_for_sale-54668999-3033-2.html,27,Rawalpindi,Bahria Town Phase 1,20.0,33.5701202,73.1163357
Bahria Town Rwp Phase7 24Marla Boulevard & Corner Residential Plot Available Sale,4.75,"Bahria Town Phase 7, Bahria Town Rawalpindi",https://www.zameen.com/Property/bahria_town_rawalpindi_bahria_town_phase_7_bahria_town_rwp_phase7_24marla_boulevard_corner_residential_plot_available_sale-54671626-3047-2.html,27,Rawalpindi,Bahria Town Phase 7,20.0,33.5701202,73.1163357
"1 Kanal Plot For Sale In Bahria Hamlet, Bahria Town",1.75,"Bahria Hamlet, Bahria Town Phase 8",https://www.zameen.com/Property/bahria_town_phase_8_bahria_hamlet_1_kanal_plot_for_sale_in_bahria_hamlet_bahria_town-53689475-10354-2.html,28,Rawalpindi,Bahria Hamlet,20.0,33.4891,73.1232
"1 Kanal Low Budget Plot For Sale In Block P, Bahria Town",1.4,"Bahria Town Phase 8 - Block P, Bahria Town Phase 8",https://www.zameen.com/Property/bahria_town_phase_8_bahria_town_phase_8_-_block_p_1_kanal_low_budget_plot_for_sale_in_block_p_bahria_town-53689471-3065-2.html,28,Rawalpindi,Bahria Town Phase 8 - Block P,20.0,33.4862,73.0874
5 Marla Low Budget Plot For Sale In Block M,0.75,"Bahria Town Phase 8 - Block M, Bahria Town Phase 8",https://www.zameen.com/Property/bahria_town_phase_8_bahria_town_phase_8_-_block_m_5_marla_low_budget_plot_for_sale_in_block_m-53685906-3062-2.html,28,Rawalpindi,Bahria Town Phase 8 - Block M,5.0,33.4862,73.0874
5 Marla Low Budget Plot For Sale in Block M,0.7,"Bahria Town Phase 8 - Block M, Bahria Town Phase 8",https://www.zameen.com/Property/bahria_town_phase_8_bahria_town_phase_8_-_block_m_5_marla_low_budget_plot_for_sale_in_block_m-53685908-3062-2.html,28,Rawalpindi,Bahria Town Phase 8 - Block M,5.0,33.4862,73.0874
5 Marla Low Budget Plot For Sale in Block M,0.72,"Bahria Town Phase 8 - Block M, Bahria Town Phase 8",https://www.zameen.com/Property/bahria_town_phase_8_bahria_town_phase_8_-_block_m_5_marla_low_budget_plot_for_sale_in_block_m-53685911-3062-2.html,28,Rawalpindi,Bahria Town Phase 8 - Block M,5.0,33.4862,73.0874
"10 Marla Plot For Sale In Sector L, Bahria Town Phase 8.",0.85,"Bahria Town Phase 8 - Block L, Bahria Town Phase 8",https://www.zameen.com/Property/bahria_town_phase_8_bahria_town_phase_8_-_block_l_10_marla_plot_for_sale_in_sector_l_bahria_town_phase_8-53685904-3061-2.html,28,Rawalpindi,Bahria Town Phase 8 - Block L,10.0,33.4862,73.0874
"10 Marla Residential Plot For Sale In Sector L, Bahria Town Phase 8",0.8,"Bahria Town Phase 8 - Block L, Bahria Town Phase 8",https://www.zameen.com/Property/bahria_town_phase_8_bahria_town_phase_8_-_block_l_10_marla_residential_plot_for_sale_in_sector_l_bahria_town_phase_8-53685901-3061-2.html,28,Rawalpindi,Bahria Town Phase 8 - Block L,10.0,33.4862,73.0874
5 Marla Low Budget Plot For Sale In Block L,0.58,"Bahria Town Phase 8 - Block L, Bahria Town Phase 8",https://www.zameen.com/Property/bahria_town_phase_8_bahria_town_phase_8_-_block_l_5_marla_low_budget_plot_for_sale_in_block_l-53685898-3061-2.html,28,Rawalpindi,Bahria Town Phase 8 - Block L,5.0,33.4862,73.0874
8 Marla Plot Available For Sale,0.86,"Bahria Town Phase 8 - Block J, Bahria Town Phase 8",https://www.zameen.com/Property/bahria_town_phase_8_bahria_town_phase_8_-_block_j_8_marla_plot_available_for_sale-53681451-3058-2.html,28,Rawalpindi,Bahria Town Phase 8 - Block J,8.0,33.4862,73.0874
10 Marla Residential Plot In Block I Bahria Town Phase 8 Rawalpindi,1.05,"Bahria Town Phase 8 - Block I, Bahria Town Phase 8",https://www.zameen.com/Property/bahria_town_phase_8_bahria_town_phase_8_-_block_i_10_marla_residential_plot_in_block_i_bahria_town_phase_8_rawalpindi-53681431-3057-2.html,28,Rawalpindi,Bahria Town Phase 8 - Block I,10.0,33.4862,73.0874
10 Marla Residential Plot in Block I Bahria Town Phase 8 Rawalpindi,0.98,"Bahria Town Phase 8 - Block I, Bahria Town Phase 8",https://www.zameen.com/Property/bahria_town_phase_8_bahria_town_phase_8_-_block_i_10_marla_residential_plot_in_block_i_bahria_town_phase_8_rawalpindi-53681436-3057-2.html,28,Rawalpindi,Bahria Town Phase 8 - Block I,10.0,33.4862,73.0874
10 Marla Residential Plot in Block H Bahria Town Phase 8 Rawalpindi,1.25,"Bahria Town Phase 8 - Block H, Bahria Town Phase 8",https://www.zameen.com/Property/bahria_town_phase_8_bahria_town_phase_8_-_block_h_10_marla_residential_plot_in_block_h_bahria_town_phase_8_rawalpindi-53681387-3056-2.html,28,Rawalpindi,Bahria Town Phase 8 - Block H,10.0,33.4862,73.0874
Top Heighted Plot For Sale In Bahria Town Phase 8,1.3,"Bahria Town Phase 8 - Block H, Bahria Town Phase 8",https://www.zameen.com/Property/bahria_town_phase_8_bahria_town_phase_8_-_block_h_top_heighted_plot_for_sale_in_bahria_town_phase_8-53681380-3056-2.html,28,Rawalpindi,Bahria Town Phase 8 - Block H,10.0,33.4862,73.0874
10 Marla Residential Plot in Block G Bahria Town Phase 8 Rawalpindi,0.86,"Bahria Town Phase 8 - Block G, Bahria Town Phase 8",https://www.zameen.com/Property/bahria_town_phase_8_bahria_town_phase_8_-_block_g_10_marla_residential_plot_in_block_g_bahria_town_phase_8_rawalpindi-53681367-3055-2.html,28,Rawalpindi,Bahria Town Phase 8 - Block G,10.0,33.4862,73.0874
10 Marla Plot For Sale In Block G Bahria Town Phase 8,0.78,"Bahria Town Phase 8 - Block G, Bahria Town Phase 8",https://www.zameen.com/Property/bahria_town_phase_8_bahria_town_phase_8_-_block_g_10_marla_plot_for_sale_in_block_g_bahria_town_phase_8-53681361-3055-2.html,28,Rawalpindi,Bahria Town Phase 8 - Block G,10.0,33.4862,73.0874
Bahria Town Rwp/Isb Phase3 10Marla Residential Plot Available Very Cheap,1.85,"Bahria Town Phase 3, Bahria Town Rawalpindi",https://www.zameen.com/Property/bahria_town_rawalpindi_bahria_town_phase_3_bahria_town_rwp_isb_phase3_10marla_residential_plot_available_very_cheap-54677290-3036-2.html,28,Rawalpindi,Bahria Town Phase 3,10.0,33.5701202,73.1163357
Bahria Town Rwp/Isb Phase 7 10 Marla Residential Plot Near Fatima Masjid In Bahria Town Phase 7 Rwp/Isb,2.05,"Bahria Town Phase 7, Bahria Town Rawalpindi",https://www.zameen.com/Property/bahria_town_rawalpindi_bahria_town_phase_7_bahria_town_rwp_isb_phase_7_10_marla_residential_plot_near_fatima_masjid_in_bahria_town_phase_7_rwp_isb-54678089-3047-2.html,28,Rawalpindi,Bahria Town Phase 7,10.0,33.5701202,73.1163357
Bahria Town Rwp/Isb Phase8 Safari Valley Abu-Bakar 7Marla Residentail Plot Available For Sale,0.9,"Bahria Town Phase 8 - Abu Bakar Block, Bahria Town Phase 8 - Safari Valley",https://www.zameen.com/Property/bahria_town_phase_8_safari_valley_bahria_town_phase_8_-_abu_bakar_block_bahria_town_rwp_isb_phase8_safari_valley_abu-bakar_7marla_residentail_plot_available_for_sale-54686293-3069-2.html,28,Rawalpindi,Bahria Town Phase 8 - Abu Bakar Block,7.0,33.4862,73.0874
Bahria Greens (Overseas Sector-3) 1Kanal Residential Plot Available For Sale In Bahria Town Rwp/Isb,2.65,"Bahria Greens - Overseas Enclave - Sector 3, Bahria Greens - Overseas Enclave",https://www.zameen.com/Property/bahria_greens_overseas_enclave_bahria_greens_-_overseas_enclave_-_sector_3_bahria_greens_overseas_sector-3_1kanal_residential_plot_available_for_sale_in_bahria_town_rwp_isb-54686832-8302-2.html,28,Rawalpindi,Bahria Greens - Overseas Enclave - Sector 3,20.0,33.4735,73.091
A Block 10Marla (35*70)Sized Residentail Plot Available For Sale In Bahria Town Rwp/Isb,0.75,"Bahria Town Phase 8 - Block A, Bahria Town Phase 8",https://www.zameen.com/Property/bahria_town_phase_8_bahria_town_phase_8_-_block_a_a_block_10marla_35_70_sized_residentail_plot_available_for_sale_in_bahria_town_rwp_isb-54689184-3049-2.html,28,Rawalpindi,Bahria Town Phase 8 - Block A,10.0,33.4862,73.0874
Bahria Greens (Overseas Sector-7) 10Marla Residential Plot Availble For Sale In Bahria Town Rwp/Isb,2.25,"Bahria Greens - Overseas Enclave - Sector 7, Bahria Greens - Overseas Enclave",https://www.zameen.com/Property/bahria_greens_overseas_enclave_bahria_greens_-_overseas_enclave_-_sector_7_bahria_greens_overseas_sector-7_10marla_residential_plot_availble_for_sale_in_bahria_town_rwp_isb-54690732-8306-2.html,28,Rawalpindi,Bahria Greens - Overseas Enclave - Sector 7,10.0,33.4735,73.091
10 Marla Residential Plot In Sector F1 Bahria Town Phase 8 Rawalpindi,1.1,"Bahria Town Phase 8 - Sector F-1, Bahria Town Phase 8",https://www.zameen.com/Property/bahria_town_phase_8_bahria_town_phase_8_-_sector_f-1_10_marla_residential_plot_in_sector_f1_bahria_town_phase_8_rawalpindi-53681246-3095-2.html,29,Rawalpindi,Bahria Town Phase 8 - Sector F-1,10.0,33.4855018,73.0971219
"10 Marla Residential Plot For Sale In Sector F1, Bahria Town Phase 8",1.05,"Bahria Town Phase 8 - Sector F-1, Bahria Town Phase 8",https://www.zameen.com/Property/bahria_town_phase_8_bahria_town_phase_8_-_sector_f-1_10_marla_residential_plot_for_sale_in_sector_f1_bahria_town_phase_8-53681242-3095-2.html,29,Rawalpindi,Bahria Town Phase 8 - Sector F-1,10.0,33.4855018,73.0971219
"17 Marla Residential Plot For Sale In Block E, Bahria Town Phase 8",1.35,"Bahria Town Phase 8 - Block E, Bahria Town Phase 8",https://www.zameen.com/Property/bahria_town_phase_8_bahria_town_phase_8_-_block_e_17_marla_residential_plot_for_sale_in_block_e_bahria_town_phase_8-53681232-3053-2.html,29,Rawalpindi,Bahria Town Phase 8 - Block E,17.0,33.4862,73.0874
"10 Marla Residential Plot for Sale in Block E, Bahria Town Phase 8",0.95,"Bahria Town Phase 8 - Block E, Bahria Town Phase 8",https://www.zameen.com/Property/bahria_town_phase_8_bahria_town_phase_8_-_block_e_10_marla_residential_plot_for_sale_in_block_e_bahria_town_phase_8-53681223-3053-2.html,29,Rawalpindi,Bahria Town Phase 8 - Block E,10.0,33.4862,73.0874
"10 Marla Residential Plot for Sale in Block C, Bahria Town Phase 8",1.3,"Bahria Town Phase 8 - Block C, Bahria Town Phase 8",https://www.zameen.com/Property/bahria_town_phase_8_bahria_town_phase_8_-_block_c_10_marla_residential_plot_for_sale_in_block_c_bahria_town_phase_8-53681206-3051-2.html,29,Rawalpindi,Bahria Town Phase 8 - Block C,10.0,33.4862,73.0874
"10 Marla Plot For Sale In Block B, Bahria Town Phase 8",1.15,"Bahria Town Phase 8 - Block B, Bahria Town Phase 8",https://www.zameen.com/Property/bahria_town_phase_8_bahria_town_phase_8_-_block_b_10_marla_plot_for_sale_in_block_b_bahria_town_phase_8-53681176-3050-2.html,29,Rawalpindi,Bahria Town Phase 8 - Block B,10.0,33.4848621,73.096708
"10 Marla Residential Plot In Block C, Bahria Town Phase 8 Rawalpindi",1.35,"Bahria Town Phase 8 - Block C, Bahria Town Phase 8",https://www.zameen.com/Property/bahria_town_phase_8_bahria_town_phase_8_-_block_c_10_marla_residential_plot_in_block_c_bahria_town_phase_8_rawalpindi-53681191-3051-2.html,29,Rawalpindi,Bahria Town Phase 8 - Block C,10.0,33.4862,73.0874
"10 Marla Residential Plot For Sale In Block B, Bahria Town Phase 8",1.25,"Bahria Town Phase 8 - Block B, Bahria Town Phase 8",https://www.zameen.com/Property/bahria_town_phase_8_bahria_town_phase_8_-_block_b_10_marla_residential_plot_for_sale_in_block_b_bahria_town_phase_8-53681185-3050-2.html,29,Rawalpindi,Bahria Town Phase 8 - Block B,12.0,33.4848621,73.096708
"1 Kanal Low Budget Plot For Sale In Block A, Bahria Town Phase 8",1.75,"Bahria Town Phase 8 - Block A, Bahria Town Phase 8",https://www.zameen.com/Property/bahria_town_phase_8_bahria_town_phase_8_-_block_a_1_kanal_low_budget_plot_for_sale_in_block_a_bahria_town_phase_8-53681158-3049-2.html,29,Rawalpindi,Bahria Town Phase 8 - Block A,20.0,33.4862,73.0874
"1 Kanal Plot For Sale in Block A, Bahria Town",1.9,"Bahria Town Phase 8 - Block A, Bahria Town Phase 8",https://www.zameen.com/Property/bahria_town_phase_8_bahria_town_phase_8_-_block_a_1_kanal_plot_for_sale_in_block_a_bahria_town-53681163-3049-2.html,29,Rawalpindi,Bahria Town Phase 8 - Block A,20.0,33.4862,73.0874
10 Marla Level Plot For Sale In Bahria Town Phase 8,0.88,"Bahria Town Phase 8 - Block A, Bahria Town Phase 8",https://www.zameen.com/Property/bahria_town_phase_8_bahria_town_phase_8_-_block_a_10_marla_level_plot_for_sale_in_bahria_town_phase_8-53681149-3049-2.html,29,Rawalpindi,Bahria Town Phase 8 - Block A,10.0,33.4862,73.0874
Bahria Town Pahse 6 Islamabad Plot 29 Marla Ready To Built Very Reasonable Price,5.0,"Bahria Town Phase 6, Bahria Town Rawalpindi",https://www.zameen.com/Property/bahria_town_rawalpindi_bahria_town_phase_6_bahria_town_pahse_6_islamabad_plot_29_marla_ready_to_built_very_reasonable_price-54627506-3046-2.html,29,Rawalpindi,Bahria Town Phase 6,30.0,33.5701202,73.1163357
2 Kanal Corner 3 Side Open View Plot Extra Land Paid 2 Gates Approved Location Ready To Built Solid Land,3.2,"Bahria Town Phase 8, Bahria Town Rawalpindi",https://www.zameen.com/Property/bahria_town_rawalpindi_bahria_town_phase_8_2_kanal_corner_3_side_open_view_plot_extra_land_paid_2_gates_approved_location_ready_to_built_solid_land-54767471-3048-2.html,29,Rawalpindi,Bahria Town Phase 8,40.0,33.5012685,73.0872635
Highly-Desirable Facing Park Residential Plot Available In Bahria Greens - Overseas Enclave - Sector 5 For sale,2.7,"Bahria Greens - Overseas Enclave - Sector 5, Bahria Greens - Overseas Enclave",https://www.zameen.com/Property/bahria_greens_overseas_enclave_bahria_greens_-_overseas_enclave_-_sector_5_highly-desirable_facing_park_residential_plot_available_in_bahria_greens_-_overseas_enclave_-_sector_5_for_sale-54567011-8304-2.html,29,Rawalpindi,Bahria Greens - Overseas Enclave - Sector 5,20.0,33.4735,73.091
Best Corner Solid Land Plot Of Oversease Enclave,2.1,"Bahria Greens - Overseas Enclave - Sector 2, Bahria Greens - Overseas Enclave",https://www.zameen.com/Property/bahria_greens_overseas_enclave_bahria_greens_-_overseas_enclave_-_sector_2_best_corner_solid_land_plot_of_oversease_enclave-54706907-8301-2.html,29,Rawalpindi,Bahria Greens - Overseas Enclave - Sector 2,10.0,33.4735,73.091
Beautiful Main Bolevard Plot For Sale,2.35,"Bahria Greens - Overseas Enclave - Sector 7, Bahria Greens - Overseas Enclave",https://www.zameen.com/Property/bahria_greens_overseas_enclave_bahria_greens_-_overseas_enclave_-_sector_7_beautiful_main_bolevard_plot_for_sale-54709951-8306-2.html,29,Rawalpindi,Bahria Greens - Overseas Enclave - Sector 7,10.0,33.4735,73.091
Bahria Greens (Overseas Sector-6) 11Marla Residentail Plot Availble For Sale In Bahria Town Rwp/Isb,1.6,"Bahria Greens - Overseas Enclave - Sector 6, Bahria Greens - Overseas Enclave",https://www.zameen.com/Property/bahria_greens_overseas_enclave_bahria_greens_-_overseas_enclave_-_sector_6_bahria_greens_overseas_sector-6_11marla_residentail_plot_availble_for_sale_in_bahria_town_rwp_isb-54695452-8305-2.html,29,Rawalpindi,Bahria Greens - Overseas Enclave - Sector 6,10.0,33.4735,73.091
Bahria Greens (Overseas Sector-5) 1Kanal Residentail Plot Available For Sale In Bahria Town Rwp/Isb,2.65,"Bahria Greens - Overseas Enclave - Sector 5, Bahria Greens - Overseas Enclave",https://www.zameen.com/Property/bahria_greens_overseas_enclave_bahria_greens_-_overseas_enclave_-_sector_5_bahria_greens_overseas_sector-5_1kanal_residentail_plot_available_for_sale_in_bahria_town_rwp_isb-54698847-8304-2.html,29,Rawalpindi,Bahria Greens - Overseas Enclave - Sector 5,20.0,33.4735,73.091
Bahria Town Rwp Phase7 15Marla Corner Residential Plot Available For Sale,2.5,"Bahria Town Phase 7, Bahria Town Rawalpindi",https://www.zameen.com/Property/bahria_town_rawalpindi_bahria_town_phase_7_bahria_town_rwp_phase7_15marla_corner_residential_plot_available_for_sale-54701845-3047-2.html,29,Rawalpindi,Bahria Town Phase 7,15.0,33.5701202,73.1163357
Bahria Town Rwp/Isb Phase2 10Marla Corner Residential Plot Available For Sale,1.9,"Bahria Town Phase 2, Bahria Town Rawalpindi",https://www.zameen.com/Property/bahria_town_rawalpindi_bahria_town_phase_2_bahria_town_rwp_isb_phase2_10marla_corner_residential_plot_available_for_sale-54704062-3035-2.html,29,Rawalpindi,Bahria Town Phase 2,10.0,33.5701202,73.1163357
Bahria Greens (Overseas Sector-2) 10 Marla Residential Plot Available For Sale In Bahria Town Rwp/Isb,1.6,"Bahria Greens - Overseas Enclave - Sector 2, Bahria Greens - Overseas Enclave",https://www.zameen.com/Property/bahria_greens_overseas_enclave_bahria_greens_-_overseas_enclave_-_sector_2_bahria_greens_overseas_sector-2_10_marla_residential_plot_available_for_sale_in_bahria_town_rwp_isb-54704116-8301-2.html,29,Rawalpindi,Bahria Greens - Overseas Enclave - Sector 2,10.0,33.4735,73.091
Premium 10 Marla Residential Plot Is Available For sale In Rawalpindi,1.25,"Bahria Town Phase 8 - Sector F-1, Bahria Town Phase 8",https://www.zameen.com/Property/bahria_town_phase_8_bahria_town_phase_8_-_sector_f-1_premium_10_marla_residential_plot_is_available_for_sale_in_rawalpindi-54802389-3095-2.html,29,Rawalpindi,Bahria Town Phase 8 - Sector F-1,10.0,33.4855018,73.0971219
Bahria Greens (Overseas Sector-5) 5Marla (25*45)Sized Residential Plot Available In Bahria Town Rwp/Isb,0.78,"Bahria Greens - Overseas Enclave - Sector 5, Bahria Greens - Overseas Enclave",https://www.zameen.com/Property/bahria_greens_overseas_enclave_bahria_greens_-_overseas_enclave_-_sector_5_bahria_greens_overseas_sector-5_5marla_25_45_sized_residential_plot_available_in_bahria_town_rwp_isb-54699544-8304-2.html,30,Rawalpindi,Bahria Greens - Overseas Enclave - Sector 5,5.0,33.4735,73.091
10 Marla Plot In Orchid Block,1.35,"Taj Residencia - Orchard Block, Taj Residencia",https://www.zameen.com/Property/taj_residencia_taj_residencia_-_orchard_block_10_marla_plot_in_orchid_block-54684604-18998-2.html,30,Rawalpindi,Taj Residencia - Orchard Block,10.0,33.5855,72.9348
10 Marla Level Plot In Rose Block,1.05,"Taj Residencia - Rose Block, Taj Residencia",https://www.zameen.com/Property/taj_residencia_taj_residencia_-_rose_block_10_marla_level_plot_in_rose_block-54700007-18999-2.html,30,Rawalpindi,Taj Residencia - Rose Block,10.0,33.5855,72.9348
22 Marla Corner Plot Available For Sale 2nd to Bulevard Highted Area,1.55,"Punjab Government Servant Housing Foundation (PGSHF), Rawalpindi",https://www.zameen.com/Property/rawalpindi_punjab_government_servant_housing_foundation_pgshf_22_marla_corner_plot_available_for_sale_2nd_to_bulevard_highted_area-54682050-10424-2.html,30,Rawalpindi,Punjab Government Servant Housing Foundation (PGSHF),22.0,33.4542,72.9515
23 Marla Plot For Sale,1.35,"Punjab Government Servant Housing Foundation (PGSHF), Rawalpindi",https://www.zameen.com/Property/rawalpindi_punjab_government_servant_housing_foundation_pgshf_23_marla_plot_for_sale-54682039-10424-2.html,30,Rawalpindi,Punjab Government Servant Housing Foundation (PGSHF),20.0,33.4542,72.9515
7 Marla Plot Near To Boulevard 2nd Street,0.88,"Punjab Government Servant Housing Foundation (PGSHF), Rawalpindi",https://www.zameen.com/Property/rawalpindi_punjab_government_servant_housing_foundation_pgshf_7_marla_plot_near_to_boulevard_2nd_street-54682093-10424-2.html,30,Rawalpindi,Punjab Government Servant Housing Foundation (PGSHF),7.0,33.4542,72.9515
1 Kanal Residential Plot Is Available In Affordable Price In Bahria Hamlet,2.25,"Bahria Hamlet, Bahria Town Phase 8",https://www.zameen.com/Property/bahria_town_phase_8_bahria_hamlet_1_kanal_residential_plot_is_available_in_affordable_price_in_bahria_hamlet-54802390-10354-2.html,30,Rawalpindi,Bahria Hamlet,20.0,33.4891,73.1232
"Residential Plot Of 8 Marla Is Available For sale In Bahria Town Phase 8 - Rafi Block, Rawalpindi",1.25,"Bahria Town Phase 8 - Rafi Block, Bahria Town Phase 8",https://www.zameen.com/Property/bahria_town_phase_8_bahria_town_phase_8_-_rafi_block_residential_plot_of_8_marla_is_available_for_sale_in_bahria_town_phase_8_-_rafi_block_rawalpindi-54802388-3071-2.html,30,Rawalpindi,Bahria Town Phase 8 - Rafi Block,8.0,33.4862,73.0874
sale The Ideally Located Residential Plot For An Incredible Price Of Pkr Rs. 19500000,1.95,"Bahria Town Phase 8 - Block A, Bahria Town Phase 8",https://www.zameen.com/Property/bahria_town_phase_8_bahria_town_phase_8_-_block_a_sale_the_ideally_located_residential_plot_for_an_incredible_price_of_pkr_rs_19500000-54802387-3049-2.html,30,Rawalpindi,Bahria Town Phase 8 - Block A,20.0,33.4862,73.0874
Bahria Greens (Overseas Sector-1) 1kanal With Extra Land Residential Plot Available In Bahria Town Rwp/Isb,3.15,"Bahria Greens - Overseas Enclave - Sector 1, Bahria Greens - Overseas Enclave",https://www.zameen.com/Property/bahria_greens_overseas_enclave_bahria_greens_-_overseas_enclave_-_sector_1_bahria_greens_overseas_sector-1_1kanal_with_extra_land_residential_plot_available_in_bahria_town_rwp_isb-54707935-8300-2.html,30,Rawalpindi,Bahria Greens - Overseas Enclave - Sector 1,20.0,33.4735,73.091
Bahria Town Rwp/Isb Phase8 Safari Valley Ali Block 5Marla (25*45)Sized Residential Plot Available Here,0.75,"Bahria Town Phase 8 - Ali Block, Bahria Town Phase 8 - Safari Valley",https://www.zameen.com/Property/bahria_town_phase_8_safari_valley_bahria_town_phase_8_-_ali_block_bahria_town_rwp_isb_phase8_safari_valley_ali_block_5marla_25_45_sized_residential_plot_available_here-54707984-3070-2.html,30,Rawalpindi,Bahria Town Phase 8 - Ali Block,5.0,33.4862,73.0874
Bahria Town Rwp Phase8 I Block 5Marla Boulevard & Back Open Residential Plot Available For Sale,0.67,"Bahria Town Phase 8 - Block I, Bahria Town Phase 8",https://www.zameen.com/Property/bahria_town_phase_8_bahria_town_phase_8_-_block_i_bahria_town_rwp_phase8_i_block_5marla_boulevard_back_open_residential_plot_available_for_sale-54715184-3057-2.html,30,Rawalpindi,Bahria Town Phase 8 - Block I,5.0,33.4862,73.0874
Bahria Town Rwp/Isb Phase8 D Block 10Marla (35*70)Sized Residential Plot Available For Sale,1.75,"Bahria Town Phase 8 - Block D, Bahria Town Phase 8",https://www.zameen.com/Property/bahria_town_phase_8_bahria_town_phase_8_-_block_d_bahria_town_rwp_isb_phase8_d_block_10marla_35_70_sized_residential_plot_available_for_sale-54763316-3052-2.html,30,Rawalpindi,Bahria Town Phase 8 - Block D,10.0,33.4862,73.0874
5 Marla Prime Location Plot For Sale,0.45,"Taj Residencia - Marigold Block, Taj Residencia",https://www.zameen.com/Property/taj_residencia_taj_residencia_-_marigold_block_5_marla_prime_location_plot_for_sale-52447116-18997-2.html,31,Rawalpindi,Taj Residencia - Marigold Block,5.0,33.5855,72.9348
Your Search For Residential Plot In Media Town Ends Here,3.5,"Media Town, Rawalpindi",https://www.zameen.com/Property/rawalpindi_media_town_your_search_for_residential_plot_in_media_town_ends_here-54102315-8157-2.html,31,Rawalpindi,Media Town,12.0,33.5639764,73.1222157
Urgent For Sale Bahria Town Phase 8 Sector J 8 Marla Full Heighted Location Sold Land PU Paid Extra Land Paid Agreement And Meeting With Allotted Possible Full Develop Area 2km From Ring Road Plot No 197 Street 6,0.65,"Bahria Town Phase 8 - Block J, Bahria Town Phase 8",https://www.zameen.com/Property/bahria_town_phase_8_bahria_town_phase_8_-_block_j_urgent_for_sale_bahria_town_phase_8_sector_j_8_marla_full_heighted_location_sold_land_pu_paid_extra_land_paid_agreement_and_meeting_with_allotted_possible_full_develop_area_2km_from_ring_road_plot_no_197_street_6-54532586-3058-2.html,31,Rawalpindi,Bahria Town Phase 8 - Block J,8.0,33.4862,73.0874
Urgent For Sale Bahria Town Phase Sector F1 Full Highet Location Sold Land PU Paid Extra Land Paid Agreement And Meeting With Allotted Possible Full Develop Area 4km From Gt Road Walking Distance From Aq Khan School And International Hospital,0.72,"Bahria Town Phase 8 - Sector F-1, Bahria Town Phase 8",https://www.zameen.com/Property/bahria_town_phase_8_bahria_town_phase_8_-_sector_f-1_urgent_for_sale_bahria_town_phase_sector_f1_full_highet_location_sold_land_pu_paid_extra_land_paid_agreement_and_meeting_with_allotted_possible_full_develop_area_4km_from_gt_road_walking_distance_from_aq_khan_school_and_international_hospital-49782598-3095-2.html,31,Rawalpindi,Bahria Town Phase 8 - Sector F-1,14.0,33.4855018,73.0971219
Urgent For Bahria Town Phase 8 Khalid Block Invetor Price Propert 115 Lakh 8marla + 3 Marla Extra Land Total 11 Marla Plot In Just 95 Lakh Dm With Map Pu Sceurity Charges Paid Just Buy And Build Direct Deal With Owner On Confrm Bayana,0.9,"Bahria Town Phase 8 - Khalid Block, Bahria Town Phase 8 - Safari Valley",https://www.zameen.com/Property/bahria_town_phase_8_safari_valley_bahria_town_phase_8_-_khalid_block_urgent_for_bahria_town_phase_8_khalid_block_invetor_price_propert_115_lakh_8marla_3_marla_extra_land_total_11_marla_plot_in_just_95_lakh_dm_with_map_pu_sceurity_charges_paid_just_buy_and_build_direct_deal_with_owner_on_confrm_bayana-54778831-3072-2.html,31,Rawalpindi,Bahria Town Phase 8 - Khalid Block,11.0,33.4862,73.0874
17 Marla Residential Plot Ideally Situated In Bahria Town Phase 8 - Block G,1.0,"Bahria Town Phase 8 - Block G, Bahria Town Phase 8",https://www.zameen.com/Property/bahria_town_phase_8_bahria_town_phase_8_-_block_g_17_marla_residential_plot_ideally_situated_in_bahria_town_phase_8_-_block_g-54778941-3055-2.html,31,Rawalpindi,Bahria Town Phase 8 - Block G,17.0,33.4862,73.0874
SOLID LAND BEST LOCATION PLOT FOR SALE,1.25,"Bahria Town Phase 8 - Block H, Bahria Town Phase 8",https://www.zameen.com/Property/bahria_town_phase_8_bahria_town_phase_8_-_block_h_solid_land_best_location_plot_for_sale-54643960-3056-2.html,31,Rawalpindi,Bahria Town Phase 8 - Block H,10.0,33.4862,73.0874
E Block 10m Blvd Plot For Sale,1.35,"Bahria Town Phase 8 - Block E, Bahria Town Phase 8",https://www.zameen.com/Property/bahria_town_phase_8_bahria_town_phase_8_-_block_e_e_block_10m_blvd_plot_for_sale-54764693-3053-2.html,31,Rawalpindi,Bahria Town Phase 8 - Block E,10.0,33.4862,73.0874
"7 Marla Plot For Sale In Lane # 4, Peshawar Road",2.15,"Peshawar Road, Rawalpindi",https://www.zameen.com/Property/rawalpindi_peshawar_road_7_marla_plot_for_sale_in_lane_4_peshawar_road-54789153-517-2.html,31,Rawalpindi,Peshawar Road,7.0,33.61362,72.9960127
1 KANAL CORNER PLOT IN BAHRIA HAMLET,1.85,"Bahria Hamlet, Bahria Town Phase 8",https://www.zameen.com/Property/bahria_town_phase_8_bahria_hamlet_1_kanal_corner_plot_in_bahria_hamlet-53191715-10354-2.html,31,Rawalpindi,Bahria Hamlet,20.0,33.4891,73.1232
26 Marla Corner Plot For Sale Westridge 1 Rawalpindi,6.7,"Westridge 1, Westridge",https://www.zameen.com/Property/westridge_westridge_1_26_marla_corner_plot_for_sale_westridge_1_rawalpindi-50974188-6053-2.html,31,Rawalpindi,Westridge 1,26.0,33.6111988,73.0153944
3780 Sq Fit Plot For Sale Nisar Road Westridg 2 Rawalpindi,4.85,"Westridge 2, Westridge",https://www.zameen.com/Property/westridge_westridge_2_3780_sq_fit_plot_for_sale_nisar_road_westridg_2_rawalpindi-54575336-6054-2.html,31,Rawalpindi,Westridge 2,16.8,33.6175671,73.0276852
Bahria Town Rwp Phase8 M Block 5Marla (25*45)Sized Residential Plot Available For Sale,0.75,"Bahria Town Phase 8 - Block M, Bahria Town Phase 8",https://www.zameen.com/Property/bahria_town_phase_8_bahria_town_phase_8_-_block_m_bahria_town_rwp_phase8_m_block_5marla_25_45_sized_residential_plot_available_for_sale-54716171-3062-2.html,31,Rawalpindi,Bahria Town Phase 8 - Block M,5.0,33.4862,73.0874
Bahria Town Rwp/Isb Phase8 Safari Valley Umar Block 7Marla Residential Plot Avaialble For Sale,0.9,"Bahria Town Phase 8 - Umer Block, Bahria Town Phase 8 - Safari Valley",https://www.zameen.com/Property/bahria_town_phase_8_safari_valley_bahria_town_phase_8_-_umer_block_bahria_town_rwp_isb_phase8_safari_valley_umar_block_7marla_residential_plot_avaialble_for_sale-54738706-3067-2.html,31,Rawalpindi,Bahria Town Phase 8 - Umer Block,7.0,33.4862,73.0874
Bahria Town Rwp/Isb Phase8 M Block 5Marla (25*45)Sized Boulevard & Back Open Residentail Plot Available For Sale,0.85,"Bahria Town Phase 8, Bahria Town Rawalpindi",https://www.zameen.com/Property/bahria_town_rawalpindi_bahria_town_phase_8_bahria_town_rwp_isb_phase8_m_block_5marla_25_45_sized_boulevard_back_open_residentail_plot_available_for_sale-54742089-3048-2.html,31,Rawalpindi,Bahria Town Phase 8,5.0,33.5012685,73.0872635
Residential Plot Of 1 Kanal Is Available For Sale In Bahria Greens - Overseas Enclave - Sector 4 (Rwp/Isb),2.0,"Bahria Greens - Overseas Enclave - Sector 4, Bahria Greens - Overseas Enclave",https://www.zameen.com/Property/bahria_greens_overseas_enclave_bahria_greens_-_overseas_enclave_-_sector_4_residential_plot_of_1_kanal_is_available_for_sale_in_bahria_greens_-_overseas_enclave_-_sector_4_rwp_isb-54752141-8303-2.html,31,Rawalpindi,Bahria Greens - Overseas Enclave - Sector 4,20.0,33.4735,73.091
Overseas-3 Builder Location Plot All Paid For Sale,1.7,"Bahria Greens - Overseas Enclave - Sector 3, Bahria Greens - Overseas Enclave",https://www.zameen.com/Property/bahria_greens_overseas_enclave_bahria_greens_-_overseas_enclave_-_sector_3_overseas-3_builder_location_plot_all_paid_for_sale-52223351-8302-2.html,31,Rawalpindi,Bahria Greens - Overseas Enclave - Sector 3,10.0,33.4735,73.091
Bahria Hamlet Investor Price 1 Kanal Good Location Plot For Sale,1.7,"Bahria Hamlet, Bahria Town Phase 8",https://www.zameen.com/Property/bahria_town_phase_8_bahria_hamlet_bahria_hamlet_investor_price_1_kanal_good_location_plot_for_sale-54779662-10354-2.html,31,Rawalpindi,Bahria Hamlet,20.0,33.4891,73.1232
Overseas Sector Solid Land Plot for Sale,1.75,"Bahria Greens - Overseas Enclave - Sector 5, Bahria Greens - Overseas Enclave",https://www.zameen.com/Property/bahria_greens_overseas_enclave_bahria_greens_-_overseas_enclave_-_sector_5_overseas_sector_solid_land_plot_for_sale-54148809-8304-2.html,31,Rawalpindi,Bahria Greens - Overseas Enclave - Sector 5,10.0,33.4735,73.091
1 Kanal Plot For Sale,1.4,"Punjab Government Servant Housing Foundation (PGSHF), Rawalpindi",https://www.zameen.com/Property/rawalpindi_punjab_government_servant_housing_foundation_pgshf_1_kanal_plot_for_sale-54709420-10424-2.html,32,Rawalpindi,Punjab Government Servant Housing Foundation (PGSHF),20.0,33.4542,72.9515
10 Maral Polt For Sale,1.02,"Punjab Government Servant Housing Foundation (PGSHF), Rawalpindi",https://www.zameen.com/Property/rawalpindi_punjab_government_servant_housing_foundation_pgshf_10_maral_polt_for_sale-54696981-10424-2.html,32,Rawalpindi,Punjab Government Servant Housing Foundation (PGSHF),10.0,33.4542,72.9515
"10 MARLA PLOT FOR SALE BAHRIA TOWN PHASE 8, RAWALPINDI",1.45,"Bahria Town Phase 8 - Block C, Bahria Town Phase 8",https://www.zameen.com/Property/bahria_town_phase_8_bahria_town_phase_8_-_block_c_10_marla_plot_for_sale_bahria_town_phase_8_rawalpindi-54784361-3051-2.html,32,Rawalpindi,Bahria Town Phase 8 - Block C,10.0,33.4862,73.0874
10 Marla with 4 Marla extra land Prime location plot for sale,2.25,"Bahria Town Phase 7, Bahria Town Rawalpindi",https://www.zameen.com/Property/bahria_town_rawalpindi_bahria_town_phase_7_10_marla_with_4_marla_extra_land_prime_location_plot_for_sale-54418511-3047-2.html,32,Rawalpindi,Bahria Town Phase 7,14.0,33.5701202,73.1163357
10 Marla Prime Location Plot For Sale,1.75,"Bahria Town Phase 7, Bahria Town Rawalpindi",https://www.zameen.com/Property/bahria_town_rawalpindi_bahria_town_phase_7_10_marla_prime_location_plot_for_sale-54418541-3047-2.html,32,Rawalpindi,Bahria Town Phase 7,10.0,33.5701202,73.1163357
10 Marla Prime Location Plot For Sale,1.8,"Bahria Town Phase 7, Bahria Town Rawalpindi",https://www.zameen.com/Property/bahria_town_rawalpindi_bahria_town_phase_7_10_marla_prime_location_plot_for_sale-54418552-3047-2.html,32,Rawalpindi,Bahria Town Phase 7,10.0,33.5701202,73.1163357
10 Marla Posesionable Plot For Sale,1.12,"Taj Residencia - Rose Block, Taj Residencia",https://www.zameen.com/Property/taj_residencia_taj_residencia_-_rose_block_10_marla_posesionable_plot_for_sale-54433267-18999-2.html,32,Rawalpindi,Taj Residencia - Rose Block,10.0,33.5855,72.9348
SOUTH FACE LEVEL NEAR MAIN ROAD PLOT FOR SALE,1.6,"Bahria Town Phase 8 - Block P, Bahria Town Phase 8",https://www.zameen.com/Property/bahria_town_phase_8_bahria_town_phase_8_-_block_p_south_face_level_near_main_road_plot_for_sale-53570933-3065-2.html,32,Rawalpindi,Bahria Town Phase 8 - Block P,20.0,33.4862,73.0874
BACK OPEN SOLID LAND PLOT SOUTH FACE PLOT FOR SALE,1.7,"Bahria Town Phase 8 - Block P, Bahria Town Phase 8",https://www.zameen.com/Property/bahria_town_phase_8_bahria_town_phase_8_-_block_p_back_open_solid_land_plot_south_face_plot_for_sale-53576175-3065-2.html,32,Rawalpindi,Bahria Town Phase 8 - Block P,20.0,33.4862,73.0874
"Ideal Prime Location 1 Kanal Residential Plot Available In Judicial Colony, Judicial Colony",3.95,"Judicial Colony, Rawalpindi",https://www.zameen.com/Property/rawalpindi_judicial_colony_ideal_prime_location_1_kanal_residential_plot_available_in_judicial_colony_judicial_colony-54014668-1266-2.html,32,Rawalpindi,Judicial Colony,20.0,33.5952136,73.1352538
Residential Plot For Sale In Bahria Town Phase 7 Rawalpindi,2.1,"Bahria Town Phase 7, Bahria Town Rawalpindi",https://www.zameen.com/Property/bahria_town_rawalpindi_bahria_town_phase_7_residential_plot_for_sale_in_bahria_town_phase_7_rawalpindi-54780504-3047-2.html,32,Rawalpindi,Bahria Town Phase 7,10.0,33.5701202,73.1163357
15 Marla Residential Plot For Sale Is Available In Bahria Town Phase 7,2.45,"Bahria Town Phase 7, Bahria Town Rawalpindi",https://www.zameen.com/Property/bahria_town_rawalpindi_bahria_town_phase_7_15_marla_residential_plot_for_sale_is_available_in_bahria_town_phase_7-54780505-3047-2.html,32,Rawalpindi,Bahria Town Phase 7,15.0,33.5701202,73.1163357
1 KANAL PLOT IN SECTOR P BAHRIA TOWN,1.2,"Bahria Town Phase 8 - Block P, Bahria Town Phase 8",https://www.zameen.com/Property/bahria_town_phase_8_bahria_town_phase_8_-_block_p_1_kanal_plot_in_sector_p_bahria_town-54774215-3065-2.html,32,Rawalpindi,Bahria Town Phase 8 - Block P,22.0,33.4862,73.0874
Saffron City 5 Marla Plot For Sale,0.35,"Saffron City, GT Road",https://www.zameen.com/Property/gt_road_saffron_city_saffron_city_5_marla_plot_for_sale-54421210-21050-2.html,32,Rawalpindi,Saffron City,5.0,33.6520202,73.076983
"Rafi Block 11 Marla CORNER Plot For Sale Bahria Town Phase 8 - Rafi Block, Bahria Town Phase 8, Bahria Town Rawalpindi",1.25,"Bahria Town Phase 8 - Rafi Block, Bahria Town Phase 8",https://www.zameen.com/Property/bahria_town_phase_8_bahria_town_phase_8_-_rafi_block_rafi_block_11_marla_corner_plot_for_sale_bahria_town_phase_8_-_rafi_block_bahria_town_phase_8_bahria_town_rawalpindi-54693972-3071-2.html,32,Rawalpindi,Bahria Town Phase 8 - Rafi Block,5.0,33.4862,73.0874
Ready To Buy A Residential Plot In Bahria Town Phase 8 - Block D Rawalpindi,1.9,"Bahria Town Phase 8 - Block D, Bahria Town Phase 8",https://www.zameen.com/Property/bahria_town_phase_8_bahria_town_phase_8_-_block_d_ready_to_buy_a_residential_plot_in_bahria_town_phase_8_-_block_d_rawalpindi-54435338-3052-2.html,32,Rawalpindi,Bahria Town Phase 8 - Block D,10.0,33.4862,73.0874
Own A Prime Location Residential Plot In 7 Marla Gulshan Abad,0.37,"Gulshan Abad, Rawalpindi",https://www.zameen.com/Property/rawalpindi_gulshan_abad_own_a_prime_location_residential_plot_in_7_marla_gulshan_abad-54802137-1058-2.html,32,Rawalpindi,Gulshan Abad,7.0,33.6603777,73.0830223
Main Express Way 10 Marla Plot Overseas Sector 2,1.85,"Bahria Greens - Overseas Enclave - Sector 2, Bahria Greens - Overseas Enclave",https://www.zameen.com/Property/bahria_greens_overseas_enclave_bahria_greens_-_overseas_enclave_-_sector_2_main_express_way_10_marla_plot_overseas_sector_2-52862350-8301-2.html,32,Rawalpindi,Bahria Greens - Overseas Enclave - Sector 2,10.0,33.4735,73.091
10 Marla Ideal Location Plot Sector F-1,1.1,"Bahria Town Phase 8 - Sector F-1, Bahria Town Phase 8",https://www.zameen.com/Property/bahria_town_phase_8_bahria_town_phase_8_-_sector_f-1_10_marla_ideal_location_plot_sector_f-1-54651460-3095-2.html,32,Rawalpindi,Bahria Town Phase 8 - Sector F-1,10.0,33.4855018,73.0971219
Corner 3 Sides Open 4 Marla Extra Land Plot N Block,0.79,"Bahria Town Phase 8 - Block N, Bahria Town Phase 8",https://www.zameen.com/Property/bahria_town_phase_8_bahria_town_phase_8_-_block_n_corner_3_sides_open_4_marla_extra_land_plot_n_block-54753705-3063-2.html,32,Rawalpindi,Bahria Town Phase 8 - Block N,10.0,33.4862,73.0874
Residential Plot For Sale In Beautiful Bahria Town Phase 8 - Umer Block,0.95,"Bahria Town Phase 8 - Umer Block, Bahria Town Phase 8 - Safari Valley",https://www.zameen.com/Property/bahria_town_phase_8_safari_valley_bahria_town_phase_8_-_umer_block_residential_plot_for_sale_in_beautiful_bahria_town_phase_8_-_umer_block-54435336-3067-2.html,33,Rawalpindi,Bahria Town Phase 8 - Umer Block,7.0,33.4862,73.0874
Own A Residential Plot In 5 Marla. Rawalpindi,0.5,"Rose Garden, Bahria Town Phase 8",https://www.zameen.com/Property/bahria_town_phase_8_rose_garden_own_a_residential_plot_in_5_marla_rawalpindi-54785049-12363-2.html,33,Rawalpindi,Rose Garden,5.0,33.5874801,73.0857514
Plot No 101 Block M,0.89,"Bahria Town Phase 8 - Block M, Bahria Town Phase 8",https://www.zameen.com/Property/bahria_town_phase_8_bahria_town_phase_8_-_block_m_plot_no_101_block_m-54703332-3062-2.html,33,Rawalpindi,Bahria Town Phase 8 - Block M,5.0,33.4862,73.0874
Bahria Town Phase 8 Block E 10 Marla Plot For Sale,1.3,"Bahria Town Phase 8, Bahria Town Rawalpindi",https://www.zameen.com/Property/bahria_town_rawalpindi_bahria_town_phase_8_bahria_town_phase_8_block_e_10_marla_plot_for_sale-52460135-3048-2.html,33,Rawalpindi,Bahria Town Phase 8,10.0,33.5012685,73.0872635
"Bahria Town Phase 8 Block E, 14 Marla Plot For Sale",1.6,"Bahria Town Phase 8, Bahria Town Rawalpindi",https://www.zameen.com/Property/bahria_town_rawalpindi_bahria_town_phase_8_bahria_town_phase_8_block_e_14_marla_plot_for_sale-52705445-3048-2.html,33,Rawalpindi,Bahria Town Phase 8,14.0,33.5012685,73.0872635
Bahria Town Phase 8 Block D 10 Marla Plot For Sale,1.2,"Bahria Town Phase 8 - Block D, Bahria Town Phase 8",https://www.zameen.com/Property/bahria_town_phase_8_bahria_town_phase_8_-_block_d_bahria_town_phase_8_block_d_10_marla_plot_for_sale-52836279-3052-2.html,33,Rawalpindi,Bahria Town Phase 8 - Block D,10.0,33.4862,73.0874
"Bahria Town Rawalpindi Sector A, 10 Marla Plot For Sale",0.85,"Bahria Town Phase 8 - Block A, Bahria Town Phase 8",https://www.zameen.com/Property/bahria_town_phase_8_bahria_town_phase_8_-_block_a_bahria_town_rawalpindi_sector_a_10_marla_plot_for_sale-53117296-3049-2.html,33,Rawalpindi,Bahria Town Phase 8 - Block A,10.0,33.4862,73.0874
Get An Attractive On Excellent Location Residential Plot In Rawalpindi,1.75,"Bahria Town Phase 8 - Block B, Bahria Town Phase 8",https://www.zameen.com/Property/bahria_town_phase_8_bahria_town_phase_8_-_block_b_get_an_attractive_on_excellent_location_residential_plot_in_rawalpindi-53475810-3050-2.html,33,Rawalpindi,Bahria Town Phase 8 - Block B,20.0,33.4848621,73.096708
On Excellent Location Bahria Town Phase 8 - Block I Residential Plot Sized 10 Marla For sale,1.1,"Bahria Town Phase 8 - Block I, Bahria Town Phase 8",https://www.zameen.com/Property/bahria_town_phase_8_bahria_town_phase_8_-_block_i_on_excellent_location_bahria_town_phase_8_-_block_i_residential_plot_sized_10_marla_for_sale-53904542-3057-2.html,33,Rawalpindi,Bahria Town Phase 8 - Block I,10.0,33.4862,73.0874
"34 Marla plot Bahria Town Sector A, for sale",2.75,"Bahria Town Phase 8 - Block A, Bahria Town Phase 8",https://www.zameen.com/Property/bahria_town_phase_8_bahria_town_phase_8_-_block_a_34_marla_plot_bahria_town_sector_a_for_sale-54139606-3049-2.html,33,Rawalpindi,Bahria Town Phase 8 - Block A,34.0,33.4862,73.0874
Bahria Town E 3 Plot Is Available For Sale In The Heart Of Bahria Town,0.65,"Bahria Town Phase 8 - Sector E-3, Bahria Town Phase 8",https://www.zameen.com/Property/bahria_town_phase_8_bahria_town_phase_8_-_sector_e-3_bahria_town_e_3_plot_is_available_for_sale_in_the_heart_of_bahria_town-54732588-15902-2.html,33,Rawalpindi,Bahria Town Phase 8 - Sector E-3,5.0,33.4855018,73.0971219
Plot In Nisar Road Westridge Ll Rawalpindi,4.9,"Westridge 2, Westridge",https://www.zameen.com/Property/westridge_westridge_2_plot_in_nisar_road_westridge_ll_rawalpindi-54783805-6054-2.html,33,Rawalpindi,Westridge 2,14.0,33.6175671,73.0276852
Plot For Sale In Sahafi Colony Addyla Road,0.21,"Adiala Road, Rawalpindi",https://www.zameen.com/Property/rawalpindi_adiala_road_plot_for_sale_in_sahafi_colony_addyla_road-54722971-478-2.html,33,Rawalpindi,Adiala Road,3.0,33.5778124,73.0650131
Top Location Plot On Saddar For Sale,35.0,"Saddar, Rawalpindi",https://www.zameen.com/Property/rawalpindi_saddar_top_location_plot_on_saddar_for_sale-53651342-717-2.html,33,Rawalpindi,Saddar,40.0,33.5978846,73.050101
LUCKY Opprtunity For Investment 10 Marla Plot,2.2,"Adiala Road, Rawalpindi",https://www.zameen.com/Property/rawalpindi_adiala_road_lucky_opprtunity_for_investment_10_marla_plot-54694306-478-2.html,33,Rawalpindi,Adiala Road,10.0,33.5778124,73.0650131
Saffron City Residential Plot Sized 5 Marla,0.45,"Saffron City, GT Road",https://www.zameen.com/Property/gt_road_saffron_city_saffron_city_residential_plot_sized_5_marla-54801891-21050-2.html,33,Rawalpindi,Saffron City,5.0,33.6520202,73.076983
Affordable Residential Plot Available For Sale In Saffron City,0.28,"Saffron City, GT Road",https://www.zameen.com/Property/gt_road_saffron_city_affordable_residential_plot_available_for_sale_in_saffron_city-54801890-21050-2.html,33,Rawalpindi,Saffron City,5.0,33.6520202,73.076983
Residential Plot Available In Saffron City For Sale,1.55,"Saffron City, GT Road",https://www.zameen.com/Property/gt_road_saffron_city_residential_plot_available_in_saffron_city_for_sale-54801864-21050-2.html,33,Rawalpindi,Saffron City,20.0,33.6520202,73.076983
Book A 10 Marla Residential Plot In Saffron City,0.82,"Saffron City, GT Road",https://www.zameen.com/Property/gt_road_saffron_city_book_a_10_marla_residential_plot_in_saffron_city-54801863-21050-2.html,33,Rawalpindi,Saffron City,10.0,33.6520202,73.076983
Saffron City Residential Plot Sized 5 Marla,0.45,"Saffron City, GT Road",https://www.zameen.com/Property/gt_road_saffron_city_saffron_city_residential_plot_sized_5_marla-54801862-21050-2.html,33,Rawalpindi,Saffron City,5.0,33.6520202,73.076983
Saffron City Residential Plot Sized 5 Marla,0.45,"Saffron City, GT Road",https://www.zameen.com/Property/gt_road_saffron_city_saffron_city_residential_plot_sized_5_marla-54801834-21050-2.html,33,Rawalpindi,Saffron City,5.0,33.6520202,73.076983
Affordable Residential Plot Available For Sale In Saffron City,0.28,"Saffron City, GT Road",https://www.zameen.com/Property/gt_road_saffron_city_affordable_residential_plot_available_for_sale_in_saffron_city-54801833-21050-2.html,33,Rawalpindi,Saffron City,5.0,33.6520202,73.076983
Park Face 10 Marla Level Plot Is Available For Sale,0.95,"Punjab Government Servant Housing Foundation (PGSHF), Rawalpindi",https://www.zameen.com/Property/rawalpindi_punjab_government_servant_housing_foundation_pgshf_park_face_10_marla_level_plot_is_available_for_sale-54399152-10424-2.html,33,Rawalpindi,Punjab Government Servant Housing Foundation (PGSHF),10.0,33.4542,72.9515
CAPITAL SMART CITY District 1 Com On Instalments,3.0,"Capital Smart City, Rawalpindi",https://www.zameen.com/Property/rawalpindi_capital_smart_city_capital_smart_city_district_1_com_on_instalments-53773112-11891-2.html,34,Rawalpindi,Capital Smart City,8.0,33.4407844,72.8587589
5 Marla Plot For Sale,5.0,"7th Road, Rawalpindi",https://www.zameen.com/Property/rawalpindi_7th_road_5_marla_plot_for_sale-54765277-8410-2.html,34,Rawalpindi,7th Road,5.0,33.5457403,73.0537983
5 MARLA CORNER PLOT FOR SALE,5.5,"7th Road, Rawalpindi",https://www.zameen.com/Property/rawalpindi_7th_road_5_marla_corner_plot_for_sale-54765296-8410-2.html,34,Rawalpindi,7th Road,5.0,33.5457403,73.0537983
10 Marla Plus 7 Marla Extra Land A Category Plot Phase 7,1.05,"Bahria Town Phase 7, Bahria Town Rawalpindi",https://www.zameen.com/Property/bahria_town_rawalpindi_bahria_town_phase_7_10_marla_plus_7_marla_extra_land_a_category_plot_phase_7-54783186-3047-2.html,34,Rawalpindi,Bahria Town Phase 7,10.0,33.5701202,73.1163357
"5 Marla Plot for Sale in Gardenia Block, Taj Residencia",0.8,"Taj Residencia - Gardenia Block, Taj Residencia",https://www.zameen.com/Property/taj_residencia_taj_residencia_-_gardenia_block_5_marla_plot_for_sale_in_gardenia_block_taj_residencia-54720967-18992-2.html,34,Rawalpindi,Taj Residencia - Gardenia Block,5.0,33.5855,72.9348
14 Marla Premium Residential Plot For Sale In Taj Residencia,2.15,"Taj Residencia - Tulip Block, Taj Residencia",https://www.zameen.com/Property/taj_residencia_taj_residencia_-_tulip_block_14_marla_premium_residential_plot_for_sale_in_taj_residencia-54734853-19000-2.html,34,Rawalpindi,Taj Residencia - Tulip Block,14.0,33.5855,72.9348
"10 Marla Residential Plot For Sale Taj Residencia, Rose Block",1.05,"Taj Residencia - Rose Block, Taj Residencia",https://www.zameen.com/Property/taj_residencia_taj_residencia_-_rose_block_10_marla_residential_plot_for_sale_taj_residencia_rose_block-54753533-18999-2.html,34,Rawalpindi,Taj Residencia - Rose Block,10.0,33.5855,72.9348
Spacious 5 Marla Residential Plot Available For sale In Bahria Town Phase 8 - Ali Block,0.75,"Bahria Town Phase 8 - Ali Block, Bahria Town Phase 8 - Safari Valley",https://www.zameen.com/Property/bahria_town_phase_8_safari_valley_bahria_town_phase_8_-_ali_block_spacious_5_marla_residential_plot_available_for_sale_in_bahria_town_phase_8_-_ali_block-54782856-3070-2.html,34,Rawalpindi,Bahria Town Phase 8 - Ali Block,5.0,33.4862,73.0874
Reserve A Residential Plot Now In Bahria Town Phase 8 - Abu Bakar Block,1.1,"Bahria Town Phase 8 - Abu Bakar Block, Bahria Town Phase 8 - Safari Valley",https://www.zameen.com/Property/bahria_town_phase_8_safari_valley_bahria_town_phase_8_-_abu_bakar_block_reserve_a_residential_plot_now_in_bahria_town_phase_8_-_abu_bakar_block-54782860-3069-2.html,34,Rawalpindi,Bahria Town Phase 8 - Abu Bakar Block,7.0,33.4862,73.0874
Residential Plot Of 5 Marla In Bahria Town Phase 8 - Block L Is Available,0.65,"Bahria Town Phase 8 - Block L, Bahria Town Phase 8",https://www.zameen.com/Property/bahria_town_phase_8_bahria_town_phase_8_-_block_l_residential_plot_of_5_marla_in_bahria_town_phase_8_-_block_l_is_available-54782858-3061-2.html,34,Rawalpindi,Bahria Town Phase 8 - Block L,5.0,33.4862,73.0874
Stunning And Affordable Residential Plot Available For Sale In Taj Residencia - Gardenia Block,0.85,"Taj Residencia - Gardenia Block, Taj Residencia",https://www.zameen.com/Property/taj_residencia_taj_residencia_-_gardenia_block_stunning_and_affordable_residential_plot_available_for_sale_in_taj_residencia_-_gardenia_block-54659657-18992-2.html,34,Rawalpindi,Taj Residencia - Gardenia Block,5.0,33.5855,72.9348
"Change Your Address To Bahria Town Phase 8 - Bahria Orchard, Rawalpindi For A Reasonable Price Of Rs. 5500000",0.55,"Bahria Town Phase 8 - Bahria Orchard, Bahria Town Phase 8",https://www.zameen.com/Property/bahria_town_phase_8_bahria_town_phase_8_-_bahria_orchard_change_your_address_to_bahria_town_phase_8_-_bahria_orchard_rawalpindi_for_a_reasonable_price_of_rs_5500000-52577600-9584-2.html,34,Rawalpindi,Bahria Town Phase 8 - Bahria Orchard,10.0,33.4862,73.0874
"Change Your Address To Bahria Town Phase 8 - Bahria Orchard, Rawalpindi For A Reasonable Price Of Rs. 5500000",0.55,"Bahria Town Phase 8 - Bahria Orchard, Bahria Town Phase 8",https://www.zameen.com/Property/bahria_town_phase_8_bahria_town_phase_8_-_bahria_orchard_change_your_address_to_bahria_town_phase_8_-_bahria_orchard_rawalpindi_for_a_reasonable_price_of_rs_5500000-52693431-9584-2.html,34,Rawalpindi,Bahria Town Phase 8 - Bahria Orchard,10.0,33.4862,73.0874
A Stunning Residential Plot Is Up For Grabs In Bahria Town Phase 8 - Block I Rawalpindi,1.25,"Bahria Town Phase 8 - Block I, Bahria Town Phase 8",https://www.zameen.com/Property/bahria_town_phase_8_bahria_town_phase_8_-_block_i_a_stunning_residential_plot_is_up_for_grabs_in_bahria_town_phase_8_-_block_i_rawalpindi-53934690-3057-2.html,34,Rawalpindi,Bahria Town Phase 8 - Block I,10.0,33.4862,73.0874
"DHA phase 4 (RVN) 5Marla,Block E Plots For sale",0.65,"Adiala Road, Rawalpindi",https://www.zameen.com/Property/rawalpindi_adiala_road_dha_phase_4_rvn_5marla_block_e_plots_for_sale-54714545-478-2.html,34,Rawalpindi,Adiala Road,5.0,33.5778124,73.0650131
10 Marla level Plot All Facilities available,1.15,"Gulshan Abad Sector 1, Gulshan Abad",https://www.zameen.com/Property/gulshan_abad_gulshan_abad_sector_1_10_marla_level_plot_all_facilities_available-54395500-14736-2.html,34,Rawalpindi,Gulshan Abad Sector 1,10.0,33.6536015,73.0795873
"10 Marla LOP Approved Level Plot For Sale | Gas, Electricity & Water Bore Available",1.29,"Gulshan Abad, Rawalpindi",https://www.zameen.com/Property/rawalpindi_gulshan_abad_10_marla_lop_approved_level_plot_for_sale_gas_electricity_water_bore_available-54456450-1058-2.html,34,Rawalpindi,Gulshan Abad,10.0,33.6603777,73.0830223
"10 Marla Level Plot for Sale | Water Bore Installed | Gas, Electricity & Water Available",1.28,"Gulshan Abad Sector 3, Gulshan Abad",https://www.zameen.com/Property/gulshan_abad_gulshan_abad_sector_3_10_marla_level_plot_for_sale_water_bore_installed_gas_electricity_water_available-54456459-14741-2.html,34,Rawalpindi,Gulshan Abad Sector 3,10.0,33.6536015,73.0795873
10 Marla Level Plot For Sale Prime & Ideal Location,1.2,"Gulshan Abad, Rawalpindi",https://www.zameen.com/Property/rawalpindi_gulshan_abad_10_marla_level_plot_for_sale_prime_ideal_location-54660776-1058-2.html,34,Rawalpindi,Gulshan Abad,10.0,33.6603777,73.0830223
"10 Marla Level Plot Prime Location, Near Main Road",1.59,"Gulshan Abad, Rawalpindi",https://www.zameen.com/Property/rawalpindi_gulshan_abad_10_marla_level_plot_prime_location_near_main_road-54661535-1058-2.html,34,Rawalpindi,Gulshan Abad,10.0,33.6603777,73.0830223
Level Good Location Plot Available For Sale,0.69,"Taj Residencia - Daffodils Block, Taj Residencia",https://www.zameen.com/Property/taj_residencia_taj_residencia_-_daffodils_block_level_good_location_plot_available_for_sale-54801722-18990-2.html,34,Rawalpindi,Taj Residencia - Daffodils Block,5.0,33.5855,72.9348
1 Kanal Residential Plot For Sale In Bahria Town Phase 8 D Block Prime Location,2.25,"Bahria Town Phase 8 - Block D, Bahria Town Phase 8",https://www.zameen.com/Property/bahria_town_phase_8_bahria_town_phase_8_-_block_d_1_kanal_residential_plot_for_sale_in_bahria_town_phase_8_d_block_prime_location-54682871-3052-2.html,35,Rawalpindi,Bahria Town Phase 8 - Block D,20.0,33.4862,73.0874
Plot For Sale With A Beautiful Location,1.57,"Punjab Government Servant Housing Foundation (PGSHF), Rawalpindi",https://www.zameen.com/Property/rawalpindi_punjab_government_servant_housing_foundation_pgshf_plot_for_sale_with_a_beautiful_location-54546409-10424-2.html,35,Rawalpindi,Punjab Government Servant Housing Foundation (PGSHF),20.0,33.4542,72.9515
Boulevard Category Plot with Back Side Open View,1.75,"Bahria Greens - Overseas Enclave - Sector 6, Bahria Greens - Overseas Enclave",https://www.zameen.com/Property/bahria_greens_overseas_enclave_bahria_greens_-_overseas_enclave_-_sector_6_boulevard_category_plot_with_back_side_open_view-50201328-8305-2.html,35,Rawalpindi,Bahria Greens - Overseas Enclave - Sector 6,10.0,33.4735,73.091
5 Marla Residential Plot for Sale Sector M,0.75,"Bahria Town Phase 8 - Block M, Bahria Town Phase 8",https://www.zameen.com/Property/bahria_town_phase_8_bahria_town_phase_8_-_block_m_5_marla_residential_plot_for_sale_sector_m-54690412-3062-2.html,35,Rawalpindi,Bahria Town Phase 8 - Block M,5.0,33.4862,73.0874
1 Kanal Plot for Sale Bahria Town Phase 8 Overseas 5,3.25,"Bahria Greens - Overseas Enclave - Sector 5, Bahria Greens - Overseas Enclave",https://www.zameen.com/Property/bahria_greens_overseas_enclave_bahria_greens_-_overseas_enclave_-_sector_5_1_kanal_plot_for_sale_bahria_town_phase_8_overseas_5-54738910-8304-2.html,35,Rawalpindi,Bahria Greens - Overseas Enclave - Sector 5,20.0,33.4735,73.091
"5.5 Marla Corner Plot For Sale In Street 40, Overseas 5, Bahria Phase 8",1.0,"Bahria Greens - Overseas Enclave - Sector 5, Bahria Greens - Overseas Enclave",https://www.zameen.com/Property/bahria_greens_overseas_enclave_bahria_greens_-_overseas_enclave_-_sector_5_5_5_marla_corner_plot_for_sale_in_street_40_overseas_5_bahria_phase_8-54515604-8304-2.html,35,Rawalpindi,Bahria Greens - Overseas Enclave - Sector 5,5.5,33.4735,73.091
1 Kanal Pair Plot Available For Sale In Bahria Hamlet,3.5,"Bahria Hamlet, Bahria Town Phase 8",https://www.zameen.com/Property/bahria_town_phase_8_bahria_hamlet_1_kanal_pair_plot_available_for_sale_in_bahria_hamlet-54729773-10354-2.html,35,Rawalpindi,Bahria Hamlet,40.0,33.4891,73.1232
36 Marla Plot For Sale In Overseas 1,2.8,"Bahria Greens - Overseas Enclave - Sector 1, Bahria Greens - Overseas Enclave",https://www.zameen.com/Property/bahria_greens_overseas_enclave_bahria_greens_-_overseas_enclave_-_sector_1_36_marla_plot_for_sale_in_overseas_1-54763151-8300-2.html,35,Rawalpindi,Bahria Greens - Overseas Enclave - Sector 1,36.0,33.4735,73.091
Bahria PH 7 Plot Corner 18 Marla For Sale,3.0,"Bahria Town Phase 7, Bahria Town Rawalpindi",https://www.zameen.com/Property/bahria_town_rawalpindi_bahria_town_phase_7_bahria_ph_7_plot_corner_18_marla_for_sale-54648948-3047-2.html,35,Rawalpindi,Bahria Town Phase 7,18.0,33.5701202,73.1163357
Bahria Town Rwp/Isb Phase 8 5Marla (30*40)Sized Possession Area Residential Plot In Rose Garden Zone-2,0.37,"Bahria Town Phase 8, Bahria Town Rawalpindi",https://www.zameen.com/Property/bahria_town_rawalpindi_bahria_town_phase_8_bahria_town_rwp_isb_phase_8_5marla_30_40_sized_possession_area_residential_plot_in_rose_garden_zone-2-54775424-3048-2.html,35,Rawalpindi,Bahria Town Phase 8,5.0,33.5012685,73.0872635
Bahria Town Rwp/Isb Phase8 F1 10Marla (35*70)Sized Residentail Plot Available For Sale,1.2,"Bahria Town Phase 8 - Sector F-1, Bahria Town Phase 8",https://www.zameen.com/Property/bahria_town_phase_8_bahria_town_phase_8_-_sector_f-1_bahria_town_rwp_isb_phase8_f1_10marla_35_70_sized_residentail_plot_available_for_sale-54758984-3095-2.html,35,Rawalpindi,Bahria Town Phase 8 - Sector F-1,10.0,33.4855018,73.0971219
Bahria Town Rwp/Isb Phase8 M Block 5Marla Builder Location 100% Solid Land Residential Plot Availble For Sale,0.84,"Bahria Town Phase 8 - Block M, Bahria Town Phase 8",https://www.zameen.com/Property/bahria_town_phase_8_bahria_town_phase_8_-_block_m_bahria_town_rwp_isb_phase8_m_block_5marla_builder_location_100_solid_land_residential_plot_availble_for_sale-54763406-3062-2.html,35,Rawalpindi,Bahria Town Phase 8 - Block M,5.0,33.4862,73.0874
"1 Kanal Luxury Plot With Extra Land Phase 8 Overseas 1, Bahria Town Rawalpindi",3.6,"Bahria Greens - Overseas Enclave - Sector 1, Bahria Greens - Overseas Enclave",https://www.zameen.com/Property/bahria_greens_overseas_enclave_bahria_greens_-_overseas_enclave_-_sector_1_1_kanal_luxury_plot_with_extra_land_phase_8_overseas_1_bahria_town_rawalpindi-54272033-8300-2.html,35,Rawalpindi,Bahria Greens - Overseas Enclave - Sector 1,24.0,33.4735,73.091
"Bahria Town Phase 8 Sector N,5.5Marla Plot For Sale",0.5,"Bahria Town Phase 8, Bahria Town Rawalpindi",https://www.zameen.com/Property/bahria_town_rawalpindi_bahria_town_phase_8_bahria_town_phase_8_sector_n_5_5marla_plot_for_sale-54617182-3048-2.html,35,Rawalpindi,Bahria Town Phase 8,5.0,33.5012685,73.0872635
Bahria Town Rwp/Isb Phase8 Safari Valley Usman Block 7 Marla Residentail Plot Available For Sale,0.85,"Bahria Town Phase 8 - Usman Block, Bahria Town Phase 8 - Safari Valley",https://www.zameen.com/Property/bahria_town_phase_8_safari_valley_bahria_town_phase_8_-_usman_block_bahria_town_rwp_isb_phase8_safari_valley_usman_block_7_marla_residentail_plot_available_for_sale-54773366-3068-2.html,35,Rawalpindi,Bahria Town Phase 8 - Usman Block,7.0,33.4848621,73.096708
Buy A Residential Plot Of 2 Kanal In Bahria Town Phase 8 - Club City,3.5,"Bahria Town Phase 8 - Club City, Bahria Town Phase 8",https://www.zameen.com/Property/bahria_town_phase_8_bahria_town_phase_8_-_club_city_buy_a_residential_plot_of_2_kanal_in_bahria_town_phase_8_-_club_city-54558964-12591-2.html,36,Rawalpindi,Bahria Town Phase 8 - Club City,40.0,33.4862,73.0874
10 MARLA ALL PAID PLOT NEAR MASJID PARK,0.85,"Bahria Town Phase 8 - Block L, Bahria Town Phase 8",https://www.zameen.com/Property/bahria_town_phase_8_bahria_town_phase_8_-_block_l_10_marla_all_paid_plot_near_masjid_park-53900053-3061-2.html,36,Rawalpindi,Bahria Town Phase 8 - Block L,10.0,33.4862,73.0874
10 MARLA Residential Plot In Bahria Town Rawalpindi Phase 7 Best Option,1.75,"Bahria Town Phase 7, Bahria Town Rawalpindi",https://www.zameen.com/Property/bahria_town_rawalpindi_bahria_town_phase_7_10_marla_residential_plot_in_bahria_town_rawalpindi_phase_7_best_option-54501648-3047-2.html,36,Rawalpindi,Bahria Town Phase 7,10.0,33.5701202,73.1163357
100% Secure Ownership | Registry & Inteqal | Unbeatable Location on Chakri Road,0.21,"Al-Haram City, Chakri Road",https://www.zameen.com/Property/chakri_road_al-haram_city_100_secure_ownership_registry_inteqal_unbeatable_location_on_chakri_road-54767408-17290-2.html,36,Rawalpindi,Al-Haram City,3.0,33.5025799,72.9570594
Main Service Road Plot For Sale Media Town Block B,3.75,"Media Town, Rawalpindi",https://www.zameen.com/Property/rawalpindi_media_town_main_service_road_plot_for_sale_media_town_block_b-53565023-8157-2.html,36,Rawalpindi,Media Town,10.0,33.5639764,73.1222157
5 Marla Plot Available For Sale In Taj Residencia (Lilly Block),0.78,"Taj Residencia, Rawalpindi",https://www.zameen.com/Property/rawalpindi_taj_residencia_5_marla_plot_available_for_sale_in_taj_residencia_lilly_block-54040370-11491-2.html,36,Rawalpindi,Taj Residencia,5.0,33.589782,72.9679336
5 Marla Possession Able Plot,0.12,"Blue World City, Chakri Road",https://www.zameen.com/Property/chakri_road_blue_world_city_5_marla_possession_able_plot-54699342-11768-2.html,36,Rawalpindi,Blue World City,5.0,33.3674961,72.8668694
10 Marla Plot Outstanding Location,0.98,"Punjab Government Servant Housing Foundation (PGSHF), Rawalpindi",https://www.zameen.com/Property/rawalpindi_punjab_government_servant_housing_foundation_pgshf_10_marla_plot_outstanding_location-54682103-10424-2.html,36,Rawalpindi,Punjab Government Servant Housing Foundation (PGSHF),10.0,33.4542,72.9515
7 Marla Plot with Green Belt,0.86,"Punjab Government Servant Housing Foundation (PGSHF), Rawalpindi",https://www.zameen.com/Property/rawalpindi_punjab_government_servant_housing_foundation_pgshf_7_marla_plot_with_green_belt-54692390-10424-2.html,36,Rawalpindi,Punjab Government Servant Housing Foundation (PGSHF),7.0,33.4542,72.9515
10 Marla Corner Plot With Green Belt,1.05,"Punjab Government Servant Housing Foundation (PGSHF), Rawalpindi",https://www.zameen.com/Property/rawalpindi_punjab_government_servant_housing_foundation_pgshf_10_marla_corner_plot_with_green_belt-54692385-10424-2.html,36,Rawalpindi,Punjab Government Servant Housing Foundation (PGSHF),10.0,33.4542,72.9515
10 Marla Prime Location Plot For Sale In Bahria Town Phase 8 Sector E,1.45,"Bahria Town Phase 8 - Block E, Bahria Town Phase 8",https://www.zameen.com/Property/bahria_town_phase_8_bahria_town_phase_8_-_block_e_10_marla_prime_location_plot_for_sale_in_bahria_town_phase_8_sector_e-54777242-3053-2.html,36,Rawalpindi,Bahria Town Phase 8 - Block E,10.0,33.4862,73.0874
5 Marla Main Road Corner Plot Top Location For Sale,1.1,"Airport Housing Society - Sector 4, Airport Housing Society",https://www.zameen.com/Property/airport_housing_society_airport_housing_society_-_sector_4_5_marla_main_road_corner_plot_top_location_for_sale-54737781-9155-2.html,36,Rawalpindi,Airport Housing Society - Sector 4,5.0,33.5941022,73.1307386
Bahria Town Rwp Phase8 Safari Valley Rafi Block 5Marla with Extra Land Plot Availble For Sale,0.75,"Bahria Town Phase 8 - Rafi Block, Bahria Town Phase 8",https://www.zameen.com/Property/bahria_town_phase_8_bahria_town_phase_8_-_rafi_block_bahria_town_rwp_phase8_safari_valley_rafi_block_5marla_with_extra_land_plot_availble_for_sale-54779086-3071-2.html,36,Rawalpindi,Bahria Town Phase 8 - Rafi Block,5.0,33.4862,73.0874
Bahria Town Rwp/Isb Phase8 B Block 10Marla (35*70)sized Residential Plot Available For Sale,1.45,"Bahria Town Phase 8 - Block B, Bahria Town Phase 8",https://www.zameen.com/Property/bahria_town_phase_8_bahria_town_phase_8_-_block_b_bahria_town_rwp_isb_phase8_b_block_10marla_35_70_sized_residential_plot_available_for_sale-54782841-3050-2.html,36,Rawalpindi,Bahria Town Phase 8 - Block B,10.0,33.4848621,73.096708
10 Marla Plot For Sale In A & B Blocks,0.65,"Saffron City, GT Road",https://www.zameen.com/Property/gt_road_saffron_city_10_marla_plot_for_sale_in_a_b_blocks-54235555-21050-2.html,36,Rawalpindi,Saffron City,10.0,33.6520202,73.076983
5 Marla Beautiful Plot For Sale In UpCountry Islamabad,0.35,"UpCountry Enclosures Housing Society, Rawalpindi",https://www.zameen.com/Property/rawalpindi_upcountry_enclosures_housing_society_5_marla_beautiful_plot_for_sale_in_upcountry_islamabad-51229737-11752-2.html,36,Rawalpindi,UpCountry Enclosures Housing Society,5.0,33.5412,72.8845
1 Kanal 50x90 Beautiful Plot For Sale,0.96,"UpCountry Enclosures Housing Society, Rawalpindi",https://www.zameen.com/Property/rawalpindi_upcountry_enclosures_housing_society_1_kanal_50x90_beautiful_plot_for_sale-53778083-11752-2.html,36,Rawalpindi,UpCountry Enclosures Housing Society,20.0,33.5412,72.8845
CONFIRM Plot In LOP Area All Dues Cleared,0.38,"UpCountry Enclosures Society - Block H, UpCountry Enclosures Housing Society",https://www.zameen.com/Property/upcountry_enclosures_housing_society_upcountry_enclosures_society_-_block_h_confirm_plot_in_lop_area_all_dues_cleared-54156939-16297-2.html,36,Rawalpindi,UpCountry Enclosures Society - Block H,5.0,33.5412,72.8845
Best Location Plot In Bahria Town Phase 8 Overseas 1,3.55,"Bahria Greens - Overseas Enclave - Sector 1, Bahria Greens - Overseas Enclave",https://www.zameen.com/Property/bahria_greens_overseas_enclave_bahria_greens_-_overseas_enclave_-_sector_1_best_location_plot_in_bahria_town_phase_8_overseas_1-53181293-8300-2.html,36,Rawalpindi,Bahria Greens - Overseas Enclave - Sector 1,20.0,33.4735,73.091
Looking For A Residential Plot In UpCountry Enclosures Housing Society UpCountry Enclosures Housing Society,0.45,"UpCountry Enclosures Housing Society, Rawalpindi",https://www.zameen.com/Property/rawalpindi_upcountry_enclosures_housing_society_looking_for_a_residential_plot_in_upcountry_enclosures_housing_society_upcountry_enclosures_housing_society-54801222-11752-2.html,36,Rawalpindi,UpCountry Enclosures Housing Society,8.0,33.5412,72.8845
Beautifully Located Ready For Construction 05 Marla Plot For Sale,0.33,"Capital Smart City, Rawalpindi",https://www.zameen.com/Property/rawalpindi_capital_smart_city_beautifully_located_ready_for_construction_05_marla_plot_for_sale-54702696-11891-2.html,37,Rawalpindi,Capital Smart City,5.0,33.4407844,72.8587589
5 Marla Plot Available For Sale,0.9,"Bahria Greens - Overseas Enclave - Sector 5, Bahria Greens - Overseas Enclave",https://www.zameen.com/Property/bahria_greens_overseas_enclave_bahria_greens_-_overseas_enclave_-_sector_5_5_marla_plot_available_for_sale-54541551-8304-2.html,37,Rawalpindi,Bahria Greens - Overseas Enclave - Sector 5,5.0,33.4735,73.091
Plot S For Sale,1.6,"Bahria Greens - Overseas Enclave - Sector 1, Bahria Greens - Overseas Enclave",https://www.zameen.com/Property/bahria_greens_overseas_enclave_bahria_greens_-_overseas_enclave_-_sector_1_plot_s_for_sale-54538335-8300-2.html,37,Rawalpindi,Bahria Greens - Overseas Enclave - Sector 1,20.0,33.4735,73.091
Back Open Extra Land Plot Bahria Hamlet,2.0,"Bahria Hamlet, Bahria Town Phase 8",https://www.zameen.com/Property/bahria_town_phase_8_bahria_hamlet_back_open_extra_land_plot_bahria_hamlet-54557556-10354-2.html,37,Rawalpindi,Bahria Hamlet,20.0,33.4891,73.1232
Over Seas 3 Main Blvd 2 Kanal Plot For Sale,6.4,"Bahria Greens - Overseas Enclave - Sector 3, Bahria Greens - Overseas Enclave",https://www.zameen.com/Property/bahria_greens_overseas_enclave_bahria_greens_-_overseas_enclave_-_sector_3_over_seas_3_main_blvd_2_kanal_plot_for_sale-54560425-8302-2.html,37,Rawalpindi,Bahria Greens - Overseas Enclave - Sector 3,40.0,33.4735,73.091
Front Open Over Seas Sec 5,3.25,"Bahria Greens - Overseas Enclave - Sector 5, Bahria Greens - Overseas Enclave",https://www.zameen.com/Property/bahria_greens_overseas_enclave_bahria_greens_-_overseas_enclave_-_sector_5_front_open_over_seas_sec_5-54705003-8304-2.html,37,Rawalpindi,Bahria Greens - Overseas Enclave - Sector 5,20.0,33.4735,73.091
Back Open Extra Land Plot For Sale,2.25,"Bahria Town Phase 7, Bahria Town Rawalpindi",https://www.zameen.com/Property/bahria_town_rawalpindi_bahria_town_phase_7_back_open_extra_land_plot_for_sale-54752243-3047-2.html,37,Rawalpindi,Bahria Town Phase 7,14.0,33.5701202,73.1163357
2 Kanal Open Transfer Plot,3.15,"Bahria Town Phase 8 - Club City, Bahria Town Phase 8",https://www.zameen.com/Property/bahria_town_phase_8_bahria_town_phase_8_-_club_city_2_kanal_open_transfer_plot-54301245-12591-2.html,37,Rawalpindi,Bahria Town Phase 8 - Club City,40.0,33.4862,73.0874
Back Open Extra Land End Corner Plot,1.58,"Bahria Town Phase 7, Bahria Town Rawalpindi",https://www.zameen.com/Property/bahria_town_rawalpindi_bahria_town_phase_7_back_open_extra_land_end_corner_plot-54507948-3047-2.html,37,Rawalpindi,Bahria Town Phase 7,10.0,33.5701202,73.1163357
1 Kanal Residential Plot For sale In Rawalpindi,3.5,"Bahria Town Phase 7, Bahria Town Rawalpindi",https://www.zameen.com/Property/bahria_town_rawalpindi_bahria_town_phase_7_1_kanal_residential_plot_for_sale_in_rawalpindi-54755829-3047-2.html,37,Rawalpindi,Bahria Town Phase 7,20.0,33.5701202,73.1163357
10 Marla ( 40*70 in Block A ) Residential Plot For Sale.,2.7,"Media Town - Block A, Media Town",https://www.zameen.com/Property/media_town_media_town_-_block_a_10_marla_40_70_in_block_a_residential_plot_for_sale-54635964-16390-2.html,37,Rawalpindi,Media Town - Block A,10.0,33.5639764,73.1222157
Residential Plot For Sale In UpCountry Enclosures Housing Society UpCountry Enclosures Housing Society,0.55,"UpCountry Enclosures Housing Society, Rawalpindi",https://www.zameen.com/Property/rawalpindi_upcountry_enclosures_housing_society_residential_plot_for_sale_in_upcountry_enclosures_housing_society_upcountry_enclosures_housing_society-54801223-11752-2.html,37,Rawalpindi,UpCountry Enclosures Housing Society,8.0,33.5412,72.8845
1800 Square Feet Residential Plot In UpCountry Enclosures Housing Society For sale,0.52,"UpCountry Enclosures Housing Society, Rawalpindi",https://www.zameen.com/Property/rawalpindi_upcountry_enclosures_housing_society_1800_square_feet_residential_plot_in_upcountry_enclosures_housing_society_for_sale-54801221-11752-2.html,37,Rawalpindi,UpCountry Enclosures Housing Society,8.0,33.5412,72.8845
A Residential Plot At Affordable Price Awaits You,0.6,"UpCountry Enclosures Housing Society, Rawalpindi",https://www.zameen.com/Property/rawalpindi_upcountry_enclosures_housing_society_a_residential_plot_at_affordable_price_awaits_you-54801220-11752-2.html,37,Rawalpindi,UpCountry Enclosures Housing Society,10.9,33.5412,72.8845
Residential Plot For Sale Situated In UpCountry Enclosures Housing Society Block F,1.0,"UpCountry Enclosures Housing Society, Rawalpindi",https://www.zameen.com/Property/rawalpindi_upcountry_enclosures_housing_society_residential_plot_for_sale_situated_in_upcountry_enclosures_housing_society_block_f-54801219-11752-2.html,37,Rawalpindi,UpCountry Enclosures Housing Society,20.0,33.5412,72.8845
Own A Residential Plot In 4500 Square Feet UpCountry Enclosures Housing Society Block F,1.4,"UpCountry Enclosures Housing Society, Rawalpindi",https://www.zameen.com/Property/rawalpindi_upcountry_enclosures_housing_society_own_a_residential_plot_in_4500_square_feet_upcountry_enclosures_housing_society_block_f-54801218-11752-2.html,37,Rawalpindi,UpCountry Enclosures Housing Society,20.0,33.5412,72.8845
A 4500 Square Feet Residential Plot Is Up For Grabs In UpCountry Enclosures Housing Society,0.9,"UpCountry Enclosures Housing Society, Rawalpindi",https://www.zameen.com/Property/rawalpindi_upcountry_enclosures_housing_society_a_4500_square_feet_residential_plot_is_up_for_grabs_in_upcountry_enclosures_housing_society-54801217-11752-2.html,37,Rawalpindi,UpCountry Enclosures Housing Society,20.0,33.5412,72.8845
Residential Plot For sale In UpCountry Enclosures Housing Society UpCountry Enclosures Housing Society,0.48,"UpCountry Enclosures Housing Society, Rawalpindi",https://www.zameen.com/Property/rawalpindi_upcountry_enclosures_housing_society_residential_plot_for_sale_in_upcountry_enclosures_housing_society_upcountry_enclosures_housing_society-54801216-11752-2.html,37,Rawalpindi,UpCountry Enclosures Housing Society,5.6,33.5412,72.8845
Spacious Residential Plot Is Available For Sale In Ideal Location Of UpCountry Enclosures Housing Society,0.4,"UpCountry Enclosures Housing Society, Rawalpindi",https://www.zameen.com/Property/rawalpindi_upcountry_enclosures_housing_society_spacious_residential_plot_is_available_for_sale_in_ideal_location_of_upcountry_enclosures_housing_society-54801215-11752-2.html,37,Rawalpindi,UpCountry Enclosures Housing Society,5.6,33.5412,72.8845
Investor Rate Kanal Plot Boulevard Location,3.1,"Bahria Town Phase 3, Bahria Town Rawalpindi",https://www.zameen.com/Property/bahria_town_rawalpindi_bahria_town_phase_3_investor_rate_kanal_plot_boulevard_location-53542826-3036-2.html,38,Rawalpindi,Bahria Town Phase 3,20.0,33.5701202,73.1163357
Ideal Residential Plot For Sale In Bahria Town Phase 8 - Block L,0.63,"Bahria Town Phase 8 - Block L, Bahria Town Phase 8",https://www.zameen.com/Property/bahria_town_phase_8_bahria_town_phase_8_-_block_l_ideal_residential_plot_for_sale_in_bahria_town_phase_8_-_block_l-54733010-3061-2.html,38,Rawalpindi,Bahria Town Phase 8 - Block L,5.0,33.4862,73.0874
"1 Kanal Plot For Sale | P Block, Bahria Town Phase 8",1.2,"Bahria Town Phase 8 - Block P, Bahria Town Phase 8",https://www.zameen.com/Property/bahria_town_phase_8_bahria_town_phase_8_-_block_p_1_kanal_plot_for_sale_p_block_bahria_town_phase_8-54738252-3065-2.html,38,Rawalpindi,Bahria Town Phase 8 - Block P,20.0,33.4862,73.0874
"1 Kanal Plot For Sale In P Block, Bahria Town Phase 8",1.25,"Bahria Town Phase 8 - Block P, Bahria Town Phase 8",https://www.zameen.com/Property/bahria_town_phase_8_bahria_town_phase_8_-_block_p_1_kanal_plot_for_sale_in_p_block_bahria_town_phase_8-54740667-3065-2.html,38,Rawalpindi,Bahria Town Phase 8 - Block P,20.0,33.4862,73.0874
5 Marla Residential Plot In Stunning Bahria Town Phase 8 - Block L Is Available For Sale,0.6,"Bahria Town Phase 8 - Block L, Bahria Town Phase 8",https://www.zameen.com/Property/bahria_town_phase_8_bahria_town_phase_8_-_block_l_5_marla_residential_plot_in_stunning_bahria_town_phase_8_-_block_l_is_available_for_sale-54714947-3061-2.html,38,Rawalpindi,Bahria Town Phase 8 - Block L,5.0,33.4862,73.0874
Get In Touch Now To Buy A Residential Plot In Bahria Town Phase 8 - Block J Rawalpindi,0.8,"Bahria Town Phase 8 - Block J, Bahria Town Phase 8",https://www.zameen.com/Property/bahria_town_phase_8_bahria_town_phase_8_-_block_j_get_in_touch_now_to_buy_a_residential_plot_in_bahria_town_phase_8_-_block_j_rawalpindi-54714955-3058-2.html,38,Rawalpindi,Bahria Town Phase 8 - Block J,8.0,33.4862,73.0874
Stunning And Affordable Residential Plot Available For Sale In Bahria Town Phase 8 - Block M,0.65,"Bahria Town Phase 8 - Block M, Bahria Town Phase 8",https://www.zameen.com/Property/bahria_town_phase_8_bahria_town_phase_8_-_block_m_stunning_and_affordable_residential_plot_available_for_sale_in_bahria_town_phase_8_-_block_m-54714942-3062-2.html,38,Rawalpindi,Bahria Town Phase 8 - Block M,5.0,33.4862,73.0874
5 Marla Beautiful Location Level Plot Available For Sale At Sec 4,0.83,"Airport Housing Society - Sector 4, Airport Housing Society",https://www.zameen.com/Property/airport_housing_society_airport_housing_society_-_sector_4_5_marla_beautiful_location_level_plot_available_for_sale_at_sec_4-45574424-9155-2.html,38,Rawalpindi,Airport Housing Society - Sector 4,5.0,33.5941022,73.1307386
5 Marla Level Plot Available For Sale At Prime Location H Block Sector 4,0.85,"Airport Housing Society - Sector 4, Airport Housing Society",https://www.zameen.com/Property/airport_housing_society_airport_housing_society_-_sector_4_5_marla_level_plot_available_for_sale_at_prime_location_h_block_sector_4-45574454-9155-2.html,38,Rawalpindi,Airport Housing Society - Sector 4,5.0,33.5941022,73.1307386
"5 Marla Premium Plot For Sale Bahria Town Phase 8, Sector L Level-To-Ground | 100% Solid Land | Premium Location",0.68,"Bahria Town Phase 8 - Block L, Bahria Town Phase 8",https://www.zameen.com/Property/bahria_town_phase_8_bahria_town_phase_8_-_block_l_5_marla_premium_plot_for_sale_bahria_town_phase_8_sector_l_level-to-ground_100_solid_land_premium_location-54715863-3061-2.html,38,Rawalpindi,Bahria Town Phase 8 - Block L,5.0,33.4862,73.0874
10marla solid land prime location plot available for sale in Sector i Bahria Town phase 8,1.05,"Bahria Town Phase 8 - Block I, Bahria Town Phase 8",https://www.zameen.com/Property/bahria_town_phase_8_bahria_town_phase_8_-_block_i_10marla_solid_land_prime_location_plot_available_for_sale_in_sector_i_bahria_town_phase_8-54774630-3057-2.html,38,Rawalpindi,Bahria Town Phase 8 - Block I,10.0,33.4862,73.0874
Residential Plot Of 8 Marla In Bahria Town Phase 8 - Block K Is Available,0.48,"Bahria Town Phase 8 - Block K, Bahria Town Phase 8",https://www.zameen.com/Property/bahria_town_phase_8_bahria_town_phase_8_-_block_k_residential_plot_of_8_marla_in_bahria_town_phase_8_-_block_k_is_available-54714956-3060-2.html,38,Rawalpindi,Bahria Town Phase 8 - Block K,8.0,33.4862,73.0874
10 Marla Spacious Residential Plot Is Available In Bahria Town Phase 8 - Block K For Sale,0.58,"Bahria Town Phase 8 - Block K, Bahria Town Phase 8",https://www.zameen.com/Property/bahria_town_phase_8_bahria_town_phase_8_-_block_k_10_marla_spacious_residential_plot_is_available_in_bahria_town_phase_8_-_block_k_for_sale-54714958-3060-2.html,38,Rawalpindi,Bahria Town Phase 8 - Block K,10.0,33.4862,73.0874
23 Marla With Hug Back Xtra Land Plot For Sale In A Block,2.75,"Bahria Town Phase 8 - Block A, Bahria Town Phase 8",https://www.zameen.com/Property/bahria_town_phase_8_bahria_town_phase_8_-_block_a_23_marla_with_hug_back_xtra_land_plot_for_sale_in_a_block-54718569-3049-2.html,38,Rawalpindi,Bahria Town Phase 8 - Block A,24.0,33.4862,73.0874
You Can Find A Gorgeous Residential Plot For sale In UpCountry Enclosures Housing Society,0.55,"UpCountry Enclosures Housing Society, Rawalpindi",https://www.zameen.com/Property/rawalpindi_upcountry_enclosures_housing_society_you_can_find_a_gorgeous_residential_plot_for_sale_in_upcountry_enclosures_housing_society-54801214-11752-2.html,38,Rawalpindi,UpCountry Enclosures Housing Society,7.0,33.5412,72.8845
A 2450 Square Feet Residential Plot In UpCountry Enclosures Housing Society Is On The Market For Sale,0.75,"UpCountry Enclosures Housing Society, Rawalpindi",https://www.zameen.com/Property/rawalpindi_upcountry_enclosures_housing_society_a_2450_square_feet_residential_plot_in_upcountry_enclosures_housing_society_is_on_the_market_for_sale-54801212-11752-2.html,38,Rawalpindi,UpCountry Enclosures Housing Society,10.9,33.5412,72.8845
Ideal Residential Plot For sale In UpCountry Enclosures Housing Society,1.0,"UpCountry Enclosures Housing Society, Rawalpindi",https://www.zameen.com/Property/rawalpindi_upcountry_enclosures_housing_society_ideal_residential_plot_for_sale_in_upcountry_enclosures_housing_society-54801211-11752-2.html,38,Rawalpindi,UpCountry Enclosures Housing Society,20.0,33.5412,72.8845
UpCountry Enclosures Housing Society Residential Plot Sized 4500 Square Feet,0.95,"UpCountry Enclosures Housing Society, Rawalpindi",https://www.zameen.com/Property/rawalpindi_upcountry_enclosures_housing_society_upcountry_enclosures_housing_society_residential_plot_sized_4500_square_feet-54801210-11752-2.html,38,Rawalpindi,UpCountry Enclosures Housing Society,20.0,33.5412,72.8845
Centrally Located Residential Plot Available In UpCountry Enclosures Housing Society For Sale,0.4,"UpCountry Enclosures Housing Society, Rawalpindi",https://www.zameen.com/Property/rawalpindi_upcountry_enclosures_housing_society_centrally_located_residential_plot_available_in_upcountry_enclosures_housing_society_for_sale-54801209-11752-2.html,38,Rawalpindi,UpCountry Enclosures Housing Society,5.0,33.5412,72.8845
A 1250 Square Feet Residential Plot Is Up For Grabs In UpCountry Enclosures Housing Society,0.35,"UpCountry Enclosures Housing Society, Rawalpindi",https://www.zameen.com/Property/rawalpindi_upcountry_enclosures_housing_society_a_1250_square_feet_residential_plot_is_up_for_grabs_in_upcountry_enclosures_housing_society-54801208-11752-2.html,38,Rawalpindi,UpCountry Enclosures Housing Society,5.6,33.5412,72.8845
10 Marla Plot For Sale N Phase 3 Bahria Town Rawalpindi,2.49,"Bahria Town Phase 3, Bahria Town Rawalpindi",https://www.zameen.com/Property/bahria_town_rawalpindi_bahria_town_phase_3_10_marla_plot_for_sale_n_phase_3_bahria_town_rawalpindi-54463513-3036-2.html,38,Rawalpindi,Bahria Town Phase 3,10.0,33.5701202,73.1163357
Chakri 10 Marla Plot Registry / Intiqaal,0.12,"Chakri, Rawalpindi",https://www.zameen.com/Property/rawalpindi_chakri_chakri_10_marla_plot_registry_intiqaal-52919868-10921-2.html,39,Rawalpindi,Chakri,10.0,32.6835327,73.3517852
4 Marla Ready Plot For Sale In Club City Phase 8,0.86,"Bahria Town Phase 8 - Club City, Bahria Town Phase 8",https://www.zameen.com/Property/bahria_town_phase_8_bahria_town_phase_8_-_club_city_4_marla_ready_plot_for_sale_in_club_city_phase_8-54724021-12591-2.html,39,Rawalpindi,Bahria Town Phase 8 - Club City,4.0,33.4862,73.0874
1 Kanal Plot Available For Sale,3.3,"Bahria Town Phase 3, Bahria Town Rawalpindi",https://www.zameen.com/Property/bahria_town_rawalpindi_bahria_town_phase_3_1_kanal_plot_available_for_sale-54414495-3036-2.html,39,Rawalpindi,Bahria Town Phase 3,20.0,33.5701202,73.1163357
Sector B 10 Marla Level Land Boulevard Category Residential Plot Available For Sale in Bahria Town Phase 8 Rawalpindi Islamabad.,1.3,"Bahria Town Phase 8 - Block B, Bahria Town Phase 8",https://www.zameen.com/Property/bahria_town_phase_8_bahria_town_phase_8_-_block_b_sector_b_10_marla_level_land_boulevard_category_residential_plot_available_for_sale_in_bahria_town_phase_8_rawalpindi_islamabad-53529312-3050-2.html,39,Rawalpindi,Bahria Town Phase 8 - Block B,10.0,33.4848621,73.096708
A Residential Plot Of 10 Marla In Rs. 10000000,1.0,"Bahria Town Phase 8 - Block A, Bahria Town Phase 8",https://www.zameen.com/Property/bahria_town_phase_8_bahria_town_phase_8_-_block_a_a_residential_plot_of_10_marla_in_rs_10000000-54738786-3049-2.html,39,Rawalpindi,Bahria Town Phase 8 - Block A,10.0,33.4862,73.0874
Saffron city 5 marla plots available on installments and cash,0.45,"Saffron City, GT Road",https://www.zameen.com/Property/gt_road_saffron_city_saffron_city_5_marla_plots_available_on_installments_and_cash-54592381-21050-2.html,39,Rawalpindi,Saffron City,5.0,33.6520202,73.076983
5 Marla Park Face Plot For Sale In UpCountry Enclosures F Block,0.33,"UpCountry Enclosures Housing Society, Rawalpindi",https://www.zameen.com/Property/rawalpindi_upcountry_enclosures_housing_society_5_marla_park_face_plot_for_sale_in_upcountry_enclosures_f_block-54550452-11752-2.html,39,Rawalpindi,UpCountry Enclosures Housing Society,5.0,33.5412,72.8845
10 Marla Plot Available For Sale,2.0,"Bahria Town Phase 5, Bahria Town Rawalpindi",https://www.zameen.com/Property/bahria_town_rawalpindi_bahria_town_phase_5_10_marla_plot_available_for_sale-54468514-3045-2.html,39,Rawalpindi,Bahria Town Phase 5,10.0,33.5701202,73.1163357
Investor Rate Kanal Plot For Sale Boulevard Location Near Pso Pump / Arena,3.65,"Bahria Town Phase 4, Bahria Town Rawalpindi",https://www.zameen.com/Property/bahria_town_rawalpindi_bahria_town_phase_4_investor_rate_kanal_plot_for_sale_boulevard_location_near_pso_pump_arena-52087422-3041-2.html,39,Rawalpindi,Bahria Town Phase 4,20.0,33.5701202,73.1163357
2 Kanal Land For Sale,3.0,"Rawat Industrial Estate, Rawalpindi",https://www.zameen.com/Property/rawalpindi_rawat_industrial_estate_2_kanal_land_for_sale-53173280-9051-2.html,39,Rawalpindi,Rawat Industrial Estate,40.0,33.5184144,73.2387894
SAFARI VALLY MAIN Ya Plot 5 Marla Plot Investment View Option Location Near And Clean Society,0.5,"French Housing Society, Adiala Road",https://www.zameen.com/Property/adiala_road_french_housing_society_safari_vally_main_ya_plot_5_marla_plot_investment_view_option_location_near_and_clean_society-54705695-21056-2.html,39,Rawalpindi,French Housing Society,5.0,33.5091195,73.0420605
This Sector Is At 200 Ft Wide Express Way Road Of Bahria Town Rawalpindi Plot Possession Utility Paid Plot For Sale,0.62,"Bahria Town Phase 8 - Sector F-3, Bahria Town Phase 8",https://www.zameen.com/Property/bahria_town_phase_8_bahria_town_phase_8_-_sector_f-3_this_sector_is_at_200_ft_wide_express_way_road_of_bahria_town_rawalpindi_plot_possession_utility_paid_plot_for_sale-54477929-8251-2.html,39,Rawalpindi,Bahria Town Phase 8 - Sector F-3,10.0,33.4855018,73.0971219
1 Kanal For Sale Extra Land Sath 8 Marla,1.75,"Punjab Government Servant Housing Foundation (PGSHF), Rawalpindi",https://www.zameen.com/Property/rawalpindi_punjab_government_servant_housing_foundation_pgshf_1_kanal_for_sale_extra_land_sath_8_marla-54701913-10424-2.html,39,Rawalpindi,Punjab Government Servant Housing Foundation (PGSHF),20.0,33.4542,72.9515
Kanal Plot For Sale In Bahria Town Rawalpindi,3.3,"Bahria Town Phase 3, Bahria Town Rawalpindi",https://www.zameen.com/Property/bahria_town_rawalpindi_bahria_town_phase_3_kanal_plot_for_sale_in_bahria_town_rawalpindi-51040033-3036-2.html,39,Rawalpindi,Bahria Town Phase 3,20.0,33.5701202,73.1163357
10 Marla Plot For Sale In Bahria Town Rawalpindi,2.41,"Bahria Town Phase 5, Bahria Town Rawalpindi",https://www.zameen.com/Property/bahria_town_rawalpindi_bahria_town_phase_5_10_marla_plot_for_sale_in_bahria_town_rawalpindi-49666454-3045-2.html,39,Rawalpindi,Bahria Town Phase 5,10.0,33.5701202,73.1163357
c block builders location 10 marla plot for sale,1.4,"Bahria Town Phase 8 - Block C, Bahria Town Phase 8",https://www.zameen.com/Property/bahria_town_phase_8_bahria_town_phase_8_-_block_c_c_block_builders_location_10_marla_plot_for_sale-54801050-3051-2.html,39,Rawalpindi,Bahria Town Phase 8 - Block C,10.0,33.4862,73.0874
Immediately Sale 10 Marla Plot Available At A Very Good Location,0.85,"Gulshan Abad Sector 3, Gulshan Abad",https://www.zameen.com/Property/gulshan_abad_gulshan_abad_sector_3_immediately_sale_10_marla_plot_available_at_a_very_good_location-54615069-14741-2.html,39,Rawalpindi,Gulshan Abad Sector 3,10.0,33.6536015,73.0795873
100 % Ready plot with possession utilities & development charges paid,0.45,"Bahria Town Phase 8 - Block K, Bahria Town Phase 8",https://www.zameen.com/Property/bahria_town_phase_8_bahria_town_phase_8_-_block_k_100_ready_plot_with_possession_utilities_development_charges_paid-54800868-3060-2.html,39,Rawalpindi,Bahria Town Phase 8 - Block K,8.0,33.4862,73.0874
A Well Designed Residential Plot Is Up For Sale In An Ideal Location In Rawalpindi,1.65,"Bahria Town Phase 8 - Block I, Bahria Town Phase 8",https://www.zameen.com/Property/bahria_town_phase_8_bahria_town_phase_8_-_block_i_a_well_designed_residential_plot_is_up_for_sale_in_an_ideal_location_in_rawalpindi-54500382-3057-2.html,40,Rawalpindi,Bahria Town Phase 8 - Block I,17.0,33.4862,73.0874
Plot In Scheme 3 Chaklala Rawalpindi,4.0,"Chaklala Scheme 3, Chaklala Scheme",https://www.zameen.com/Property/chaklala_scheme_chaklala_scheme_3_plot_in_scheme_3_chaklala_rawalpindi-54549600-1312-2.html,40,Rawalpindi,Chaklala Scheme 3,24.0,33.5695006,73.0667911
12 Marla Scheme 3 Chaklala Prime Location,3.0,"Chaklala Scheme 3, Chaklala Scheme",https://www.zameen.com/Property/chaklala_scheme_chaklala_scheme_3_12_marla_scheme_3_chaklala_prime_location-54549639-1312-2.html,40,Rawalpindi,Chaklala Scheme 3,12.0,33.5695006,73.0667911
Main Airport Road Plot,18.0,"Airport Road, Rawalpindi",https://www.zameen.com/Property/rawalpindi_airport_road_main_airport_road_plot-54230526-8138-2.html,40,Rawalpindi,Airport Road,17.0,33.6025544,73.1291696
M Block PlotA#1354 Size 5marla Phase 8 Bahria Town Rawalpindi,0.89,"Bahria Town Phase 8 - Block M, Bahria Town Phase 8",https://www.zameen.com/Property/bahria_town_phase_8_bahria_town_phase_8_-_block_m_m_block_plota_1354_size_5marla_phase_8_bahria_town_rawalpindi-54765056-3062-2.html,40,Rawalpindi,Bahria Town Phase 8 - Block M,5.0,33.4862,73.0874
10 Marla Plot For Sale,3.35,"Media Town - Block A, Media Town",https://www.zameen.com/Property/media_town_media_town_-_block_a_10_marla_plot_for_sale-53848524-16390-2.html,40,Rawalpindi,Media Town - Block A,10.0,33.5639764,73.1222157
10 Marla Corner Pack Pot For Sale,0.5,"Adiala Road, Rawalpindi",https://www.zameen.com/Property/rawalpindi_adiala_road_10_marla_corner_pack_pot_for_sale-54764669-478-2.html,40,Rawalpindi,Adiala Road,10.0,33.5778124,73.0650131
8 Marla Corner Residential Plot With Extra Land For Sale In Sector L Bahria Town Phase 8 Rawalpindi,0.76,"Bahria Town Phase 8, Bahria Town Rawalpindi",https://www.zameen.com/Property/bahria_town_rawalpindi_bahria_town_phase_8_8_marla_corner_residential_plot_with_extra_land_for_sale_in_sector_l_bahria_town_phase_8_rawalpindi-54736263-3048-2.html,40,Rawalpindi,Bahria Town Phase 8,8.0,33.5012685,73.0872635
A-280 Coastal Road,2.25,"Bahria Town Phase 8 - Block A, Bahria Town Phase 8",https://www.zameen.com/Property/bahria_town_phase_8_bahria_town_phase_8_-_block_a_a-280_coastal_road-54787501-3049-2.html,40,Rawalpindi,Bahria Town Phase 8 - Block A,20.0,33.4862,73.0874
10 marla builders location plot for sale in bahria town arawalpindi,1.55,"Bahria Town Phase 8 - Block B, Bahria Town Phase 8",https://www.zameen.com/Property/bahria_town_phase_8_bahria_town_phase_8_-_block_b_10_marla_builders_location_plot_for_sale_in_bahria_town_arawalpindi-54800647-3050-2.html,40,Rawalpindi,Bahria Town Phase 8 - Block B,10.9,33.4848621,73.096708
21.5 marla plot at best location of bahria town rawlpindi phase 2,6.4,"Bahria Town Phase 2, Bahria Town Rawalpindi",https://www.zameen.com/Property/bahria_town_rawalpindi_bahria_town_phase_2_21_5_marla_plot_at_best_location_of_bahria_town_rawlpindi_phase_2-54800573-3035-2.html,40,Rawalpindi,Bahria Town Phase 2,20.0,33.5701202,73.1163357
"Ideal 10 Marla Plot File Available In Blue World City, Rawalpindi",0.15,"Blue World City, Chakri Road",https://www.zameen.com/Property/chakri_road_blue_world_city_ideal_10_marla_plot_file_available_in_blue_world_city_rawalpindi-54127430-11768-2.html,40,Rawalpindi,Blue World City,10.0,33.3674961,72.8668694
Plot In Satellite Town Rwp,3.2,"Satellite Town, Rawalpindi",https://www.zameen.com/Property/rawalpindi_satellite_town_plot_in_satellite_town_rwp-54800508-433-2.html,40,Rawalpindi,Satellite Town,3.0,33.63757,73.0733589
UpCountry Block F 20 Marla Possession Plot For Sale,0.93,"UpCountry Enclosures Society - Block F, UpCountry Enclosures Housing Society",https://www.zameen.com/Property/upcountry_enclosures_housing_society_upcountry_enclosures_society_-_block_f_upcountry_block_f_20_marla_possession_plot_for_sale-54705984-16295-2.html,41,Rawalpindi,UpCountry Enclosures Society - Block F,20.0,33.5412,72.8845
UpCountry Block H 10 marla corner plot for sale,0.74,"UpCountry Enclosures Society - Block H, UpCountry Enclosures Housing Society",https://www.zameen.com/Property/upcountry_enclosures_housing_society_upcountry_enclosures_society_-_block_h_upcountry_block_h_10_marla_corner_plot_for_sale-54705991-16297-2.html,41,Rawalpindi,UpCountry Enclosures Society - Block H,10.0,33.5412,72.8845
Aesthetic Residential Plot Of 1350 Square Feet For Sale Is Available,0.26,"Silver City, Girja Road",https://www.zameen.com/Property/girja_road_silver_city_aesthetic_residential_plot_of_1350_square_feet_for_sale_is_available-54501050-11949-2.html,41,Rawalpindi,Silver City,6.0,33.5469406,72.9455761
Plot For Sale In Bahria Town Umar Block Prime Location,0.92,"Bahria Town Phase 8 - Umer Block, Bahria Town Phase 8 - Safari Valley",https://www.zameen.com/Property/bahria_town_phase_8_safari_valley_bahria_town_phase_8_-_umer_block_plot_for_sale_in_bahria_town_umar_block_prime_location-54760392-3067-2.html,41,Rawalpindi,Bahria Town Phase 8 - Umer Block,7.0,33.4862,73.0874
Prime 10 Marla Boulevard Plot | Ready to Build | Solid Land & Fully Paid,1.15,"Bahria Town Phase 8 - Block I, Bahria Town Phase 8",https://www.zameen.com/Property/bahria_town_phase_8_bahria_town_phase_8_-_block_i_prime_10_marla_boulevard_plot_ready_to_build_solid_land_fully_paid-54703503-3057-2.html,41,Rawalpindi,Bahria Town Phase 8 - Block I,10.0,33.4862,73.0874
Premium Corner & Main Boulevard 10 Marla Plot | L-Block Location,1.15,"Bahria Town Phase 8 - Block L, Bahria Town Phase 8",https://www.zameen.com/Property/bahria_town_phase_8_bahria_town_phase_8_-_block_l_premium_corner_main_boulevard_10_marla_plot_l-block_location-54729480-3061-2.html,41,Rawalpindi,Bahria Town Phase 8 - Block L,10.0,33.4862,73.0874
10 Marla Residential Plot for Sale in Saffron City | Cash Price PKR 72 Lac | Installment Option Also Available,0.72,"Saffron City, GT Road",https://www.zameen.com/Property/gt_road_saffron_city_10_marla_residential_plot_for_sale_in_saffron_city_cash_price_pkr_72_lac_installment_option_also_available-54542030-21050-2.html,41,Rawalpindi,Saffron City,11.0,33.6520202,73.076983
10 MARLA CORNER PLOT In PH 3 @ INVESTOR PRICE FOR SALE,1.95,"Bahria Town Phase 3, Bahria Town Rawalpindi",https://www.zameen.com/Property/bahria_town_rawalpindi_bahria_town_phase_3_10_marla_corner_plot_in_ph_3_investor_price_for_sale-54261363-3036-2.html,41,Rawalpindi,Bahria Town Phase 3,10.0,33.5701202,73.1163357
8 Marla Corner Plot Available For Sale,0.79,"Bahria Town Phase 8 - Block L, Bahria Town Phase 8",https://www.zameen.com/Property/bahria_town_phase_8_bahria_town_phase_8_-_block_l_8_marla_corner_plot_available_for_sale-54445270-3061-2.html,41,Rawalpindi,Bahria Town Phase 8 - Block L,8.0,33.4862,73.0874
Residential Plot For Sale In Bahria Town Phase 7,1.35,"Bahria Town Phase 7, Bahria Town Rawalpindi",https://www.zameen.com/Property/bahria_town_rawalpindi_bahria_town_phase_7_residential_plot_for_sale_in_bahria_town_phase_7-54319493-3047-2.html,41,Rawalpindi,Bahria Town Phase 7,10.0,33.5701202,73.1163357
Bahria Town Phase 8 - Abu Bakar Block Residential Plot Sized 7 Marla Is Available,0.95,"Bahria Town Phase 8 - Abu Bakar Block, Bahria Town Phase 8 - Safari Valley",https://www.zameen.com/Property/bahria_town_phase_8_safari_valley_bahria_town_phase_8_-_abu_bakar_block_bahria_town_phase_8_-_abu_bakar_block_residential_plot_sized_7_marla_is_available-54319494-3069-2.html,41,Rawalpindi,Bahria Town Phase 8 - Abu Bakar Block,7.0,33.4862,73.0874
Beautiful Location Ideal Plot Near Masjid Park And School,1.5,"Bahria Town Phase 8 - Block P, Bahria Town Phase 8",https://www.zameen.com/Property/bahria_town_phase_8_bahria_town_phase_8_-_block_p_beautiful_location_ideal_plot_near_masjid_park_and_school-53221215-3065-2.html,41,Rawalpindi,Bahria Town Phase 8 - Block P,20.0,33.4862,73.0874
HOT INVESTMENT OPPORTUNITY | BAHRIA TOWN PHASE 7,1.2,"Bahria Town Phase 7, Bahria Town Rawalpindi",https://www.zameen.com/Property/bahria_town_rawalpindi_bahria_town_phase_7_hot_investment_opportunity_bahria_town_phase_7-54674996-3047-2.html,42,Rawalpindi,Bahria Town Phase 7,16.0,33.5701202,73.1163357
5 Marla Solid Land Plot At Very Reasonable Price In M Block,0.72,"Bahria Town Phase 8, Bahria Town Rawalpindi",https://www.zameen.com/Property/bahria_town_rawalpindi_bahria_town_phase_8_5_marla_solid_land_plot_at_very_reasonable_price_in_m_block-53706090-3048-2.html,42,Rawalpindi,Bahria Town Phase 8,5.0,33.5012685,73.0872635
5 Marla Hot location Plot For Sale In Overseas Sector,0.85,"Bahria Town Phase 7, Bahria Town Rawalpindi",https://www.zameen.com/Property/bahria_town_rawalpindi_bahria_town_phase_7_5_marla_hot_location_plot_for_sale_in_overseas_sector-54501384-3047-2.html,42,Rawalpindi,Bahria Town Phase 7,5.0,33.5701202,73.1163357
A 10 Marla Residential Plot Is Up For Grabs In Bahria Town Rawalpindi,1.4,"Bahria Town Phase 8 - Block D, Bahria Town Phase 8",https://www.zameen.com/Property/bahria_town_phase_8_bahria_town_phase_8_-_block_d_a_10_marla_residential_plot_is_up_for_grabs_in_bahria_town_rawalpindi-54758072-3052-2.html,42,Rawalpindi,Bahria Town Phase 8 - Block D,10.0,33.4862,73.0874
Taj Residencia 5 Marla Plot Available In Lilly Sector,0.92,"Taj Residencia, Rawalpindi",https://www.zameen.com/Property/rawalpindi_taj_residencia_taj_residencia_5_marla_plot_available_in_lilly_sector-54291278-11491-2.html,42,Rawalpindi,Taj Residencia,5.0,33.589782,72.9679336
14 Marla Plot Available In Taj Residencia,1.0,"Taj Residencia, Rawalpindi",https://www.zameen.com/Property/rawalpindi_taj_residencia_14_marla_plot_available_in_taj_residencia-54282496-11491-2.html,42,Rawalpindi,Taj Residencia,14.0,33.589782,72.9679336
Taj Residencia 5 Marla Plot Available For Sale,0.9,"Taj Residencia, Rawalpindi",https://www.zameen.com/Property/rawalpindi_taj_residencia_taj_residencia_5_marla_plot_available_for_sale-54282460-11491-2.html,42,Rawalpindi,Taj Residencia,5.0,33.589782,72.9679336
5 Marla Ideal Location Plot For Sale In Taj Residencia,0.95,"Taj Residencia, Rawalpindi",https://www.zameen.com/Property/rawalpindi_taj_residencia_5_marla_ideal_location_plot_for_sale_in_taj_residencia-54282422-11491-2.html,42,Rawalpindi,Taj Residencia,5.0,33.589782,72.9679336
Capital Smart City 1 Kanal Plot For Sale,1.09,"Capital Smart City, Rawalpindi",https://www.zameen.com/Property/rawalpindi_capital_smart_city_capital_smart_city_1_kanal_plot_for_sale-52896785-11891-2.html,42,Rawalpindi,Capital Smart City,20.0,33.4407844,72.8587589
Capital Smart City 1 Kanal Possession Plot,1.08,"Capital Smart City, Rawalpindi",https://www.zameen.com/Property/rawalpindi_capital_smart_city_capital_smart_city_1_kanal_possession_plot-52682970-11891-2.html,42,Rawalpindi,Capital Smart City,20.0,33.4407844,72.8587589
Capital Smart City 7 Marla Possession Plot,0.44,"Capital Smart City, Rawalpindi",https://www.zameen.com/Property/rawalpindi_capital_smart_city_capital_smart_city_7_marla_possession_plot-52673208-11891-2.html,42,Rawalpindi,Capital Smart City,7.0,33.4407844,72.8587589
Capital Smart City 10 Marla Possession Plot,0.68,"Capital Smart City, Rawalpindi",https://www.zameen.com/Property/rawalpindi_capital_smart_city_capital_smart_city_10_marla_possession_plot-52275773-11891-2.html,42,Rawalpindi,Capital Smart City,10.0,33.4407844,72.8587589
Capital Smart City 3.5 Marla Plot For Sale,0.22,"Capital Smart City, Rawalpindi",https://www.zameen.com/Property/rawalpindi_capital_smart_city_capital_smart_city_3_5_marla_plot_for_sale-52148823-11891-2.html,42,Rawalpindi,Capital Smart City,3.5,33.4407844,72.8587589
Capital Smart City 5 Marla 180 Ft Road Plot For Sale,0.38,"Capital Smart City, Rawalpindi",https://www.zameen.com/Property/rawalpindi_capital_smart_city_capital_smart_city_5_marla_180_ft_road_plot_for_sale-52091038-11891-2.html,42,Rawalpindi,Capital Smart City,5.0,33.4407844,72.8587589
Capital Smart City 5 Marla Overseas East,0.3,"Capital Smart City, Rawalpindi",https://www.zameen.com/Property/rawalpindi_capital_smart_city_capital_smart_city_5_marla_overseas_east-51981659-11891-2.html,42,Rawalpindi,Capital Smart City,5.0,33.4407844,72.8587589
Capital Smart City On Instalments Possession Plot 10 Marla,0.75,"Capital Smart City, Rawalpindi",https://www.zameen.com/Property/rawalpindi_capital_smart_city_capital_smart_city_on_instalments_possession_plot_10_marla-51973213-11891-2.html,42,Rawalpindi,Capital Smart City,10.0,33.4407844,72.8587589
10 Marla Plot Available For Sale In Bahria Town Ph8 Sctor B,1.3,"Bahria Town Phase 8 - Block B, Bahria Town Phase 8",https://www.zameen.com/Property/bahria_town_phase_8_bahria_town_phase_8_-_block_b_10_marla_plot_available_for_sale_in_bahria_town_ph8_sctor_b-54288144-3050-2.html,42,Rawalpindi,Bahria Town Phase 8 - Block B,10.0,33.4848621,73.096708
10 Marla Plot Available For Sale In Bahria Town Ph8 Sctor I,0.98,"Bahria Town Phase 8 - Block I, Bahria Town Phase 8",https://www.zameen.com/Property/bahria_town_phase_8_bahria_town_phase_8_-_block_i_10_marla_plot_available_for_sale_in_bahria_town_ph8_sctor_i-54288175-3057-2.html,42,Rawalpindi,Bahria Town Phase 8 - Block I,10.0,33.4862,73.0874
21 Marla Plot Available For Sale In Bahria Town Ph8 Sctor F4,1.2,"Bahria Town Phase 8 - Sector F-4, Bahria Town Phase 8",https://www.zameen.com/Property/bahria_town_phase_8_bahria_town_phase_8_-_sector_f-4_21_marla_plot_available_for_sale_in_bahria_town_ph8_sctor_f4-54327197-8252-2.html,42,Rawalpindi,Bahria Town Phase 8 - Sector F-4,20.0,33.4855018,73.0971219
On Excellent Location A Centrally Located Residential Plot Is Available For sale In Rawalpindi,0.5,"Bahria Town Phase 8 - Block K, Bahria Town Phase 8",https://www.zameen.com/Property/bahria_town_phase_8_bahria_town_phase_8_-_block_k_on_excellent_location_a_centrally_located_residential_plot_is_available_for_sale_in_rawalpindi-54017380-3060-2.html,42,Rawalpindi,Bahria Town Phase 8 - Block K,7.0,33.4862,73.0874
8 Marla Leveled Plot L Block,0.8,"Bahria Town Phase 8 - Block L, Bahria Town Phase 8",https://www.zameen.com/Property/bahria_town_phase_8_bahria_town_phase_8_-_block_l_8_marla_leveled_plot_l_block-54108114-3061-2.html,43,Rawalpindi,Bahria Town Phase 8 - Block L,8.0,33.4862,73.0874
B Block Phase 8 Prime Location 10 Marla Plot,1.68,"Bahria Town Phase 8 - Block B, Bahria Town Phase 8",https://www.zameen.com/Property/bahria_town_phase_8_bahria_town_phase_8_-_block_b_b_block_phase_8_prime_location_10_marla_plot-54726254-3050-2.html,43,Rawalpindi,Bahria Town Phase 8 - Block B,10.0,33.4848621,73.096708
Upcountry Enclosure 5marla Corner Hblock Plot,0.4,"UpCountry Enclosures Housing Society, Rawalpindi",https://www.zameen.com/Property/rawalpindi_upcountry_enclosures_housing_society_upcountry_enclosure_5marla_corner_hblock_plot-54756641-11752-2.html,43,Rawalpindi,UpCountry Enclosures Housing Society,5.0,33.5412,72.8845
READY TO CONSTRUCTION PLOT FOR SALE,1.65,"Bahria Town Phase 8 - Block P, Bahria Town Phase 8",https://www.zameen.com/Property/bahria_town_phase_8_bahria_town_phase_8_-_block_p_ready_to_construction_plot_for_sale-53576276-3065-2.html,43,Rawalpindi,Bahria Town Phase 8 - Block P,20.0,33.4862,73.0874
Raj Residecia 5 Marla Plot On Installment,0.56,"Taj Residencia - Daffodils Block, Taj Residencia",https://www.zameen.com/Property/taj_residencia_taj_residencia_-_daffodils_block_raj_residecia_5_marla_plot_on_installment-54102150-18990-2.html,43,Rawalpindi,Taj Residencia - Daffodils Block,5.0,33.5855,72.9348
5marla Corner Plot,0.22,"Adiala Road, Rawalpindi",https://www.zameen.com/Property/rawalpindi_adiala_road_5marla_corner_plot-54755188-478-2.html,43,Rawalpindi,Adiala Road,5.0,33.5778124,73.0650131
5 Marla Plot For Sale Main 60 Ft Road Al Haram City,0.25,"Al-Haram City, Chakri Road",https://www.zameen.com/Property/chakri_road_al-haram_city_5_marla_plot_for_sale_main_60_ft_road_al_haram_city-54498005-17290-2.html,43,Rawalpindi,Al-Haram City,5.0,33.5025799,72.9570594
7 Marla Plot For Sale Chakri Road Al Haram City,0.17,"Al-Haram City, Chakri Road",https://www.zameen.com/Property/chakri_road_al-haram_city_7_marla_plot_for_sale_chakri_road_al_haram_city-54498009-17290-2.html,43,Rawalpindi,Al-Haram City,7.0,33.5025799,72.9570594
7 marla corner plot for sale,0.24,"Khan Village, Chakri Road",https://www.zameen.com/Property/chakri_road_khan_village_7_marla_corner_plot_for_sale-54535486-22325-2.html,43,Rawalpindi,Khan Village,7.0,33.4891881,72.9569085
10 Marla Plot For Sale Chakri Road Kohala,0.37,"Kohala, Rawalpindi",https://www.zameen.com/Property/rawalpindi_kohala_10_marla_plot_for_sale_chakri_road_kohala-53591328-12086-2.html,43,Rawalpindi,Kohala,10.0,33.5291308,72.9725297
5.5 Marla Boulevard Plot Rose Garden Zone 1 Sale,0.46,"Rose Garden, Bahria Town Phase 8",https://www.zameen.com/Property/bahria_town_phase_8_rose_garden_5_5_marla_boulevard_plot_rose_garden_zone_1_sale-40597384-12363-2.html,43,Rawalpindi,Rose Garden,5.5,33.5874801,73.0857514
10 Marla Plot Corner Park Facing For Sale Rose Garden,0.57,"Rose Garden, Bahria Town Phase 8",https://www.zameen.com/Property/bahria_town_phase_8_rose_garden_10_marla_plot_corner_park_facing_for_sale_rose_garden-39148186-12363-2.html,43,Rawalpindi,Rose Garden,10.0,33.5874801,73.0857514
Golden Opportunity 5 Marla Plot In Bahria Orchard,0.12,"Bahria Town Phase 8 - Bahria Orchard, Bahria Town Phase 8",https://www.zameen.com/Property/bahria_town_phase_8_bahria_town_phase_8_-_bahria_orchard_golden_opportunity_5_marla_plot_in_bahria_orchard-53642060-9584-2.html,43,Rawalpindi,Bahria Town Phase 8 - Bahria Orchard,5.0,33.4862,73.0874
10 Marla Solid Land Plot Sector L,0.75,"Bahria Town Phase 8 - Block L, Bahria Town Phase 8",https://www.zameen.com/Property/bahria_town_phase_8_bahria_town_phase_8_-_block_l_10_marla_solid_land_plot_sector_l-54638069-3061-2.html,43,Rawalpindi,Bahria Town Phase 8 - Block L,10.0,33.4862,73.0874
On Excellent Location 10 Marla Residential Plot Up For sale In Bahria Town Phase 8 - Sector F-3,0.8,"Bahria Town Phase 8 - Sector F-3, Bahria Town Phase 8",https://www.zameen.com/Property/bahria_town_phase_8_bahria_town_phase_8_-_sector_f-3_on_excellent_location_10_marla_residential_plot_up_for_sale_in_bahria_town_phase_8_-_sector_f-3-54017384-8251-2.html,43,Rawalpindi,Bahria Town Phase 8 - Sector F-3,10.0,33.4855018,73.0971219
Buy A Centrally Located On Excellent Location 10 Marla Residential Plot In Bahria Town Phase 8 - Sector F-2,1.1,"Bahria Town Phase 8 - Sector F-2, Bahria Town Phase 8",https://www.zameen.com/Property/bahria_town_phase_8_bahria_town_phase_8_-_sector_f-2_buy_a_centrally_located_on_excellent_location_10_marla_residential_plot_in_bahria_town_phase_8_-_sector_f-2-54017385-8250-2.html,43,Rawalpindi,Bahria Town Phase 8 - Sector F-2,10.0,33.4855018,73.0971219
Ideally Located On Excellent Location Residential Plot Of 10 Marla Is Available For sale In Rawalpindi,0.7,"Bahria Town Phase 8 - Block N, Bahria Town Phase 8",https://www.zameen.com/Property/bahria_town_phase_8_bahria_town_phase_8_-_block_n_ideally_located_on_excellent_location_residential_plot_of_10_marla_is_available_for_sale_in_rawalpindi-54017381-3063-2.html,43,Rawalpindi,Bahria Town Phase 8 - Block N,10.0,33.4862,73.0874
On Excellent Location 10 Marla Residential Plot For Grabs In Bahria Town Rawalpindi,1.0,"Bahria Town Phase 8 - Block I, Bahria Town Phase 8",https://www.zameen.com/Property/bahria_town_phase_8_bahria_town_phase_8_-_block_i_on_excellent_location_10_marla_residential_plot_for_grabs_in_bahria_town_rawalpindi-54017382-3057-2.html,43,Rawalpindi,Bahria Town Phase 8 - Block I,10.0,33.4862,73.0874
You Can Find A Gorgeous On Excellent Location Residential Plot For sale In Bahria Town Phase 8 - Sector F-4,1.1,"Bahria Town Phase 8 - Sector F-4, Bahria Town Phase 8",https://www.zameen.com/Property/bahria_town_phase_8_bahria_town_phase_8_-_sector_f-4_you_can_find_a_gorgeous_on_excellent_location_residential_plot_for_sale_in_bahria_town_phase_8_-_sector_f-4-54017383-8252-2.html,43,Rawalpindi,Bahria Town Phase 8 - Sector F-4,20.0,33.4855018,73.0971219
On Excellent Location Residential Plot For sale In Beautiful Bahria Town Phase 8 - Block H,1.1,"Bahria Town Phase 8 - Block H, Bahria Town Phase 8",https://www.zameen.com/Property/bahria_town_phase_8_bahria_town_phase_8_-_block_h_on_excellent_location_residential_plot_for_sale_in_beautiful_bahria_town_phase_8_-_block_h-54017394-3056-2.html,43,Rawalpindi,Bahria Town Phase 8 - Block H,10.0,33.4862,73.0874
A On Excellent Location Residential Plot At Affordable Price Awaits You,0.78,"Bahria Town Phase 8 - Block L, Bahria Town Phase 8",https://www.zameen.com/Property/bahria_town_phase_8_bahria_town_phase_8_-_block_l_a_on_excellent_location_residential_plot_at_affordable_price_awaits_you-54017395-3061-2.html,43,Rawalpindi,Bahria Town Phase 8 - Block L,10.0,33.4862,73.0874
Best Options For On Excellent Location Residential Plot Is Available For sale In Bahria Town Phase 8 - Sector F-1,1.2,"Bahria Town Phase 8 - Sector F-1, Bahria Town Phase 8",https://www.zameen.com/Property/bahria_town_phase_8_bahria_town_phase_8_-_sector_f-1_best_options_for_on_excellent_location_residential_plot_is_available_for_sale_in_bahria_town_phase_8_-_sector_f-1-54017398-3095-2.html,43,Rawalpindi,Bahria Town Phase 8 - Sector F-1,10.0,33.4855018,73.0971219
Media Town Sector A Plot#402 12marla Solid Land,3.1,"Media Town - Block A, Media Town",https://www.zameen.com/Property/media_town_media_town_-_block_a_media_town_sector_a_plot_402_12marla_solid_land-54753861-16390-2.html,44,Rawalpindi,Media Town - Block A,12.0,33.5639764,73.1222157
Phase 7 Plot # 626e Main Boulevard Bahria Town Rawalpindi Size 10 Marla,1.9,"Bahria Town Phase 7, Bahria Town Rawalpindi",https://www.zameen.com/Property/bahria_town_rawalpindi_bahria_town_phase_7_phase_7_plot_626e_main_boulevard_bahria_town_rawalpindi_size_10_marla-54753823-3047-2.html,44,Rawalpindi,Bahria Town Phase 7,10.0,33.5701202,73.1163357
7 Marla Prime Location Plot For Sale,0.85,"Punjab Government Servant Housing Foundation (PGSHF), Rawalpindi",https://www.zameen.com/Property/rawalpindi_punjab_government_servant_housing_foundation_pgshf_7_marla_prime_location_plot_for_sale-54752848-10424-2.html,44,Rawalpindi,Punjab Government Servant Housing Foundation (PGSHF),7.0,33.4542,72.9515
10 Marla Main Boulevard Prime Location Plot For Sale,0.95,"Punjab Government Servant Housing Foundation (PGSHF), Rawalpindi",https://www.zameen.com/Property/rawalpindi_punjab_government_servant_housing_foundation_pgshf_10_marla_main_boulevard_prime_location_plot_for_sale-54752833-10424-2.html,44,Rawalpindi,Punjab Government Servant Housing Foundation (PGSHF),10.0,33.4542,72.9515
SOLID LAND ONE KANAL PLOT FOR SALE,2.15,"Bahria Town Phase 8 - Block A, Bahria Town Phase 8",https://www.zameen.com/Property/bahria_town_phase_8_bahria_town_phase_8_-_block_a_solid_land_one_kanal_plot_for_sale-53580137-3049-2.html,44,Rawalpindi,Bahria Town Phase 8 - Block A,20.0,33.4862,73.0874
20 MARLA BEST LOCATION PLOT LEVEL LAND FOR SALE,2.25,"Bahria Town Phase 8 - Block A, Bahria Town Phase 8",https://www.zameen.com/Property/bahria_town_phase_8_bahria_town_phase_8_-_block_a_20_marla_best_location_plot_level_land_for_sale-53740888-3049-2.html,44,Rawalpindi,Bahria Town Phase 8 - Block A,20.0,33.4862,73.0874
10 MARLA PLOT WITH MAP PAID FOR SALE,0.9,"Bahria Town Phase 8 - Block A, Bahria Town Phase 8",https://www.zameen.com/Property/bahria_town_phase_8_bahria_town_phase_8_-_block_a_10_marla_plot_with_map_paid_for_sale-53590582-3049-2.html,44,Rawalpindi,Bahria Town Phase 8 - Block A,10.0,33.4862,73.0874
Residential Plot Of 5 Marla Is Available For Sale In Taj Residencia - Gardenia Block,0.82,"Taj Residencia - Gardenia Block, Taj Residencia",https://www.zameen.com/Property/taj_residencia_taj_residencia_-_gardenia_block_residential_plot_of_5_marla_is_available_for_sale_in_taj_residencia_-_gardenia_block-54659673-18992-2.html,44,Rawalpindi,Taj Residencia - Gardenia Block,5.0,33.5855,72.9348
"6 Marla Plot Located In Sector VIP Extension, Of Airport Housing Society Rawalpindi.  The Demand Of Plot Is Very Reasonable Contact For Details",0.55,"Airport Housing Society - Sector 4, Airport Housing Society",https://www.zameen.com/Property/airport_housing_society_airport_housing_society_-_sector_4_6_marla_plot_located_in_sector_vip_extension_of_airport_housing_society_rawalpindi_the_demand_of_plot_is_very_reasonable_contact_for_details-54749247-9155-2.html,44,Rawalpindi,Airport Housing Society - Sector 4,6.0,33.5941022,73.1307386
"5 Marla Residential Plot For Sale In Street 11, H-Block, Sector-4, Airport Housing Society Rawalpindi",0.76,"Airport Housing Society - Sector 4, Airport Housing Society",https://www.zameen.com/Property/airport_housing_society_airport_housing_society_-_sector_4_5_marla_residential_plot_for_sale_in_street_11_h-block_sector-4_airport_housing_society_rawalpindi-54749209-9155-2.html,44,Rawalpindi,Airport Housing Society - Sector 4,5.0,33.5941022,73.1307386
Buy A Centrally Located 7 Marla Residential Plot In Bahria Town Phase 8 - Usman Block,0.9,"Bahria Town Phase 8 - Usman Block, Bahria Town Phase 8 - Safari Valley",https://www.zameen.com/Property/bahria_town_phase_8_safari_valley_bahria_town_phase_8_-_usman_block_buy_a_centrally_located_7_marla_residential_plot_in_bahria_town_phase_8_-_usman_block-54500398-3068-2.html,44,Rawalpindi,Bahria Town Phase 8 - Usman Block,7.0,33.4848621,73.096708
A Residential Plot At Affordable Price Awaits You,2.3,"Bahria Town Phase 3, Bahria Town Rawalpindi",https://www.zameen.com/Property/bahria_town_rawalpindi_bahria_town_phase_3_a_residential_plot_at_affordable_price_awaits_you-54585637-3036-2.html,44,Rawalpindi,Bahria Town Phase 3,10.0,33.5701202,73.1163357
15 Marla Plot Available For Sale,3.35,"Bahria Town Phase 3, Bahria Town Rawalpindi",https://www.zameen.com/Property/bahria_town_rawalpindi_bahria_town_phase_3_15_marla_plot_available_for_sale-54472616-3036-2.html,44,Rawalpindi,Bahria Town Phase 3,15.0,33.5701202,73.1163357
10 Marla Plot In Overseas East Capital Smart City,0.34,"Capital Smart City, Rawalpindi",https://www.zameen.com/Property/rawalpindi_capital_smart_city_10_marla_plot_in_overseas_east_capital_smart_city-49556071-11891-2.html,44,Rawalpindi,Capital Smart City,10.0,33.4407844,72.8587589
Bahria Town Phase 8 - Sector F-1 Residential Plot Sized 10 Marla For Sale,1.18,"Bahria Town Phase 8 - Sector F-1, Bahria Town Phase 8",https://www.zameen.com/Property/bahria_town_phase_8_bahria_town_phase_8_-_sector_f-1_bahria_town_phase_8_-_sector_f-1_residential_plot_sized_10_marla_for_sale-53552212-3095-2.html,44,Rawalpindi,Bahria Town Phase 8 - Sector F-1,10.0,33.4855018,73.0971219
"1 Kanal Corner Plot + 4 Marla Extra Paid Land Main Boulevard, Bahria Town| Near PSO Pump",5.6,"Bahria Town Phase 4, Bahria Town Rawalpindi",https://www.zameen.com/Property/bahria_town_rawalpindi_bahria_town_phase_4_1_kanal_corner_plot_4_marla_extra_paid_land_main_boulevard_bahria_town_near_pso_pump-54692615-3041-2.html,44,Rawalpindi,Bahria Town Phase 4,24.0,33.5701202,73.1163357
A Stunning On Excellent Location Residential Plot Is Up For Grabs In Bahria Town Phase 8 - Ali Block Rawalpindi,0.75,"Bahria Town Phase 8 - Ali Block, Bahria Town Phase 8 - Safari Valley",https://www.zameen.com/Property/bahria_town_phase_8_safari_valley_bahria_town_phase_8_-_ali_block_a_stunning_on_excellent_location_residential_plot_is_up_for_grabs_in_bahria_town_phase_8_-_ali_block_rawalpindi-54017400-3070-2.html,44,Rawalpindi,Bahria Town Phase 8 - Ali Block,5.0,33.4862,73.0874
Spacious On Excellent Location Residential Plot Is Available For sale In Ideal Location Of Bahria Town Phase 8 - Abu Bakar Block,0.85,"Bahria Town Phase 8 - Abu Bakar Block, Bahria Town Phase 8 - Safari Valley",https://www.zameen.com/Property/bahria_town_phase_8_safari_valley_bahria_town_phase_8_-_abu_bakar_block_spacious_on_excellent_location_residential_plot_is_available_for_sale_in_ideal_location_of_bahria_town_phase_8_-_abu_bakar_block-54017403-3069-2.html,44,Rawalpindi,Bahria Town Phase 8 - Abu Bakar Block,7.0,33.4862,73.0874
Find Your Ideal On Excellent Location Residential Plot In Rawalpindi Under Rs. 18500000,2.0,"Bahria Greens - Overseas Enclave - Sector 2, Bahria Greens - Overseas Enclave",https://www.zameen.com/Property/bahria_greens_overseas_enclave_bahria_greens_-_overseas_enclave_-_sector_2_find_your_ideal_on_excellent_location_residential_plot_in_rawalpindi_under_rs_18500000-54017402-8301-2.html,44,Rawalpindi,Bahria Greens - Overseas Enclave - Sector 2,10.0,33.4735,73.091
"Position plots, Semi developed plots and installments plots available in Blue World City",0.31,"Blue World City, Chakri Road",https://www.zameen.com/Property/chakri_road_blue_world_city_position_plots_semi_developed_plots_and_installments_plots_available_in_blue_world_city-54800059-11768-2.html,44,Rawalpindi,Blue World City,5.0,33.3674961,72.8668694
Spacious Corner Residential Plot Is Available In UpCountry Enclosures Housing Society For Sale,0.32,"UpCountry Enclosures Housing Society, Rawalpindi",https://www.zameen.com/Property/rawalpindi_upcountry_enclosures_housing_society_spacious_corner_residential_plot_is_available_in_upcountry_enclosures_housing_society_for_sale-53846328-11752-2.html,44,Rawalpindi,UpCountry Enclosures Housing Society,5.0,33.5412,72.8845
5 MARLA DEVELOPED POSSESSION READY FOR CONSTRUCTION RDA APPROVED,0.17,"Silver City, Girja Road",https://www.zameen.com/Property/girja_road_silver_city_5_marla_developed_possession_ready_for_construction_rda_approved-45760219-11949-2.html,44,Rawalpindi,Silver City,5.0,33.5469406,72.9455761
Residential Plot In Bahria Town Phase 1 Sized 1 Kanal Is Available,2.0,"Bahria Town Phase 1, Bahria Town Rawalpindi",https://www.zameen.com/Property/bahria_town_rawalpindi_bahria_town_phase_1_residential_plot_in_bahria_town_phase_1_sized_1_kanal_is_available-54585638-3033-2.html,45,Rawalpindi,Bahria Town Phase 1,20.0,33.5701202,73.1163357
Good 10 Marla Residential Plot For Sale In Bahria Town Phase 8 - Block H,1.15,"Bahria Town Phase 8 - Block H, Bahria Town Phase 8",https://www.zameen.com/Property/bahria_town_phase_8_bahria_town_phase_8_-_block_h_good_10_marla_residential_plot_for_sale_in_bahria_town_phase_8_-_block_h-54738784-3056-2.html,45,Rawalpindi,Bahria Town Phase 8 - Block H,10.0,33.4862,73.0874
5 Marla Developed Plot - L Block - Possession/Utility Paid - Direct Owner,0.53,"Bahria Town Phase 8, Bahria Town Rawalpindi",https://www.zameen.com/Property/bahria_town_rawalpindi_bahria_town_phase_8_5_marla_developed_plot_-_l_block_-_possession_utility_paid_-_direct_owner-54744246-3048-2.html,45,Rawalpindi,Bahria Town Phase 8,5.0,33.5012685,73.0872635
5 Marla ( 25*50 ) Plot For Sale Faisal Town Phase-2 Islamabad,0.24,"Fazal Town Phase 2, Fazal Town",https://www.zameen.com/Property/fazal_town_fazal_town_phase_2_5_marla_25_50_plot_for_sale_faisal_town_phase-2_islamabad-54739927-6014-2.html,45,Rawalpindi,Fazal Town Phase 2,5.0,33.6056405,73.1095298
5 Marla Residential Plot For Sale,0.35,"Adiala Road, Rawalpindi",https://www.zameen.com/Property/rawalpindi_adiala_road_5_marla_residential_plot_for_sale-54420096-478-2.html,45,Rawalpindi,Adiala Road,5.0,33.5778124,73.0650131
10 Marla Residential Plot In Bahria Town Phase 8 - Block C For Sale,1.0,"Bahria Town Phase 8 - Block C, Bahria Town Phase 8",https://www.zameen.com/Property/bahria_town_phase_8_bahria_town_phase_8_-_block_c_10_marla_residential_plot_in_bahria_town_phase_8_-_block_c_for_sale-54558972-3051-2.html,45,Rawalpindi,Bahria Town Phase 8 - Block C,10.0,33.4862,73.0874
A Stunning Residential Plot Is Up For Grabs In Bahria Town Phase 7 Rawalpindi,0.95,"Bahria Town Phase 7, Bahria Town Rawalpindi",https://www.zameen.com/Property/bahria_town_rawalpindi_bahria_town_phase_7_a_stunning_residential_plot_is_up_for_grabs_in_bahria_town_phase_7_rawalpindi-54558557-3047-2.html,45,Rawalpindi,Bahria Town Phase 7,16.0,33.5701202,73.1163357
Centrally Located Residential Plot For sale In Bahria Town Phase 8 - Sector F-1 Available,0.7,"Bahria Town Phase 8 - Sector F-1, Bahria Town Phase 8",https://www.zameen.com/Property/bahria_town_phase_8_bahria_town_phase_8_-_sector_f-1_centrally_located_residential_plot_for_sale_in_bahria_town_phase_8_-_sector_f-1_available-54531622-3095-2.html,45,Rawalpindi,Bahria Town Phase 8 - Sector F-1,10.0,33.4855018,73.0971219
This Is Your Chance To Buy Residential Plot In Bahria Town Phase 8 - Usman Block,0.8,"Bahria Town Phase 8 - Usman Block, Bahria Town Phase 8 - Safari Valley",https://www.zameen.com/Property/bahria_town_phase_8_safari_valley_bahria_town_phase_8_-_usman_block_this_is_your_chance_to_buy_residential_plot_in_bahria_town_phase_8_-_usman_block-54531619-3068-2.html,45,Rawalpindi,Bahria Town Phase 8 - Usman Block,7.0,33.4848621,73.096708
This Is Your Chance To Buy Residential Plot In Bahria Town Phase 1 Rawalpindi,1.75,"Bahria Town Phase 1, Bahria Town Rawalpindi",https://www.zameen.com/Property/bahria_town_rawalpindi_bahria_town_phase_1_this_is_your_chance_to_buy_residential_plot_in_bahria_town_phase_1_rawalpindi-54585634-3033-2.html,45,Rawalpindi,Bahria Town Phase 1,10.0,33.5701202,73.1163357
Residential Plot In Bahria Town Phase 8 - Sector E-1 For sale,0.9,"Bahria Town Phase 8 - Sector E-1, Bahria Town Phase 8",https://www.zameen.com/Property/bahria_town_phase_8_bahria_town_phase_8_-_sector_e-1_residential_plot_in_bahria_town_phase_8_-_sector_e-1_for_sale-54671525-8360-2.html,45,Rawalpindi,Bahria Town Phase 8 - Sector E-1,10.0,33.4855018,73.0971219
Plot For Sale In Al Haram City Phase 1 Tuba Black Rawalpindi,0.08,"Al-Haram City - Phase 1, Al-Haram City",https://www.zameen.com/Property/al_haram_city_al-haram_city_-_phase_1_plot_for_sale_in_al_haram_city_phase_1_tuba_black_rawalpindi-49964406-11256-2.html,45,Rawalpindi,Al-Haram City - Phase 1,5.0,33.5025799,72.9570594
5 Marla Plot For Sale In Al Haram City Rawalpindi,0.14,"Al-Haram City - Phase 1, Al-Haram City",https://www.zameen.com/Property/al_haram_city_al-haram_city_-_phase_1_5_marla_plot_for_sale_in_al_haram_city_rawalpindi-51690427-11256-2.html,45,Rawalpindi,Al-Haram City - Phase 1,5.0,33.5025799,72.9570594
Plot For Sale In Safron City,0.26,"Saffron City, GT Road",https://www.zameen.com/Property/gt_road_saffron_city_plot_for_sale_in_safron_city-54739107-21050-2.html,45,Rawalpindi,Saffron City,5.6,33.6520202,73.076983
10 Marla For Sale Bank Loan,0.95,"Punjab Government Servant Housing Foundation (PGSHF), Rawalpindi",https://www.zameen.com/Property/rawalpindi_punjab_government_servant_housing_foundation_pgshf_10_marla_for_sale_bank_loan-54709501-10424-2.html,45,Rawalpindi,Punjab Government Servant Housing Foundation (PGSHF),10.0,33.4542,72.9515
5 Marla Plot For Sale Exit Land 8 Marla,0.8,"Punjab Government Servant Housing Foundation (PGSHF), Rawalpindi",https://www.zameen.com/Property/rawalpindi_punjab_government_servant_housing_foundation_pgshf_5_marla_plot_for_sale_exit_land_8_marla-54701893-10424-2.html,45,Rawalpindi,Punjab Government Servant Housing Foundation (PGSHF),5.0,33.4542,72.9515
5 Marla plot,0.65,"Bahria Town Phase 8 - Sector E-3, Bahria Town Phase 8",https://www.zameen.com/Property/bahria_town_phase_8_bahria_town_phase_8_-_sector_e-3_5_marla_plot-54799163-15902-2.html,45,Rawalpindi,Bahria Town Phase 8 - Sector E-3,5.0,33.4855018,73.0971219
10 Marla Residential Plot for Sale Bahria Greens (Direct Owner No Commission),1.9,"Bahria Greens - Overseas Enclave - Sector 3, Bahria Greens - Overseas Enclave",https://www.zameen.com/Property/bahria_greens_overseas_enclave_bahria_greens_-_overseas_enclave_-_sector_3_10_marla_residential_plot_for_sale_bahria_greens_direct_owner_no_commission-54798675-8302-2.html,45,Rawalpindi,Bahria Greens - Overseas Enclave - Sector 3,10.0,33.4735,73.091
"271 Sq. Yds Boulevard Residential Plot For Sale Bahria Town Phase 8, Sector E",2.5,"Bahria Town Phase 8, Bahria Town Rawalpindi",https://www.zameen.com/Property/bahria_town_rawalpindi_bahria_town_phase_8_271_sq_yds_boulevard_residential_plot_for_sale_bahria_town_phase_8_sector_e-54798681-3048-2.html,45,Rawalpindi,Bahria Town Phase 8,10.8,33.5012685,73.0872635
1 Kanal Prime Residential Plot | Bahria Town Phase 8 | Sun-Facing | 2nd from Corner,5.5,"Bahria Town Phase 2, Bahria Town Rawalpindi",https://www.zameen.com/Property/bahria_town_rawalpindi_bahria_town_phase_2_1_kanal_prime_residential_plot_bahria_town_phase_8_sun-facing_2nd_from_corner-54798663-3035-2.html,45,Rawalpindi,Bahria Town Phase 2,20.0,33.5701202,73.1163357
Prime Location Corner Plot Available For Sale In Bahria Town Phase 4,3.25,"Bahria Town Phase 4, Bahria Town Rawalpindi",https://www.zameen.com/Property/bahria_town_rawalpindi_bahria_town_phase_4_prime_location_corner_plot_available_for_sale_in_bahria_town_phase_4-54721645-3041-2.html,45,Rawalpindi,Bahria Town Phase 4,10.0,33.5701202,73.1163357
5 Marla Plot For Sale Overseas 5,0.8,"Bahria Greens - Overseas Enclave - Sector 5, Bahria Greens - Overseas Enclave",https://www.zameen.com/Property/bahria_greens_overseas_enclave_bahria_greens_-_overseas_enclave_-_sector_5_5_marla_plot_for_sale_overseas_5-54739025-8304-2.html,46,Rawalpindi,Bahria Greens - Overseas Enclave - Sector 5,5.0,33.4735,73.091
Bahria Town Phase 8 - Block H Residential Plot Sized 10 Marla For Sale,1.25,"Bahria Town Phase 8 - Block H, Bahria Town Phase 8",https://www.zameen.com/Property/bahria_town_phase_8_bahria_town_phase_8_-_block_h_bahria_town_phase_8_-_block_h_residential_plot_sized_10_marla_for_sale-54738785-3056-2.html,46,Rawalpindi,Bahria Town Phase 8 - Block H,10.0,33.4862,73.0874
7 Marla Boulevard Corner Plot Rose Garden Zone 1,0.65,"Rose Garden, Bahria Town Phase 8",https://www.zameen.com/Property/bahria_town_phase_8_rose_garden_7_marla_boulevard_corner_plot_rose_garden_zone_1-54737573-12363-2.html,46,Rawalpindi,Rose Garden,5.0,33.5874801,73.0857514
5 Marla Plot For Sale Chaklala Scheme 3 Rawalpindi Beautiful Location All Facilities Available,0.25,"Chaklala Scheme 3, Chaklala Scheme",https://www.zameen.com/Property/chaklala_scheme_chaklala_scheme_3_5_marla_plot_for_sale_chaklala_scheme_3_rawalpindi_beautiful_location_all_facilities_available-54663163-1312-2.html,46,Rawalpindi,Chaklala Scheme 3,5.0,33.5695006,73.0667911
Residential Plot Of 2800 Square Feet Service Road Front Open Is Available For Sale In Media Town,3.6,"Media Town, Rawalpindi",https://www.zameen.com/Property/rawalpindi_media_town_residential_plot_of_2800_square_feet_service_road_front_open_is_available_for_sale_in_media_town-53451863-8157-2.html,46,Rawalpindi,Media Town,12.4,33.5639764,73.1222157
10 Marla Plot With 12 Marla Extra Land Paid,1.65,"Bahria Town Phase 8 - Block L, Bahria Town Phase 8",https://www.zameen.com/Property/bahria_town_phase_8_bahria_town_phase_8_-_block_l_10_marla_plot_with_12_marla_extra_land_paid-54138470-3061-2.html,46,Rawalpindi,Bahria Town Phase 8 - Block L,22.0,33.4862,73.0874
5 Marla Residential Plot For Sale On Installments In Saffron City Block B,0.45,"Saffron City, GT Road",https://www.zameen.com/Property/gt_road_saffron_city_5_marla_residential_plot_for_sale_on_installments_in_saffron_city_block_b-54730634-21050-2.html,46,Rawalpindi,Saffron City,5.0,33.6520202,73.076983
Near To Mosque Walking Distance'S,0.81,"Bahria Town Phase 8 - Block L, Bahria Town Phase 8",https://www.zameen.com/Property/bahria_town_phase_8_bahria_town_phase_8_-_block_l_near_to_mosque_walking_distance_s-54570848-3061-2.html,46,Rawalpindi,Bahria Town Phase 8 - Block L,10.0,33.4862,73.0874
Blvd Corner Plot With Park And Mosque And Commerical,2.65,"Bahria Town Phase 8 - Usman D Block, Bahria Town Phase 8 - Safari Valley",https://www.zameen.com/Property/bahria_town_phase_8_safari_valley_bahria_town_phase_8_-_usman_d_block_blvd_corner_plot_with_park_and_mosque_and_commerical-54570925-12179-2.html,46,Rawalpindi,Bahria Town Phase 8 - Usman D Block,22.0,33.4862,73.0874
Parkface Plus Extraland Solid Land Plot,1.1,"Bahria Town Phase 8 - Block A, Bahria Town Phase 8",https://www.zameen.com/Property/bahria_town_phase_8_bahria_town_phase_8_-_block_a_parkface_plus_extraland_solid_land_plot-54735587-3049-2.html,46,Rawalpindi,Bahria Town Phase 8 - Block A,13.0,33.4862,73.0874
St No 01 Solid Land Plot No 355 Near To Future World School,1.35,"Bahria Town Phase 8 - Block H, Bahria Town Phase 8",https://www.zameen.com/Property/bahria_town_phase_8_bahria_town_phase_8_-_block_h_st_no_01_solid_land_plot_no_355_near_to_future_world_school-54720771-3056-2.html,46,Rawalpindi,Bahria Town Phase 8 - Block H,10.0,33.4862,73.0874
Solid Land Cutting Land 13 Marla Plot,1.35,"Bahria Town Phase 8 - Block H, Bahria Town Phase 8",https://www.zameen.com/Property/bahria_town_phase_8_bahria_town_phase_8_-_block_h_solid_land_cutting_land_13_marla_plot-54720784-3056-2.html,46,Rawalpindi,Bahria Town Phase 8 - Block H,13.0,33.4862,73.0874
"10 Marla Plot For Sale With Soil Test & Extra Land, Solid Land Guaranteed",1.2,"Bahria Town Phase 8, Bahria Town Rawalpindi",https://www.zameen.com/Property/bahria_town_rawalpindi_bahria_town_phase_8_10_marla_plot_for_sale_with_soil_test_extra_land_solid_land_guaranteed-54734898-3048-2.html,46,Rawalpindi,Bahria Town Phase 8,10.0,33.5012685,73.0872635
Reserve A Residential Plot Now In Saffron City,0.27,"Saffron City, GT Road",https://www.zameen.com/Property/gt_road_saffron_city_reserve_a_residential_plot_now_in_saffron_city-54519265-21050-2.html,46,Rawalpindi,Saffron City,5.0,33.6520202,73.076983
10 Marla Prime Location Plot Overseas 3,1.65,"Bahria Greens - Overseas Enclave - Sector 3, Bahria Greens - Overseas Enclave",https://www.zameen.com/Property/bahria_greens_overseas_enclave_bahria_greens_-_overseas_enclave_-_sector_3_10_marla_prime_location_plot_overseas_3-54519041-8302-2.html,46,Rawalpindi,Bahria Greens - Overseas Enclave - Sector 3,10.0,33.4735,73.091
"10 Marla Prime Residential Plot for Sale Sector 1, Gulshanabad",1.0,"Gulshan Abad, Rawalpindi",https://www.zameen.com/Property/rawalpindi_gulshan_abad_10_marla_prime_residential_plot_for_sale_sector_1_gulshanabad-54798482-1058-2.html,46,Rawalpindi,Gulshan Abad,10.0,33.6603777,73.0830223
proper corner plot in H block,0.4,"UpCountry Enclosures Housing Society, Rawalpindi",https://www.zameen.com/Property/rawalpindi_upcountry_enclosures_housing_society_proper_corner_plot_in_h_block-54798399-11752-2.html,46,Rawalpindi,UpCountry Enclosures Housing Society,5.0,33.5412,72.8845
"Prime Main Boulevard Backside 1 Kanal Plot For Sale F Block, Up Country Enclave Prime Location |",0.9,"UpCountry Enclosures Housing Society, Rawalpindi",https://www.zameen.com/Property/rawalpindi_upcountry_enclosures_housing_society_prime_main_boulevard_backside_1_kanal_plot_for_sale_f_block_up_country_enclave_prime_location-54595624-11752-2.html,46,Rawalpindi,UpCountry Enclosures Housing Society,20.0,33.5412,72.8845
3 Marla Plot For Sale In Al-Huda Block,0.07,"Al-Haram City, Chakri Road",https://www.zameen.com/Property/chakri_road_al-haram_city_3_marla_plot_for_sale_in_al-huda_block-49088574-17290-2.html,46,Rawalpindi,Al-Haram City,3.0,33.5025799,72.9570594
20 Marla Plot For Sale In Tuba Block,0.38,"Al-Haram City, Chakri Road",https://www.zameen.com/Property/chakri_road_al-haram_city_20_marla_plot_for_sale_in_tuba_block-49088562-17290-2.html,46,Rawalpindi,Al-Haram City,20.0,33.5025799,72.9570594
3 Marla Plot For Sale In Al Haram City main 60 feet road Chakri Road Rawalpindi,0.09,"Al-Haram City - Phase 1, Al-Haram City",https://www.zameen.com/Property/al_haram_city_al-haram_city_-_phase_1_3_marla_plot_for_sale_in_al_haram_city_main_60_feet_road_chakri_road_rawalpindi-51679106-11256-2.html,46,Rawalpindi,Al-Haram City - Phase 1,3.0,33.5025799,72.9570594
5 Marla Plot For Sale In Al Haram City Chakri Road Rawalpindi,0.07,"Al-Haram City, Chakri Road",https://www.zameen.com/Property/chakri_road_al-haram_city_5_marla_plot_for_sale_in_al_haram_city_chakri_road_rawalpindi-51665909-17290-2.html,46,Rawalpindi,Al-Haram City,5.0,33.5025799,72.9570594
Best Location Plot,0.92,"UpCountry Enclosures Society - Block G, UpCountry Enclosures Housing Society",https://www.zameen.com/Property/upcountry_enclosures_housing_society_upcountry_enclosures_society_-_block_g_best_location_plot-54698443-16296-2.html,47,Rawalpindi,UpCountry Enclosures Society - Block G,10.0,33.5412,72.8845
Prime Location 10 Marla Plot Sector E,1.45,"Bahria Town Phase 8 - Block E, Bahria Town Phase 8",https://www.zameen.com/Property/bahria_town_phase_8_bahria_town_phase_8_-_block_e_prime_location_10_marla_plot_sector_e-54230545-3053-2.html,47,Rawalpindi,Bahria Town Phase 8 - Block E,10.0,33.4862,73.0874
12 MARLA PLOT FOR SALE WITH OUTSTANDING LOCATION IN BLOCK-C,1.6,"Bahria Town Phase 8 - Block C, Bahria Town Phase 8",https://www.zameen.com/Property/bahria_town_phase_8_bahria_town_phase_8_-_block_c_12_marla_plot_for_sale_with_outstanding_location_in_block-c-54548453-3051-2.html,47,Rawalpindi,Bahria Town Phase 8 - Block C,12.0,33.4862,73.0874
Builders Location Solid Land 10 Marla Plot G Block,0.75,"Bahria Town Phase 8 - Block G, Bahria Town Phase 8",https://www.zameen.com/Property/bahria_town_phase_8_bahria_town_phase_8_-_block_g_builders_location_solid_land_10_marla_plot_g_block-54450648-3055-2.html,47,Rawalpindi,Bahria Town Phase 8 - Block G,10.0,33.4862,73.0874
6 Marla Plot For Sale Level Plot,1.1,"Airport Housing Society - Sector 4, Airport Housing Society",https://www.zameen.com/Property/airport_housing_society_airport_housing_society_-_sector_4_6_marla_plot_for_sale_level_plot-54721434-9155-2.html,47,Rawalpindi,Airport Housing Society - Sector 4,6.0,33.5941022,73.1307386
Looking For A Main Double Road Residential Plot In Bahria Hamlet,2.6,"Bahria Hamlet, Bahria Town Phase 8",https://www.zameen.com/Property/bahria_town_phase_8_bahria_hamlet_looking_for_a_main_double_road_residential_plot_in_bahria_hamlet-54285119-10354-2.html,47,Rawalpindi,Bahria Hamlet,30.0,33.4891,73.1232
8 Marla Posessionable Plot For Sale,1.22,"Taj Residencia, Rawalpindi",https://www.zameen.com/Property/rawalpindi_taj_residencia_8_marla_posessionable_plot_for_sale-53775806-11491-2.html,47,Rawalpindi,Taj Residencia,8.0,33.589782,72.9679336
10 Marla Plot For Sale Nearby Akbar Chowk Girja Road,0.3,"Girja Road, Rawalpindi",https://www.zameen.com/Property/rawalpindi_girja_road_10_marla_plot_for_sale_nearby_akbar_chowk_girja_road-54407854-9205-2.html,47,Rawalpindi,Girja Road,10.0,33.5596411,72.9684428
1 Kanal Lake View Plot Direct Owner,1.58,"PGSHF - Block A, Punjab Government Servant Housing Foundation (PGSHF)",https://www.zameen.com/Property/punjab_government_servant_housing_foundation_pgshf_pgshf_-_block_a_1_kanal_lake_view_plot_direct_owner-54104532-17186-2.html,47,Rawalpindi,PGSHF - Block A,20.0,33.4542,72.9515
Sector B Plot#306 Size 10marla With 1.5marla Extra Land Bahria Town Rawalpindi,1.25,"Bahria Town Phase 8 - Block B, Bahria Town Phase 8",https://www.zameen.com/Property/bahria_town_phase_8_bahria_town_phase_8_-_block_b_sector_b_plot_306_size_10marla_with_1_5marla_extra_land_bahria_town_rawalpindi-54716546-3050-2.html,47,Rawalpindi,Bahria Town Phase 8 - Block B,10.0,33.4848621,73.096708
5 Marla Corner Plot For Sale In Al Haram City Phase 1,0.1,"Al-Haram City - Phase 1, Al-Haram City",https://www.zameen.com/Property/al_haram_city_al-haram_city_-_phase_1_5_marla_corner_plot_for_sale_in_al_haram_city_phase_1-51949630-11256-2.html,47,Rawalpindi,Al-Haram City - Phase 1,5.0,33.5025799,72.9570594
5 Marla Plot For Sale In Chakri Road Khan Village,0.1,"Khan Village, Chakri Road",https://www.zameen.com/Property/chakri_road_khan_village_5_marla_plot_for_sale_in_chakri_road_khan_village-53217600-22325-2.html,47,Rawalpindi,Khan Village,5.0,33.4891881,72.9569085
2 Kanal Plot For Sale In Al Haram City Rawalpindi,1.4,"Al-Haram City - Phase 1, Al-Haram City",https://www.zameen.com/Property/al_haram_city_al-haram_city_-_phase_1_2_kanal_plot_for_sale_in_al_haram_city_rawalpindi-53550955-11256-2.html,47,Rawalpindi,Al-Haram City - Phase 1,40.0,33.5025799,72.9570594
8 Marla Residential Plot For Grabs In Bahria Town Rawalpindi,0.76,"Bahria Town Phase 8 - Usman Block, Bahria Town Phase 8 - Safari Valley",https://www.zameen.com/Property/bahria_town_phase_8_safari_valley_bahria_town_phase_8_-_usman_block_8_marla_residential_plot_for_grabs_in_bahria_town_rawalpindi-54797823-3068-2.html,47,Rawalpindi,Bahria Town Phase 8 - Usman Block,8.0,33.4848621,73.096708
8 Marla Residential Plot For Grabs In Bahria Town Rawalpindi,0.76,"Bahria Town Phase 8 - Usman Block, Bahria Town Phase 8 - Safari Valley",https://www.zameen.com/Property/bahria_town_phase_8_safari_valley_bahria_town_phase_8_-_usman_block_8_marla_residential_plot_for_grabs_in_bahria_town_rawalpindi-54797773-3068-2.html,47,Rawalpindi,Bahria Town Phase 8 - Usman Block,8.0,33.4848621,73.096708
8 Marla Residential Plot For Grabs In Bahria Town Rawalpindi,0.76,"Bahria Town Phase 8 - Usman Block, Bahria Town Phase 8 - Safari Valley",https://www.zameen.com/Property/bahria_town_phase_8_safari_valley_bahria_town_phase_8_-_usman_block_8_marla_residential_plot_for_grabs_in_bahria_town_rawalpindi-54797760-3068-2.html,47,Rawalpindi,Bahria Town Phase 8 - Usman Block,8.0,33.4848621,73.096708
"Premium 16 Marla Residential Plot-Chaklala Scheme 1, Rawalpindi",5.1,"Chaklala Scheme 1, Chaklala Scheme",https://www.zameen.com/Property/chaklala_scheme_chaklala_scheme_1_premium_16_marla_residential_plot-chaklala_scheme_1_rawalpindi-54489838-5981-2.html,47,Rawalpindi,Chaklala Scheme 1,16.0,33.5957713,73.0773475
M PlotA#680 Street#23 Size 5 Marla Phase 8 Bahria Town Rawalpindi,0.66,"Bahria Town Phase 8 - Block M, Bahria Town Phase 8",https://www.zameen.com/Property/bahria_town_phase_8_bahria_town_phase_8_-_block_m_m_plota_680_street_23_size_5_marla_phase_8_bahria_town_rawalpindi-54714963-3062-2.html,48,Rawalpindi,Bahria Town Phase 8 - Block M,5.0,33.4862,73.0874
5 Marla Corner Plot Available For Sale,0.71,"Bahria Town Phase 8 - Sector E-1, Bahria Town Phase 8",https://www.zameen.com/Property/bahria_town_phase_8_bahria_town_phase_8_-_sector_e-1_5_marla_corner_plot_available_for_sale-54636744-8360-2.html,48,Rawalpindi,Bahria Town Phase 8 - Sector E-1,5.0,33.4855018,73.0971219
Most Prime Location Plot For More Details Contact Us,1.35,"Bahria Town Phase 8 - Block H, Bahria Town Phase 8",https://www.zameen.com/Property/bahria_town_phase_8_bahria_town_phase_8_-_block_h_most_prime_location_plot_for_more_details_contact_us-54712893-3056-2.html,48,Rawalpindi,Bahria Town Phase 8 - Block H,10.0,33.4862,73.0874
100 Percent Solid Most Prime Location Plot For More Details Contact Us,0.74,"Bahria Town Phase 8 - Usman Block, Bahria Town Phase 8 - Safari Valley",https://www.zameen.com/Property/bahria_town_phase_8_safari_valley_bahria_town_phase_8_-_usman_block_100_percent_solid_most_prime_location_plot_for_more_details_contact_us-54709753-3068-2.html,48,Rawalpindi,Bahria Town Phase 8 - Usman Block,7.0,33.4848621,73.096708
Buying A On Excellent Location Residential Plot In Bahria Town Phase 8 - Block B?,2.05,"Bahria Town Phase 8 - Block B, Bahria Town Phase 8",https://www.zameen.com/Property/bahria_town_phase_8_bahria_town_phase_8_-_block_b_buying_a_on_excellent_location_residential_plot_in_bahria_town_phase_8_-_block_b-54407622-3050-2.html,48,Rawalpindi,Bahria Town Phase 8 - Block B,30.0,33.4848621,73.096708
Pgshf Rawalpindi Plot For Sale,0.78,"Punjab Government Servant Housing Foundation (PGSHF), Rawalpindi",https://www.zameen.com/Property/rawalpindi_punjab_government_servant_housing_foundation_pgshf_pgshf_rawalpindi_plot_for_sale-49562358-10424-2.html,48,Rawalpindi,Punjab Government Servant Housing Foundation (PGSHF),8.0,33.4542,72.9515
5 Marla Plot Blue World City Down Town,0.31,"Blue World City, Chakri Road",https://www.zameen.com/Property/chakri_road_blue_world_city_5_marla_plot_blue_world_city_down_town-53662638-11768-2.html,48,Rawalpindi,Blue World City,5.0,33.3674961,72.8668694
Block M ! 8 Marla Plot For Sale ! Premium Listing.,1.25,"Bahria Town Phase 8 - Block M, Bahria Town Phase 8",https://www.zameen.com/Property/bahria_town_phase_8_bahria_town_phase_8_-_block_m_block_m_8_marla_plot_for_sale_premium_listing-54706736-3062-2.html,48,Rawalpindi,Bahria Town Phase 8 - Block M,8.0,33.4862,73.0874
6 Marla corner plot For sale,0.32,"Girja Road, Rawalpindi",https://www.zameen.com/Property/rawalpindi_girja_road_6_marla_corner_plot_for_sale-54141774-9205-2.html,48,Rawalpindi,Girja Road,6.0,33.5596411,72.9684428
H Plot A # 543 Size 11.5 Marla Phase 8 Bahria Town Rawalpindi,1.4,"Bahria Town Phase 8 - Block H, Bahria Town Phase 8",https://www.zameen.com/Property/bahria_town_phase_8_bahria_town_phase_8_-_block_h_h_plot_a_543_size_11_5_marla_phase_8_bahria_town_rawalpindi-54704181-3056-2.html,48,Rawalpindi,Bahria Town Phase 8 - Block H,10.0,33.4862,73.0874
Very Beautiful Location Near Adyala Road,0.75,"Punjab Government Servant Housing Foundation (PGSHF), Rawalpindi",https://www.zameen.com/Property/rawalpindi_punjab_government_servant_housing_foundation_pgshf_very_beautiful_location_near_adyala_road-54683609-10424-2.html,48,Rawalpindi,Punjab Government Servant Housing Foundation (PGSHF),5.0,33.4542,72.9515
10 Marla Plot For Sale In Media Town,2.9,"Media Town, Rawalpindi",https://www.zameen.com/Property/rawalpindi_media_town_10_marla_plot_for_sale_in_media_town-53908279-8157-2.html,48,Rawalpindi,Media Town,10.0,33.5639764,73.1222157
10 Marla Ready For Construction Plot Available For Sale,0.85,"Adiala Road, Rawalpindi",https://www.zameen.com/Property/rawalpindi_adiala_road_10_marla_ready_for_construction_plot_available_for_sale-54700837-478-2.html,48,Rawalpindi,Adiala Road,10.0,33.5778124,73.0650131
Airport Housing Society,0.9,"Airport Housing Society - Sector 4, Airport Housing Society",https://www.zameen.com/Property/airport_housing_society_airport_housing_society_-_sector_4_airport_housing_society-54700518-9155-2.html,48,Rawalpindi,Airport Housing Society - Sector 4,5.0,33.5941022,73.1307386
PRIME LOCATION NEAR PARK 10 MARLA PLOT FOR SALE,1.15,"Bahria Town Phase 8 - Sector F-1, Bahria Town Phase 8",https://www.zameen.com/Property/bahria_town_phase_8_bahria_town_phase_8_-_sector_f-1_prime_location_near_park_10_marla_plot_for_sale-54146926-3095-2.html,48,Rawalpindi,Bahria Town Phase 8 - Sector F-1,10.0,33.4855018,73.0971219
1 Kanal Plot For Sale At Main Bulevard Highted Area,1.5,"Punjab Government Servant Housing Foundation (PGSHF), Rawalpindi",https://www.zameen.com/Property/rawalpindi_punjab_government_servant_housing_foundation_pgshf_1_kanal_plot_for_sale_at_main_bulevard_highted_area-54681444-10424-2.html,48,Rawalpindi,Punjab Government Servant Housing Foundation (PGSHF),20.0,33.4542,72.9515
7 Marla Corner Plot With Extra Land Available For Sale,0.92,"Punjab Government Servant Housing Foundation (PGSHF), Rawalpindi",https://www.zameen.com/Property/rawalpindi_punjab_government_servant_housing_foundation_pgshf_7_marla_corner_plot_with_extra_land_available_for_sale-54721689-10424-2.html,48,Rawalpindi,Punjab Government Servant Housing Foundation (PGSHF),7.0,33.4542,72.9515
5 Marla Corner Plot For Sale,1.1,"Airport Housing Society - Sector 4, Airport Housing Society",https://www.zameen.com/Property/airport_housing_society_airport_housing_society_-_sector_4_5_marla_corner_plot_for_sale-54019414-9155-2.html,48,Rawalpindi,Airport Housing Society - Sector 4,5.0,33.5941022,73.1307386
Media Town 12 Merla Plot For Sale,2.95,"Media Town, Rawalpindi",https://www.zameen.com/Property/rawalpindi_media_town_media_town_12_merla_plot_for_sale-53831252-8157-2.html,48,Rawalpindi,Media Town,12.0,33.5639764,73.1222157
7 Marla Plot For Sale On Very Ideal Location Near Ayoub National Park And Main GT Road Foundation University Lane 04 New Lalazar Rawalpindi Cantt,1.3,"New Lalazar, Rawalpindi",https://www.zameen.com/Property/rawalpindi_new_lalazar_7_marla_plot_for_sale_on_very_ideal_location_near_ayoub_national_park_and_main_gt_road_foundation_university_lane_04_new_lalazar_rawalpindi_cantt-53752545-8336-2.html,48,Rawalpindi,New Lalazar,7.8,33.5588558,73.067793
10 Marla Builders Location Plot Sector I,0.98,"Bahria Town Phase 8 - Block I, Bahria Town Phase 8",https://www.zameen.com/Property/bahria_town_phase_8_bahria_town_phase_8_-_block_i_10_marla_builders_location_plot_sector_i-54401732-3057-2.html,49,Rawalpindi,Bahria Town Phase 8 - Block I,10.0,33.4862,73.0874
5 Marla Prime Location Plot Sector M,0.85,"Bahria Town Phase 8 - Block M, Bahria Town Phase 8",https://www.zameen.com/Property/bahria_town_phase_8_bahria_town_phase_8_-_block_m_5_marla_prime_location_plot_sector_m-54694473-3062-2.html,49,Rawalpindi,Bahria Town Phase 8 - Block M,5.0,33.4862,73.0874
SOLID LAND 10 MARLA PLOT FOR SALE,0.85,"Bahria Town Phase 8 - Block A, Bahria Town Phase 8",https://www.zameen.com/Property/bahria_town_phase_8_bahria_town_phase_8_-_block_a_solid_land_10_marla_plot_for_sale-54692773-3049-2.html,49,Rawalpindi,Bahria Town Phase 8 - Block A,10.0,33.4862,73.0874
10 Marla Plot Available For Sale Sector L,0.8,"Bahria Town Phase 8 - Block L, Bahria Town Phase 8",https://www.zameen.com/Property/bahria_town_phase_8_bahria_town_phase_8_-_block_l_10_marla_plot_available_for_sale_sector_l-54636727-3061-2.html,49,Rawalpindi,Bahria Town Phase 8 - Block L,10.0,33.4862,73.0874
A Scetor Plot#617a Kanal With 3marla Extraland Solid Land Phase 8 Bahria Town Rwp,2.75,"Bahria Town Phase 8 - Block A, Bahria Town Phase 8",https://www.zameen.com/Property/bahria_town_phase_8_bahria_town_phase_8_-_block_a_a_scetor_plot_617a_kanal_with_3marla_extraland_solid_land_phase_8_bahria_town_rwp-54686623-3049-2.html,49,Rawalpindi,Bahria Town Phase 8 - Block A,20.0,33.4862,73.0874
"10 Marla Residential Plot, Bahria Town Phase 8 Sector E",1.4,"Bahria Town Phase 8, Bahria Town Rawalpindi",https://www.zameen.com/Property/bahria_town_rawalpindi_bahria_town_phase_8_10_marla_residential_plot_bahria_town_phase_8_sector_e-54676670-3048-2.html,49,Rawalpindi,Bahria Town Phase 8,10.0,33.5012685,73.0872635
5 Marla Plot Available On Very Ideal Location Near Foundation University And Ayoub National Parknew Lalazar Rawalpindi Cantt,0.9,"New Lalazar, Rawalpindi",https://www.zameen.com/Property/rawalpindi_new_lalazar_5_marla_plot_available_on_very_ideal_location_near_foundation_university_and_ayoub_national_parknew_lalazar_rawalpindi_cantt-53752356-8336-2.html,49,Rawalpindi,New Lalazar,5.6,33.5588558,73.067793
3 Marla Plot For Sale On Very Ideal Location Lalazar Near Foundation University Opposite Ayoub National Park Rose Lane 4 Rawalpindi Cantt.,0.55,"Lalazar, Rawalpindi",https://www.zameen.com/Property/rawalpindi_lalazar_3_marla_plot_for_sale_on_very_ideal_location_lalazar_near_foundation_university_opposite_ayoub_national_park_rose_lane_4_rawalpindi_cantt-54018874-576-2.html,49,Rawalpindi,Lalazar,3.0,33.5683596,73.0550925
10 Marla Plot For Sale In Bahria Town Rawalpindi,2.35,"Bahria Town Phase 3, Bahria Town Rawalpindi",https://www.zameen.com/Property/bahria_town_rawalpindi_bahria_town_phase_3_10_marla_plot_for_sale_in_bahria_town_rawalpindi-53811089-3036-2.html,49,Rawalpindi,Bahria Town Phase 3,10.0,33.5701202,73.1163357
Kanal Plot For Sale In Bahria Town Rawalpindi,3.29,"Bahria Town Phase 1, Bahria Town Rawalpindi",https://www.zameen.com/Property/bahria_town_rawalpindi_bahria_town_phase_1_kanal_plot_for_sale_in_bahria_town_rawalpindi-54101589-3033-2.html,49,Rawalpindi,Bahria Town Phase 1,20.0,33.5701202,73.1163357
Residential Plot Of 1 Kanal In Bahria Greens - Overseas Enclave - Sector 5 Is Available,2.9,"Bahria Greens - Overseas Enclave - Sector 5, Bahria Greens - Overseas Enclave",https://www.zameen.com/Property/bahria_greens_overseas_enclave_bahria_greens_-_overseas_enclave_-_sector_5_residential_plot_of_1_kanal_in_bahria_greens_-_overseas_enclave_-_sector_5_is_available-54547012-8304-2.html,49,Rawalpindi,Bahria Greens - Overseas Enclave - Sector 5,20.0,33.4735,73.091
A 10 Marla Residential Plot Located In Bahria Town Phase 8 - Block L Is Available For Sale,1.1,"Bahria Town Phase 8 - Block L, Bahria Town Phase 8",https://www.zameen.com/Property/bahria_town_phase_8_bahria_town_phase_8_-_block_l_a_10_marla_residential_plot_located_in_bahria_town_phase_8_-_block_l_is_available_for_sale-54547013-3061-2.html,49,Rawalpindi,Bahria Town Phase 8 - Block L,10.0,33.4862,73.0874
"Ideal 10 Marla Residential Plot Has Landed On Market In Bahria Greens - Overseas Enclave - Sector 2, Rawalpindi",1.85,"Bahria Greens - Overseas Enclave - Sector 2, Bahria Greens - Overseas Enclave",https://www.zameen.com/Property/bahria_greens_overseas_enclave_bahria_greens_-_overseas_enclave_-_sector_2_ideal_10_marla_residential_plot_has_landed_on_market_in_bahria_greens_-_overseas_enclave_-_sector_2_rawalpindi-54547007-8301-2.html,49,Rawalpindi,Bahria Greens - Overseas Enclave - Sector 2,10.0,33.4735,73.091
Ideally Located Residential Plot For Sale In Bahria Greens - Overseas Enclave - Sector 3 Available,2.95,"Bahria Greens - Overseas Enclave - Sector 3, Bahria Greens - Overseas Enclave",https://www.zameen.com/Property/bahria_greens_overseas_enclave_bahria_greens_-_overseas_enclave_-_sector_3_ideally_located_residential_plot_for_sale_in_bahria_greens_-_overseas_enclave_-_sector_3_available-54547011-8302-2.html,49,Rawalpindi,Bahria Greens - Overseas Enclave - Sector 3,20.0,33.4735,73.091
Ready For Construction Residential Plot Of 7 Marla Is Available For Sale In Bahria Town Rawalpindi,0.75,"Bahria Town Phase 8 - Usman Block, Bahria Town Phase 8 - Safari Valley",https://www.zameen.com/Property/bahria_town_phase_8_safari_valley_bahria_town_phase_8_-_usman_block_ready_for_construction_residential_plot_of_7_marla_is_available_for_sale_in_bahria_town_rawalpindi-54547008-3068-2.html,49,Rawalpindi,Bahria Town Phase 8 - Usman Block,7.0,33.4848621,73.096708
5 Marla pair plot ali block Is Available For Sale In Bahria Town Phase 8 Rawalpindi,0.68,"Bahria Town Phase 8, Bahria Town Rawalpindi",https://www.zameen.com/Property/bahria_town_rawalpindi_bahria_town_phase_8_5_marla_pair_plot_ali_block_is_available_for_sale_in_bahria_town_phase_8_rawalpindi-53671300-3048-2.html,49,Rawalpindi,Bahria Town Phase 8,5.0,33.5012685,73.0872635
10 Marla Plot Sector L Is Available For Sale In Bahria Town Phase 8 Rawalpindi,0.75,"Bahria Town Phase 8, Bahria Town Rawalpindi",https://www.zameen.com/Property/bahria_town_rawalpindi_bahria_town_phase_8_10_marla_plot_sector_l_is_available_for_sale_in_bahria_town_phase_8_rawalpindi-53671282-3048-2.html,49,Rawalpindi,Bahria Town Phase 8,10.0,33.5012685,73.0872635
I Block Phase 8 | 10 Marla Park Facing Boulevard Plot | Back Open + DHA 4 View | Just 115 Lac,1.15,"Bahria Town Phase 8 - Block I, Bahria Town Phase 8",https://www.zameen.com/Property/bahria_town_phase_8_bahria_town_phase_8_-_block_i_i_block_phase_8_10_marla_park_facing_boulevard_plot_back_open_dha_4_view_just_115_lac-54198652-3057-2.html,49,Rawalpindi,Bahria Town Phase 8 - Block I,10.0,33.4862,73.0874
5 Marla Plot Secter M Is Available For Sale In Bahria Town Phase 8 Rawalpindi,0.65,"Bahria Town Phase 8, Bahria Town Rawalpindi",https://www.zameen.com/Property/bahria_town_rawalpindi_bahria_town_phase_8_5_marla_plot_secter_m_is_available_for_sale_in_bahria_town_phase_8_rawalpindi-53702033-3048-2.html,49,Rawalpindi,Bahria Town Phase 8,5.0,33.5012685,73.0872635
17 Marla Corner Plot Possession Utility Paid,1.4,"Bahria Town Phase 8 - Sector F-1, Bahria Town Phase 8",https://www.zameen.com/Property/bahria_town_phase_8_bahria_town_phase_8_-_sector_f-1_17_marla_corner_plot_possession_utility_paid-53685811-3095-2.html,49,Rawalpindi,Bahria Town Phase 8 - Sector F-1,17.0,33.4855018,73.0971219
"10 Marla Possessionable Plot For Sale F-3 Block, Bahria Town Rawalpindi Phase 8 | Fully Developed & Ready For Construction",0.65,"Bahria Town Phase 8 - Sector F-3, Bahria Town Phase 8",https://www.zameen.com/Property/bahria_town_phase_8_bahria_town_phase_8_-_sector_f-3_10_marla_possessionable_plot_for_sale_f-3_block_bahria_town_rawalpindi_phase_8_fully_developed_ready_for_construction-53054735-8251-2.html,50,Rawalpindi,Bahria Town Phase 8 - Sector F-3,10.0,33.4855018,73.0971219
Saffron City Approved From RDA 5 Marla Plot File Available Only On 10% Booking Price,0.04,"Saffron City, GT Road",https://www.zameen.com/Property/gt_road_saffron_city_saffron_city_approved_from_rda_5_marla_plot_file_available_only_on_10_booking_price-54202254-21050-2.html,50,Rawalpindi,Saffron City,5.0,33.6520202,73.076983
Best Location Solid Land Overseas 5 Bahria Town Phase 8 Plot For Sale,2.6,"Bahria Greens - Overseas Enclave - Sector 5, Bahria Greens - Overseas Enclave",https://www.zameen.com/Property/bahria_greens_overseas_enclave_bahria_greens_-_overseas_enclave_-_sector_5_best_location_solid_land_overseas_5_bahria_town_phase_8_plot_for_sale-54536345-8304-2.html,50,Rawalpindi,Bahria Greens - Overseas Enclave - Sector 5,20.0,33.4735,73.091
5 Marla Plot For Sale In Taj Residencia,0.95,"Taj Residencia, Rawalpindi",https://www.zameen.com/Property/rawalpindi_taj_residencia_5_marla_plot_for_sale_in_taj_residencia-54613206-11491-2.html,50,Rawalpindi,Taj Residencia,5.0,33.589782,72.9679336
Centrally Located Residential Plot In Peshawar Road Is Available For Sale,4.95,"Peshawar Road, Rawalpindi",https://www.zameen.com/Property/rawalpindi_peshawar_road_centrally_located_residential_plot_in_peshawar_road_is_available_for_sale-54796582-517-2.html,50,Rawalpindi,Peshawar Road,15.0,33.61362,72.9960127
Kanal Plot For Sale For In Bahria Town Rawalpindi,4.99,"Bahria Town Phase 4, Bahria Town Rawalpindi",https://www.zameen.com/Property/bahria_town_rawalpindi_bahria_town_phase_4_kanal_plot_for_sale_for_in_bahria_town_rawalpindi-54783853-3041-2.html,50,Rawalpindi,Bahria Town Phase 4,20.0,33.5701202,73.1163357
10 Marla Plot For Sale In Bahria Town Rawalpindi,2.35,"Bahria Town Phase 2, Bahria Town Rawalpindi",https://www.zameen.com/Property/bahria_town_rawalpindi_bahria_town_phase_2_10_marla_plot_for_sale_in_bahria_town_rawalpindi-54783806-3035-2.html,50,Rawalpindi,Bahria Town Phase 2,10.0,33.5701202,73.1163357
5 Marla plot secter M Is Available For Sale In Bahria Town Phase 8 Rawalpindi,0.65,"Bahria Town Phase 8, Bahria Town Rawalpindi",https://www.zameen.com/Property/bahria_town_rawalpindi_bahria_town_phase_8_5_marla_plot_secter_m_is_available_for_sale_in_bahria_town_phase_8_rawalpindi-53630689-3048-2.html,50,Rawalpindi,Bahria Town Phase 8,5.0,33.5012685,73.0872635
5 Marla PLOT SECTER ALI Is Available For Sale In Bahria Town Phase 8 Rawalpindi,0.68,"Bahria Town Phase 8, Bahria Town Rawalpindi",https://www.zameen.com/Property/bahria_town_rawalpindi_bahria_town_phase_8_5_marla_plot_secter_ali_is_available_for_sale_in_bahria_town_phase_8_rawalpindi-53619598-3048-2.html,50,Rawalpindi,Bahria Town Phase 8,5.0,33.5012685,73.0872635
1 Kanal Plot Ready For Construction For Sale In Phase 7.,2.65,"Bahria Town Phase 7, Bahria Town Rawalpindi",https://www.zameen.com/Property/bahria_town_rawalpindi_bahria_town_phase_7_1_kanal_plot_ready_for_construction_for_sale_in_phase_7-54796039-3047-2.html,50,Rawalpindi,Bahria Town Phase 7,20.0,33.5701202,73.1163357
Get An Attractive Residential Plot In Rawalpindi For Sale,0.85,"Bahria Town Phase 8 - Block A, Bahria Town Phase 8",https://www.zameen.com/Property/bahria_town_phase_8_bahria_town_phase_8_-_block_a_get_an_attractive_residential_plot_in_rawalpindi_for_sale-54732319-3049-2.html,50,Rawalpindi,Bahria Town Phase 8 - Block A,10.0,33.4862,73.0874
Corner Plot For Sale Overseas Enclave Sector 7 Bahria Town Phase 8,1.8,"Bahria Greens - Overseas Enclave - Sector 7, Bahria Greens - Overseas Enclave",https://www.zameen.com/Property/bahria_greens_overseas_enclave_bahria_greens_-_overseas_enclave_-_sector_7_corner_plot_for_sale_overseas_enclave_sector_7_bahria_town_phase_8-54732353-8306-2.html,50,Rawalpindi,Bahria Greens - Overseas Enclave - Sector 7,10.0,33.4735,73.091
Capital Smart City 10 Marla Overseas East Plot For Sale,0.68,"Capital Smart City, Rawalpindi",https://www.zameen.com/Property/rawalpindi_capital_smart_city_capital_smart_city_10_marla_overseas_east_plot_for_sale-52679626-11891-2.html,50,Rawalpindi,Capital Smart City,10.0,33.4407844,72.8587589
Capital Smart City 5 Marla Possession Plot 180 Ft Road For Sale,0.37,"Capital Smart City, Rawalpindi",https://www.zameen.com/Property/rawalpindi_capital_smart_city_capital_smart_city_5_marla_possession_plot_180_ft_road_for_sale-52275768-11891-2.html,50,Rawalpindi,Capital Smart City,5.0,33.4407844,72.8587589
Capital Smart City 5 Marla Possession Plot,0.3,"Capital Smart City, Rawalpindi",https://www.zameen.com/Property/rawalpindi_capital_smart_city_capital_smart_city_5_marla_possession_plot-52153310-11891-2.html,50,Rawalpindi,Capital Smart City,5.0,33.4407844,72.8587589
Capital Smart City 12 Marla Plot,0.73,"Capital Smart City, Rawalpindi",https://www.zameen.com/Property/rawalpindi_capital_smart_city_capital_smart_city_12_marla_plot-52031304-11891-2.html,50,Rawalpindi,Capital Smart City,12.0,33.4407844,72.8587589
Capital Smart City 5 Marla Possession Plot For Sale,0.31,"Capital Smart City, Rawalpindi",https://www.zameen.com/Property/rawalpindi_capital_smart_city_capital_smart_city_5_marla_possession_plot_for_sale-51973235-11891-2.html,50,Rawalpindi,Capital Smart City,5.0,33.4407844,72.8587589
10 Marla Corner Plot Capital Smart City,0.75,"Capital Smart City, Rawalpindi",https://www.zameen.com/Property/rawalpindi_capital_smart_city_10_marla_corner_plot_capital_smart_city-54654547-11891-2.html,50,Rawalpindi,Capital Smart City,10.0,33.4407844,72.8587589
2 Kanal Capital Smart City Plot,3.5,"Capital Smart City, Rawalpindi",https://www.zameen.com/Property/rawalpindi_capital_smart_city_2_kanal_capital_smart_city_plot-54540664-11891-2.html,50,Rawalpindi,Capital Smart City,40.0,33.4407844,72.8587589
Capital Smart City 5 Marla Possession plot,0.25,"Capital Smart City, Rawalpindi",https://www.zameen.com/Property/rawalpindi_capital_smart_city_capital_smart_city_5_marla_possession_plot-54480053-11891-2.html,50,Rawalpindi,Capital Smart City,5.0,33.4407844,72.8587589
Capital Smart City 5 Marla Plot For Sale,0.35,"Capital Smart City, Rawalpindi",https://www.zameen.com/Property/rawalpindi_capital_smart_city_capital_smart_city_5_marla_plot_for_sale-54194731-11891-2.html,51,Rawalpindi,Capital Smart City,5.0,33.4407844,72.8587589
Capital Smart City 1 Kanal Overseas East,1.08,"Capital Smart City, Rawalpindi",https://www.zameen.com/Property/rawalpindi_capital_smart_city_capital_smart_city_1_kanal_overseas_east-53917855-11891-2.html,51,Rawalpindi,Capital Smart City,20.0,33.4407844,72.8587589
Capital Smart City 10 Marla Plot For Sale,0.67,"Capital Smart City, Rawalpindi",https://www.zameen.com/Property/rawalpindi_capital_smart_city_capital_smart_city_10_marla_plot_for_sale-53917850-11891-2.html,51,Rawalpindi,Capital Smart City,10.0,33.4407844,72.8587589
Capital Smart City 7 Marla Possession Plot,0.44,"Capital Smart City, Rawalpindi",https://www.zameen.com/Property/rawalpindi_capital_smart_city_capital_smart_city_7_marla_possession_plot-53756781-11891-2.html,51,Rawalpindi,Capital Smart City,7.0,33.4407844,72.8587589
Capital Smart City 1 Kanal Possession Plot,1.08,"Capital Smart City, Rawalpindi",https://www.zameen.com/Property/rawalpindi_capital_smart_city_capital_smart_city_1_kanal_possession_plot-53756754-11891-2.html,51,Rawalpindi,Capital Smart City,20.0,33.4407844,72.8587589
Capital Smart City 10 Marla Plot,0.7,"Capital Smart City, Rawalpindi",https://www.zameen.com/Property/rawalpindi_capital_smart_city_capital_smart_city_10_marla_plot-53602026-11891-2.html,51,Rawalpindi,Capital Smart City,10.0,33.4407844,72.8587589
1 Kanal Capital Smart City,1.08,"Capital Smart City, Rawalpindi",https://www.zameen.com/Property/rawalpindi_capital_smart_city_1_kanal_capital_smart_city-53602019-11891-2.html,51,Rawalpindi,Capital Smart City,20.0,33.4407844,72.8587589
5 Marla Capital Smart City Islamabad,0.34,"Capital Smart City, Rawalpindi",https://www.zameen.com/Property/rawalpindi_capital_smart_city_5_marla_capital_smart_city_islamabad-53602010-11891-2.html,51,Rawalpindi,Capital Smart City,5.0,33.4407844,72.8587589
Capital Smart City 1 Kanal Plot Overseas East,1.27,"Capital Smart City, Rawalpindi",https://www.zameen.com/Property/rawalpindi_capital_smart_city_capital_smart_city_1_kanal_plot_overseas_east-53192076-11891-2.html,51,Rawalpindi,Capital Smart City,20.0,33.4407844,72.8587589
Capital Smart City 1 Kanal Overseas East,1.09,"Capital Smart City, Rawalpindi",https://www.zameen.com/Property/rawalpindi_capital_smart_city_capital_smart_city_1_kanal_overseas_east-53171439-11891-2.html,51,Rawalpindi,Capital Smart City,20.0,33.4407844,72.8587589
Capital Smart City 5 Marla Possession Plot,0.3,"Capital Smart City, Rawalpindi",https://www.zameen.com/Property/rawalpindi_capital_smart_city_capital_smart_city_5_marla_possession_plot-53046498-11891-2.html,51,Rawalpindi,Capital Smart City,5.0,33.4407844,72.8587589
10 Marla possession plot Park Road,0.75,"Capital Smart City, Rawalpindi",https://www.zameen.com/Property/rawalpindi_capital_smart_city_10_marla_possession_plot_park_road-53006962-11891-2.html,51,Rawalpindi,Capital Smart City,10.0,33.4407844,72.8587589
Capital Smart City 5 Marla Possession Plot,0.34,"Capital Smart City, Rawalpindi",https://www.zameen.com/Property/rawalpindi_capital_smart_city_capital_smart_city_5_marla_possession_plot-52796835-11891-2.html,51,Rawalpindi,Capital Smart City,5.0,33.4407844,72.8587589
Capital Smart City 10 Marla Corner Plot,0.74,"Capital Smart City, Rawalpindi",https://www.zameen.com/Property/rawalpindi_capital_smart_city_capital_smart_city_10_marla_corner_plot-52757193-11891-2.html,51,Rawalpindi,Capital Smart City,10.0,33.4407844,72.8587589
Capital Smart City 5 Marla Plot,0.33,"Capital Smart City, Rawalpindi",https://www.zameen.com/Property/rawalpindi_capital_smart_city_capital_smart_city_5_marla_plot-52723304-11891-2.html,51,Rawalpindi,Capital Smart City,5.0,33.4407844,72.8587589
Capital Smart City 10 Marla Possession Plot,0.66,"Capital Smart City, Rawalpindi",https://www.zameen.com/Property/rawalpindi_capital_smart_city_capital_smart_city_10_marla_possession_plot-52723283-11891-2.html,51,Rawalpindi,Capital Smart City,10.0,33.4407844,72.8587589
Capital Smart City 1 Kanal Possession Plot For Sale,1.08,"Capital Smart City, Rawalpindi",https://www.zameen.com/Property/rawalpindi_capital_smart_city_capital_smart_city_1_kanal_possession_plot_for_sale-52673301-11891-2.html,51,Rawalpindi,Capital Smart City,20.0,33.4407844,72.8587589
Capital Smart City 12 Marla CORNER Plot,0.75,"Capital Smart City, Rawalpindi",https://www.zameen.com/Property/rawalpindi_capital_smart_city_capital_smart_city_12_marla_corner_plot-52673224-11891-2.html,51,Rawalpindi,Capital Smart City,12.0,33.4407844,72.8587589
Beautiful Front Back Open 10 Marla Plot For Sale In Top City,2.3,"Top City-1, Rawalpindi",https://www.zameen.com/Property/rawalpindi_top_city-1_beautiful_front_back_open_10_marla_plot_for_sale_in_top_city-54742393-10910-2.html,51,Rawalpindi,Top City-1,10.0,33.5763317,72.8692628
Bahria Town 7 Marla Plot For Sale,0.9,"Bahria Town Phase 8 - Ali Block, Bahria Town Phase 8 - Safari Valley",https://www.zameen.com/Property/bahria_town_phase_8_safari_valley_bahria_town_phase_8_-_ali_block_bahria_town_7_marla_plot_for_sale-48811946-3070-2.html,51,Rawalpindi,Bahria Town Phase 8 - Ali Block,7.0,33.4862,73.0874
Bahria Town Plot For Sale Sector F2 Solid Land,1.15,"Bahria Town Phase 8 - Sector F-2, Bahria Town Phase 8",https://www.zameen.com/Property/bahria_town_phase_8_bahria_town_phase_8_-_sector_f-2_bahria_town_plot_for_sale_sector_f2_solid_land-49163327-8250-2.html,51,Rawalpindi,Bahria Town Phase 8 - Sector F-2,13.0,33.4855018,73.0971219
Rafi Block Plot For Sale,0.75,"Bahria Town Phase 8 - Rafi Block, Bahria Town Phase 8",https://www.zameen.com/Property/bahria_town_phase_8_bahria_town_phase_8_-_rafi_block_rafi_block_plot_for_sale-50537336-3071-2.html,51,Rawalpindi,Bahria Town Phase 8 - Rafi Block,5.0,33.4862,73.0874
Bahria Orchard Five Marla Plot For Sale,0.17,"Bahria Town Phase 8 - Bahria Orchard, Bahria Town Phase 8",https://www.zameen.com/Property/bahria_town_phase_8_bahria_town_phase_8_-_bahria_orchard_bahria_orchard_five_marla_plot_for_sale-50537353-9584-2.html,51,Rawalpindi,Bahria Town Phase 8 - Bahria Orchard,5.0,33.4862,73.0874
DHA Phase 9 (Ghandhara) Only 01 Kanal Plot For Sale,0.6,"Capital Smart City, Rawalpindi",https://www.zameen.com/Property/rawalpindi_capital_smart_city_dha_phase_9_ghandhara_only_01_kanal_plot_for_sale-54689063-11891-2.html,51,Rawalpindi,Capital Smart City,20.0,33.4407844,72.8587589
Phase 7 12 Marla Plot For Sale,1.85,"Bahria Town Phase 7, Bahria Town Rawalpindi",https://www.zameen.com/Property/bahria_town_rawalpindi_bahria_town_phase_7_phase_7_12_marla_plot_for_sale-53924584-3047-2.html,52,Rawalpindi,Bahria Town Phase 7,12.0,33.5701202,73.1163357
Bahria Town 5 Marla Plot For Sale,0.65,"Bahria Town Phase 8 - Sector E-3, Bahria Town Phase 8",https://www.zameen.com/Property/bahria_town_phase_8_bahria_town_phase_8_-_sector_e-3_bahria_town_5_marla_plot_for_sale-54076289-15902-2.html,52,Rawalpindi,Bahria Town Phase 8 - Sector E-3,5.0,33.4855018,73.0971219
Bahria Town Phase 8 Overseas 7 Plot For Sale,1.9,"Bahria Greens - Overseas Enclave - Sector 7, Bahria Greens - Overseas Enclave",https://www.zameen.com/Property/bahria_greens_overseas_enclave_bahria_greens_-_overseas_enclave_-_sector_7_bahria_town_phase_8_overseas_7_plot_for_sale-54179273-8306-2.html,52,Rawalpindi,Bahria Greens - Overseas Enclave - Sector 7,10.0,33.4735,73.091
L Block 8 Marla Plot For Sale,0.67,"Bahria Town Phase 8 - Block L, Bahria Town Phase 8",https://www.zameen.com/Property/bahria_town_phase_8_bahria_town_phase_8_-_block_l_l_block_8_marla_plot_for_sale-54396247-3061-2.html,52,Rawalpindi,Bahria Town Phase 8 - Block L,8.0,33.4862,73.0874
Phase 7 Boulevard corner Plot for sale,4.1,"Bahria Town Phase 7, Bahria Town Rawalpindi",https://www.zameen.com/Property/bahria_town_rawalpindi_bahria_town_phase_7_phase_7_boulevard_corner_plot_for_sale-54559673-3047-2.html,52,Rawalpindi,Bahria Town Phase 7,24.0,33.5701202,73.1163357
P Block Kanal Plot for sale Bahria Town Phase 8,1.75,"Bahria Town Phase 8 - Block A, Bahria Town Phase 8",https://www.zameen.com/Property/bahria_town_phase_8_bahria_town_phase_8_-_block_a_p_block_kanal_plot_for_sale_bahria_town_phase_8-54609044-3049-2.html,52,Rawalpindi,Bahria Town Phase 8 - Block A,28.0,33.4862,73.0874
5 Marla Level & Solid Plot For Sale In Bahria Town Phase 8 Ready For Construction,0.48,"Bahria Town Phase 8, Bahria Town Rawalpindi",https://www.zameen.com/Property/bahria_town_rawalpindi_bahria_town_phase_8_5_marla_level_solid_plot_for_sale_in_bahria_town_phase_8_ready_for_construction-53556175-3048-2.html,52,Rawalpindi,Bahria Town Phase 8,5.0,33.5012685,73.0872635
10 Marla Level Plot For Sale In Block C Near Main Road | Prime Location,1.25,"Bahria Town Phase 8 - Block C, Bahria Town Phase 8",https://www.zameen.com/Property/bahria_town_phase_8_bahria_town_phase_8_-_block_c_10_marla_level_plot_for_sale_in_block_c_near_main_road_prime_location-53556160-3051-2.html,52,Rawalpindi,Bahria Town Phase 8 - Block C,10.0,33.4862,73.0874
5 Marla Residential Plot Is Available For sale In Bahria Greens - Overseas Enclave - Sector 5,0.85,"Bahria Greens - Overseas Enclave - Sector 5, Bahria Greens - Overseas Enclave",https://www.zameen.com/Property/bahria_greens_overseas_enclave_bahria_greens_-_overseas_enclave_-_sector_5_5_marla_residential_plot_is_available_for_sale_in_bahria_greens_-_overseas_enclave_-_sector_5-53556173-8304-2.html,52,Rawalpindi,Bahria Greens - Overseas Enclave - Sector 5,5.0,33.4735,73.091
"Prime 5 Marla Plot For Sale In Saffron City Rawalpindi Islamabad,Near Rawalpindi Ring Road",0.45,"Saffron City, GT Road",https://www.zameen.com/Property/gt_road_saffron_city_prime_5_marla_plot_for_sale_in_saffron_city_rawalpindi_islamabad_near_rawalpindi_ring_road-54255172-21050-2.html,52,Rawalpindi,Saffron City,5.0,33.6520202,73.076983
10 Marla Plot For Sale in Saffron City Islamabad,0.82,"Saffron City, GT Road",https://www.zameen.com/Property/gt_road_saffron_city_10_marla_plot_for_sale_in_saffron_city_islamabad-54255130-21050-2.html,52,Rawalpindi,Saffron City,10.0,33.6520202,73.076983
1 Kanal Residential Plots For Sale On GT Road Rawat | 3 Years Installments | Near Rawalpindi Ring Road,1.55,"Saffron City, GT Road",https://www.zameen.com/Property/gt_road_saffron_city_1_kanal_residential_plots_for_sale_on_gt_road_rawat_3_years_installments_near_rawalpindi_ring_road-54250110-21050-2.html,52,Rawalpindi,Saffron City,20.0,33.6520202,73.076983
Affordable Residential Plot Available For sale In Bahria Greens - Overseas Enclave - Sector 5,0.9,"Bahria Greens - Overseas Enclave - Sector 5, Bahria Greens - Overseas Enclave",https://www.zameen.com/Property/bahria_greens_overseas_enclave_bahria_greens_-_overseas_enclave_-_sector_5_affordable_residential_plot_available_for_sale_in_bahria_greens_-_overseas_enclave_-_sector_5-54603742-8304-2.html,53,Rawalpindi,Bahria Greens - Overseas Enclave - Sector 5,5.0,33.4735,73.091
Bahria Town Phase 8 - Sector F-1 10 Marla Residential Plot Up For sale,1.6,"Bahria Town Phase 8 - Sector F-1, Bahria Town Phase 8",https://www.zameen.com/Property/bahria_town_phase_8_bahria_town_phase_8_-_sector_f-1_bahria_town_phase_8_-_sector_f-1_10_marla_residential_plot_up_for_sale-54594512-3095-2.html,53,Rawalpindi,Bahria Town Phase 8 - Sector F-1,10.0,33.4855018,73.0971219
Ready To Buy A Residential Plot In Bahria Town Phase 8 - Sector F-1 Rawalpindi,1.25,"Bahria Town Phase 8 - Sector F-1, Bahria Town Phase 8",https://www.zameen.com/Property/bahria_town_phase_8_bahria_town_phase_8_-_sector_f-1_ready_to_buy_a_residential_plot_in_bahria_town_phase_8_-_sector_f-1_rawalpindi-54594192-3095-2.html,53,Rawalpindi,Bahria Town Phase 8 - Sector F-1,13.0,33.4855018,73.0971219
5 Marla Plot For Sale In Saffron City,0.45,"Saffron City, GT Road",https://www.zameen.com/Property/gt_road_saffron_city_5_marla_plot_for_sale_in_saffron_city-54430144-21050-2.html,53,Rawalpindi,Saffron City,5.0,33.6520202,73.076983
5 Marla Plot Available For Sale In Roz Garden,0.38,"Bahria Town Phase 8 - Bahria Residencia, Bahria Town Phase 8",https://www.zameen.com/Property/bahria_town_phase_8_bahria_town_phase_8_-_bahria_residencia_5_marla_plot_available_for_sale_in_roz_garden-54288197-8280-2.html,53,Rawalpindi,Bahria Town Phase 8 - Bahria Residencia,5.0,33.4862,73.0874
5 Marla Corner Plot Available For Sale On Prime Location Of Saffron City,0.45,"Saffron City, GT Road",https://www.zameen.com/Property/gt_road_saffron_city_5_marla_corner_plot_available_for_sale_on_prime_location_of_saffron_city-54138028-21050-2.html,53,Rawalpindi,Saffron City,5.0,33.6520202,73.076983
10 Marla Plot Available For Sale On Prime Location Of Saffron City,0.82,"Saffron City, GT Road",https://www.zameen.com/Property/gt_road_saffron_city_10_marla_plot_available_for_sale_on_prime_location_of_saffron_city-54138201-21050-2.html,53,Rawalpindi,Saffron City,10.0,33.6520202,73.076983
1 Kanal Plot Available For Sale In Prime Location Of Saffron City,1.55,"Saffron City, GT Road",https://www.zameen.com/Property/gt_road_saffron_city_1_kanal_plot_available_for_sale_in_prime_location_of_saffron_city-54138249-21050-2.html,53,Rawalpindi,Saffron City,20.0,33.6520202,73.076983
10 Marla Plot For Sale,1.2,"Bahria Town Phase 8 - Sector F-2, Bahria Town Phase 8",https://www.zameen.com/Property/bahria_town_phase_8_bahria_town_phase_8_-_sector_f-2_10_marla_plot_for_sale-53780799-8250-2.html,53,Rawalpindi,Bahria Town Phase 8 - Sector F-2,10.0,33.4855018,73.0971219
10 Marla Plot For Sale,0.77,"Bahria Town Phase 8 - Block L, Bahria Town Phase 8",https://www.zameen.com/Property/bahria_town_phase_8_bahria_town_phase_8_-_block_l_10_marla_plot_for_sale-53619875-3061-2.html,53,Rawalpindi,Bahria Town Phase 8 - Block L,10.0,33.4862,73.0874
Semi Develop Plot And Is Now Going To Be DHA Phase 3,0.65,"Bahria Town Phase 8 - Block D, Bahria Town Phase 8",https://www.zameen.com/Property/bahria_town_phase_8_bahria_town_phase_8_-_block_d_semi_develop_plot_and_is_now_going_to_be_dha_phase_3-53549163-3052-2.html,53,Rawalpindi,Bahria Town Phase 8 - Block D,10.0,33.4862,73.0874
400 Square Yards Top Location Level & Solid Plot,5.0,"Chaklala Scheme 1, Chaklala Scheme",https://www.zameen.com/Property/chaklala_scheme_chaklala_scheme_1_400_square_yards_top_location_level_solid_plot-54711379-5981-2.html,53,Rawalpindi,Chaklala Scheme 1,16.0,33.5957713,73.0773475
"Reasonable Price, Level Plot, Ready for Construction",2.8,"Media Town - Block A, Media Town",https://www.zameen.com/Property/media_town_media_town_-_block_a_reasonable_price_level_plot_ready_for_construction-54127406-16390-2.html,53,Rawalpindi,Media Town - Block A,12.0,33.5639764,73.1222157
Centrally Located Residential Plot For Sale In Up Country Enclosures Society - Block F Available,0.3,"UpCountry Enclosures Society - Block F, UpCountry Enclosures Housing Society",https://www.zameen.com/Property/upcountry_enclosures_housing_society_upcountry_enclosures_society_-_block_f_centrally_located_residential_plot_for_sale_in_up_country_enclosures_society_-_block_f_available-54433920-16295-2.html,54,Rawalpindi,UpCountry Enclosures Society - Block F,5.0,33.5412,72.8845
UP COUNTRY ENCLOSURE RDA APPROVED 5 MARLA 7 MARLA 10 MARLA & 1 KANAL PLOTS AVAILABLE FOR SALE,0.88,"UpCountry Enclosures Society - Block F, UpCountry Enclosures Housing Society",https://www.zameen.com/Property/upcountry_enclosures_housing_society_upcountry_enclosures_society_-_block_f_up_country_enclosure_rda_approved_5_marla_7_marla_10_marla_1_kanal_plots_available_for_sale-54710471-16295-2.html,54,Rawalpindi,UpCountry Enclosures Society - Block F,20.0,33.5412,72.8845
8 Marla Solid Land Plot For Sale,1.25,"Bahria Town Phase 8 - Block D, Bahria Town Phase 8",https://www.zameen.com/Property/bahria_town_phase_8_bahria_town_phase_8_-_block_d_8_marla_solid_land_plot_for_sale-54623476-3052-2.html,54,Rawalpindi,Bahria Town Phase 8 - Block D,8.0,33.4862,73.0874
"Prime 7 Marla Solid Plot in Ali Block, Bahria Town Phase 8 PKR 82 Lakh Only",0.82,"Bahria Town Phase 8 - Ali Block, Bahria Town Phase 8 - Safari Valley",https://www.zameen.com/Property/bahria_town_phase_8_safari_valley_bahria_town_phase_8_-_ali_block_prime_7_marla_solid_plot_in_ali_block_bahria_town_phase_8_pkr_82_lakh_only-54649688-3070-2.html,54,Rawalpindi,Bahria Town Phase 8 - Ali Block,7.0,33.4862,73.0874
Parkface 10 Marla Excellent Location Plot In Bahria Phase 3,2.5,"Bahria Town Phase 3, Bahria Town Rawalpindi",https://www.zameen.com/Property/bahria_town_rawalpindi_bahria_town_phase_3_parkface_10_marla_excellent_location_plot_in_bahria_phase_3-52768499-3036-2.html,54,Rawalpindi,Bahria Town Phase 3,10.0,33.5701202,73.1163357
Corner + Sun Face Prime Location Level Plot 10 Marla,2.95,"Bahria Town Phase 5, Bahria Town Rawalpindi",https://www.zameen.com/Property/bahria_town_rawalpindi_bahria_town_phase_5_corner_sun_face_prime_location_level_plot_10_marla-52825251-3045-2.html,54,Rawalpindi,Bahria Town Phase 5,10.0,33.5701202,73.1163357
To sale You Can Find Spacious Residential Plot In UpCountry Enclosures Housing Society,0.43,"UpCountry Enclosures Housing Society, Rawalpindi",https://www.zameen.com/Property/rawalpindi_upcountry_enclosures_housing_society_to_sale_you_can_find_spacious_residential_plot_in_upcountry_enclosures_housing_society-54402967-11752-2.html,54,Rawalpindi,UpCountry Enclosures Housing Society,8.0,33.5412,72.8845
Block G 70fit Road Plot 5Marla,0.41,"UpCountry Enclosures Housing Society, Rawalpindi",https://www.zameen.com/Property/rawalpindi_upcountry_enclosures_housing_society_block_g_70fit_road_plot_5marla-54366563-11752-2.html,54,Rawalpindi,UpCountry Enclosures Housing Society,5.0,33.5412,72.8845
Block H 5 Marla Plot Sun Face,0.39,"UpCountry Enclosures Housing Society, Rawalpindi",https://www.zameen.com/Property/rawalpindi_upcountry_enclosures_housing_society_block_h_5_marla_plot_sun_face-54763796-11752-2.html,54,Rawalpindi,UpCountry Enclosures Housing Society,5.0,33.5412,72.8845
Block H Size 5Marla,0.35,"UpCountry Enclosures Housing Society, Rawalpindi",https://www.zameen.com/Property/rawalpindi_upcountry_enclosures_housing_society_block_h_size_5marla-54763802-11752-2.html,54,Rawalpindi,UpCountry Enclosures Housing Society,5.0,33.5412,72.8845
Level And Clear 10 Marla Plot For Sale In Bahria Town Phase 8 Sector F2 St 3,1.0,"Bahria Town Phase 8 - Sector F-2, Bahria Town Phase 8",https://www.zameen.com/Property/bahria_town_phase_8_bahria_town_phase_8_-_sector_f-2_level_and_clear_10_marla_plot_for_sale_in_bahria_town_phase_8_sector_f2_st_3-54794063-8250-2.html,54,Rawalpindi,Bahria Town Phase 8 - Sector F-2,10.0,33.4855018,73.0971219
Plot For Sale In Westridge,2.25,"Westridge 1, Westridge",https://www.zameen.com/Property/westridge_westridge_1_plot_for_sale_in_westridge-52669528-6053-2.html,54,Rawalpindi,Westridge 1,9.3,33.6111988,73.0153944
"SPECIAL DEAL FULLY DEVELOPED STREET,St B4-A, PHASE 7",2.2,"Bahria Town Phase 7, Bahria Town Rawalpindi",https://www.zameen.com/Property/bahria_town_rawalpindi_bahria_town_phase_7_special_deal_fully_developed_street_st_b4-a_phase_7-53533343-3047-2.html,54,Rawalpindi,Bahria Town Phase 7,20.0,33.5701202,73.1163357
10 Marla Plot For Sale In Saffron City,0.82,"Saffron City, GT Road",https://www.zameen.com/Property/gt_road_saffron_city_10_marla_plot_for_sale_in_saffron_city-54486447-21050-2.html,54,Rawalpindi,Saffron City,10.9,33.6520202,73.076983
Plot File Available For Sale In Dhanial Block,0.12,"Al-Haram City - Phase 2, Al-Haram City",https://www.zameen.com/Property/al_haram_city_al-haram_city_-_phase_2_plot_file_available_for_sale_in_dhanial_block-47534179-8818-2.html,54,Rawalpindi,Al-Haram City - Phase 2,5.0,33.5025799,72.9570594
5 Marla Prime Location Plot For Sale,0.09,"Al-Haram City - Phase 1, Al-Haram City",https://www.zameen.com/Property/al_haram_city_al-haram_city_-_phase_1_5_marla_prime_location_plot_for_sale-45404575-11256-2.html,55,Rawalpindi,Al-Haram City - Phase 1,5.0,33.5025799,72.9570594
Ideal Residential Plot For Sale In Al-Haram City,0.2,"Al-Haram City, Chakri Road",https://www.zameen.com/Property/chakri_road_al-haram_city_ideal_residential_plot_for_sale_in_al-haram_city-45369519-17290-2.html,55,Rawalpindi,Al-Haram City,10.0,33.5025799,72.9570594
Reserve A Centrally Located Residential Plot On Chakri Road,0.07,"Al-Haram City - Phase 1, Al-Haram City",https://www.zameen.com/Property/al_haram_city_al-haram_city_-_phase_1_reserve_a_centrally_located_residential_plot_on_chakri_road-44606000-11256-2.html,55,Rawalpindi,Al-Haram City - Phase 1,5.0,33.5025799,72.9570594
In Al-Haram City Danyal Block 10 Marla Residential Plot For Sale,0.25,"Al-Haram City, Chakri Road",https://www.zameen.com/Property/chakri_road_al-haram_city_in_al-haram_city_danyal_block_10_marla_residential_plot_for_sale-49641666-17290-2.html,55,Rawalpindi,Al-Haram City,10.0,33.5025799,72.9570594
Al-Haram City Residential Plot Sized 5 Marla,0.23,"Al-Haram City, Chakri Road",https://www.zameen.com/Property/chakri_road_al-haram_city_al-haram_city_residential_plot_sized_5_marla-48621951-17290-2.html,55,Rawalpindi,Al-Haram City,5.0,33.5025799,72.9570594
"Al-Haram City - Phase 1, Al-Haram City, Chakri Road, Rawalpindi, Punjab",0.1,"Al-Haram City - Phase 1, Al-Haram City",https://www.zameen.com/Property/al_haram_city_al-haram_city_-_phase_1_al-haram_city_-_phase_1_al-haram_city_chakri_road_rawalpindi_punjab-54767368-11256-2.html,55,Rawalpindi,Al-Haram City - Phase 1,3.0,33.5025799,72.9570594
Reserve A Residential Plot Now In Saffron City,0.45,"Saffron City, GT Road",https://www.zameen.com/Property/gt_road_saffron_city_reserve_a_residential_plot_now_in_saffron_city-54476672-21050-2.html,55,Rawalpindi,Saffron City,5.0,33.6520202,73.076983
Residential Plot Of 10 Marla Is Available For Sale,0.75,"Bahria Town Phase 8 - Sector F-3, Bahria Town Phase 8",https://www.zameen.com/Property/bahria_town_phase_8_bahria_town_phase_8_-_sector_f-3_residential_plot_of_10_marla_is_available_for_sale-54747210-8251-2.html,55,Rawalpindi,Bahria Town Phase 8 - Sector F-3,10.0,33.4855018,73.0971219
A Spacious 10 Marla Residential Plot In Bahria Town Phase 8 - Sector F-1,1.2,"Bahria Town Phase 8 - Sector F-1, Bahria Town Phase 8",https://www.zameen.com/Property/bahria_town_phase_8_bahria_town_phase_8_-_sector_f-1_a_spacious_10_marla_residential_plot_in_bahria_town_phase_8_-_sector_f-1-54747208-3095-2.html,55,Rawalpindi,Bahria Town Phase 8 - Sector F-1,10.0,33.4855018,73.0971219
Residential Plot Is Available For Sale In Bahria Town Phase 8 - Sector F-2,1.1,"Bahria Town Phase 8 - Sector F-2, Bahria Town Phase 8",https://www.zameen.com/Property/bahria_town_phase_8_bahria_town_phase_8_-_sector_f-2_residential_plot_is_available_for_sale_in_bahria_town_phase_8_-_sector_f-2-54747207-8250-2.html,55,Rawalpindi,Bahria Town Phase 8 - Sector F-2,10.0,33.4855018,73.0971219
"Affordable 3 Marla Residential Plot For Sale Allama Iqbal Colony, Chakri Road",0.1,"Chakri Road, Rawalpindi",https://www.zameen.com/Property/rawalpindi_chakri_road_affordable_3_marla_residential_plot_for_sale_allama_iqbal_colony_chakri_road-54793464-467-2.html,55,Rawalpindi,Chakri Road,3.0,33.5591325,73.0149542
10 MARLA PLOT FOR SALE BLOCK H,0.58,"UpCountry Enclosures Housing Society, Rawalpindi",https://www.zameen.com/Property/rawalpindi_upcountry_enclosures_housing_society_10_marla_plot_for_sale_block_h-53814001-11752-2.html,55,Rawalpindi,UpCountry Enclosures Housing Society,10.0,33.5412,72.8845
10 Marla PLOT SECTER A Is Available For Sale In Bahria Town Phase 8 Rawalpindi,0.85,"Bahria Town Phase 8, Bahria Town Rawalpindi",https://www.zameen.com/Property/bahria_town_rawalpindi_bahria_town_phase_8_10_marla_plot_secter_a_is_available_for_sale_in_bahria_town_phase_8_rawalpindi-53486868-3048-2.html,55,Rawalpindi,Bahria Town Phase 8,10.0,33.5012685,73.0872635
7 Marla Park Face Plot Is Available For Sale In Abubakar Block Bahria Town Phase 8 Rawalpindi,1.05,"Bahria Town Phase 8, Bahria Town Rawalpindi",https://www.zameen.com/Property/bahria_town_rawalpindi_bahria_town_phase_8_7_marla_park_face_plot_is_available_for_sale_in_abubakar_block_bahria_town_phase_8_rawalpindi-53271800-3048-2.html,55,Rawalpindi,Bahria Town Phase 8,7.0,33.5012685,73.0872635
10 Marla Ready For Construction Plot For Sale,0.98,"Bahria Town Phase 8 - Sector F-1, Bahria Town Phase 8",https://www.zameen.com/Property/bahria_town_phase_8_bahria_town_phase_8_-_sector_f-1_10_marla_ready_for_construction_plot_for_sale-54579663-3095-2.html,55,Rawalpindi,Bahria Town Phase 8 - Sector F-1,10.0,33.4855018,73.0971219
10 Marla Residential Plot For Sale Bahria Town Phase 8 Rawalpindi,0.35,"Bahria Town Phase 8 - Bahria Orchard, Bahria Town Phase 8",https://www.zameen.com/Property/bahria_town_phase_8_bahria_town_phase_8_-_bahria_orchard_10_marla_residential_plot_for_sale_bahria_town_phase_8_rawalpindi-48441482-9584-2.html,55,Rawalpindi,Bahria Town Phase 8 - Bahria Orchard,10.0,33.4862,73.0874
5 Marla Residential Plot For Sale Bahria Town Phase 8 Rawalpindi,0.14,"Bahria Town Phase 8 - Bahria Orchard, Bahria Town Phase 8",https://www.zameen.com/Property/bahria_town_phase_8_bahria_town_phase_8_-_bahria_orchard_5_marla_residential_plot_for_sale_bahria_town_phase_8_rawalpindi-48441466-9584-2.html,55,Rawalpindi,Bahria Town Phase 8 - Bahria Orchard,5.0,33.4862,73.0874
Corner Blvd 5marla Plot For Sale,0.95,"Bahria Greens - Overseas Enclave - Sector 5, Bahria Greens - Overseas Enclave",https://www.zameen.com/Property/bahria_greens_overseas_enclave_bahria_greens_-_overseas_enclave_-_sector_5_corner_blvd_5marla_plot_for_sale-54511651-8304-2.html,55,Rawalpindi,Bahria Greens - Overseas Enclave - Sector 5,5.0,33.4735,73.091
100% Solid Land All Pad Map Pad During Reading Soil Ready All Dues Clear For Construction Near Hospital,0.98,"Bahria Town Phase 8 - Umer Block, Bahria Town Phase 8 - Safari Valley",https://www.zameen.com/Property/bahria_town_phase_8_safari_valley_bahria_town_phase_8_-_umer_block_100_solid_land_all_pad_map_pad_during_reading_soil_ready_all_dues_clear_for_construction_near_hospital-54540359-3067-2.html,55,Rawalpindi,Bahria Town Phase 8 - Umer Block,7.0,33.4862,73.0874
14marla All Pad Plot For Sale,1.3,"Bahria Town Phase 8 - Sector F-1, Bahria Town Phase 8",https://www.zameen.com/Property/bahria_town_phase_8_bahria_town_phase_8_-_sector_f-1_14marla_all_pad_plot_for_sale-54683617-3095-2.html,56,Rawalpindi,Bahria Town Phase 8 - Sector F-1,14.0,33.4855018,73.0971219
1 Kanal (50*90) Residential Plot For Sale In The Perfect Location Of Bahria Town Phase 8 - Block A Rwp/Isb,2.25,"Bahria Town Phase 8 - Block A, Bahria Town Phase 8",https://www.zameen.com/Property/bahria_town_phase_8_bahria_town_phase_8_-_block_a_1_kanal_50_90_residential_plot_for_sale_in_the_perfect_location_of_bahria_town_phase_8_-_block_a_rwp_isb-54348924-3049-2.html,56,Rawalpindi,Bahria Town Phase 8 - Block A,20.0,33.4862,73.0874
Best Options For open transfer 10Marla Residential Plot Is Available For sale In Bahria Town Phase 7 Rwp/Isb,0.85,"Bahria Town Phase 7, Bahria Town Rawalpindi",https://www.zameen.com/Property/bahria_town_rawalpindi_bahria_town_phase_7_best_options_for_open_transfer_10marla_residential_plot_is_available_for_sale_in_bahria_town_phase_7_rwp_isb-54347916-3047-2.html,56,Rawalpindi,Bahria Town Phase 7,10.0,33.5701202,73.1163357
Bahria Town Rawalpindi Phase 8 Block G 10Marla (35*70)Sized Plot For Sale Investment Price,0.9,"Bahria Town Phase 8 - Block G, Bahria Town Phase 8",https://www.zameen.com/Property/bahria_town_phase_8_bahria_town_phase_8_-_block_g_bahria_town_rawalpindi_phase_8_block_g_10marla_35_70_sized_plot_for_sale_investment_price-54261570-3055-2.html,56,Rawalpindi,Bahria Town Phase 8 - Block G,10.0,33.4862,73.0874
Bahria Town Rawalpindi Phase 8 Block N 10 Marla (35*70) Sized Residential Plot For Sale,0.72,"Bahria Town Phase 8 - Block N, Bahria Town Phase 8",https://www.zameen.com/Property/bahria_town_phase_8_bahria_town_phase_8_-_block_n_bahria_town_rawalpindi_phase_8_block_n_10_marla_35_70_sized_residential_plot_for_sale-54193501-3063-2.html,56,Rawalpindi,Bahria Town Phase 8 - Block N,10.0,33.4862,73.0874
Want To Buy A 10 Marla Residential Plot On corner In Bahria Town Phase7 Rawalpindi / Islamabad,1.95,"Bahria Town Phase 7, Bahria Town Rawalpindi",https://www.zameen.com/Property/bahria_town_rawalpindi_bahria_town_phase_7_want_to_buy_a_10_marla_residential_plot_on_corner_in_bahria_town_phase7_rawalpindi_islamabad-54494171-3047-2.html,56,Rawalpindi,Bahria Town Phase 7,10.0,33.5701202,73.1163357
You Can Find A Gorgeous 10 Marla Plot Residential Plot For Sale In Bahria Town Phase 8 Block F3 Rwp,1.15,"Bahria Town Phase 8 - Sector F-3, Bahria Town Phase 8",https://www.zameen.com/Property/bahria_town_phase_8_bahria_town_phase_8_-_sector_f-3_you_can_find_a_gorgeous_10_marla_plot_residential_plot_for_sale_in_bahria_town_phase_8_block_f3_rwp-54493564-8251-2.html,56,Rawalpindi,Bahria Town Phase 8 - Sector F-3,10.0,33.4855018,73.0971219
10Marla Main Boulevard Residential Plot For Sale In Bahria Town Rawalpindi Phase8 Sector-E,1.1,"Bahria Town Phase 8 - Block E, Bahria Town Phase 8",https://www.zameen.com/Property/bahria_town_phase_8_bahria_town_phase_8_-_block_e_10marla_main_boulevard_residential_plot_for_sale_in_bahria_town_rawalpindi_phase8_sector-e-54493559-3053-2.html,56,Rawalpindi,Bahria Town Phase 8 - Block E,10.0,33.4862,73.0874
16Marla Residential Plot For Sale In Bahria Town Phase7 The Ideally Located Residential Plot For An Incredible Price Of Pkr Rs. 9500000,0.95,"Bahria Town Phase 7, Bahria Town Rawalpindi",https://www.zameen.com/Property/bahria_town_rawalpindi_bahria_town_phase_7_16marla_residential_plot_for_sale_in_bahria_town_phase7_the_ideally_located_residential_plot_for_an_incredible_price_of_pkr_rs_9500000-54493552-3047-2.html,56,Rawalpindi,Bahria Town Phase 7,16.0,33.5701202,73.1163357
Residential 1Kanal (50*90)Sized Plot On MainFor Sale Is Readily Available In Prime Location Of Bahria Town Phase 7 Rwp/Isb,2.4,"Bahria Town Phase 7, Bahria Town Rawalpindi",https://www.zameen.com/Property/bahria_town_rawalpindi_bahria_town_phase_7_residential_1kanal_50_90_sized_plot_on_mainfor_sale_is_readily_available_in_prime_location_of_bahria_town_phase_7_rwp_isb-54493550-3047-2.html,56,Rawalpindi,Bahria Town Phase 7,20.0,33.5701202,73.1163357
10 Marla (35*70) Sized Residential Plot In Bahria Town Phase7 Rawalpindi Of Rawalpindi Is Available For Sale,1.2,"Bahria Town Phase 7, Bahria Town Rawalpindi",https://www.zameen.com/Property/bahria_town_rawalpindi_bahria_town_phase_7_10_marla_35_70_sized_residential_plot_in_bahria_town_phase7_rawalpindi_of_rawalpindi_is_available_for_sale-54493549-3047-2.html,56,Rawalpindi,Bahria Town Phase 7,10.0,33.5701202,73.1163357
10Marla (35*70)Sized Residential Plot On Main Boulevard & Back In Bahria Town Phase 8 - Eden Lake View Block Is Available For Sale,1.65,"Bahria Town Phase 8 - Eden Lake View Block, Bahria Town Phase 8",https://www.zameen.com/Property/bahria_town_phase_8_bahria_town_phase_8_-_eden_lake_view_block_10marla_35_70_sized_residential_plot_on_main_boulevard_back_in_bahria_town_phase_8_-_eden_lake_view_block_is_available_for_sale-54494190-3073-2.html,56,Rawalpindi,Bahria Town Phase 8 - Eden Lake View Block,10.0,33.4862,73.0874
In Bahria Town Rwp/Isb Phase 8 - Block B 1Kanal (50*90)Sized Residential Plot For Sale,1.65,"Bahria Town Phase 8 - Block B, Bahria Town Phase 8",https://www.zameen.com/Property/bahria_town_phase_8_bahria_town_phase_8_-_block_b_in_bahria_town_rwp_isb_phase_8_-_block_b_1kanal_50_90_sized_residential_plot_for_sale-54494185-3050-2.html,56,Rawalpindi,Bahria Town Phase 8 - Block B,20.0,33.4848621,73.096708
1 Kanal (50*90) Sized Residential Plot In Bahria Town Phase 8 - Block A Is Available,1.8,"Bahria Town Phase 8 - Block A, Bahria Town Phase 8",https://www.zameen.com/Property/bahria_town_phase_8_bahria_town_phase_8_-_block_a_1_kanal_50_90_sized_residential_plot_in_bahria_town_phase_8_-_block_a_is_available-54494181-3049-2.html,56,Rawalpindi,Bahria Town Phase 8 - Block A,20.0,33.4862,73.0874
A Residential Plot On Main Boulevard Of 1Kanal (50*90)Sized In Bahria Town Phase 7 Rwp/Isb,3.6,"Bahria Town Phase 7, Bahria Town Rawalpindi",https://www.zameen.com/Property/bahria_town_rawalpindi_bahria_town_phase_7_a_residential_plot_on_main_boulevard_of_1kanal_50_90_sized_in_bahria_town_phase_7_rwp_isb-54494174-3047-2.html,56,Rawalpindi,Bahria Town Phase 7,20.0,33.5701202,73.1163357
Bahria Town Rwp/Isb Phase2 10Marla Level Plot Availeble ver Cheap,2.4,"Bahria Town Phase 2, Bahria Town Rawalpindi",https://www.zameen.com/Property/bahria_town_rawalpindi_bahria_town_phase_2_bahria_town_rwp_isb_phase2_10marla_level_plot_availeble_ver_cheap-54677114-3035-2.html,56,Rawalpindi,Bahria Town Phase 2,10.0,33.5701202,73.1163357
Bahria Town Rwp/Isb Phase5 10Marla (30*75)Sized Residential Plot Available,1.95,"Bahria Town Phase 5, Bahria Town Rawalpindi",https://www.zameen.com/Property/bahria_town_rawalpindi_bahria_town_phase_5_bahria_town_rwp_isb_phase5_10marla_30_75_sized_residential_plot_available-54677335-3045-2.html,56,Rawalpindi,Bahria Town Phase 5,10.0,33.5701202,73.1163357
Bahria Town Phase3 1Kanal Residentail Plot Available,3.8,"Bahria Town Phase 3, Bahria Town Rawalpindi",https://www.zameen.com/Property/bahria_town_rawalpindi_bahria_town_phase_3_bahria_town_phase3_1kanal_residentail_plot_available-54677218-3036-2.html,56,Rawalpindi,Bahria Town Phase 3,20.0,33.5701202,73.1163357
Highly-Desirable 10Marla with Extra Land Residential Plot Available In Bahria Town Phase 8 - Block E For sale,1.25,"Bahria Town Phase 8 - Block E, Bahria Town Phase 8",https://www.zameen.com/Property/bahria_town_phase_8_bahria_town_phase_8_-_block_e_highly-desirable_10marla_with_extra_land_residential_plot_available_in_bahria_town_phase_8_-_block_e_for_sale-54494191-3053-2.html,56,Rawalpindi,Bahria Town Phase 8 - Block E,10.0,33.4862,73.0874
Bahria Town Rwp/Isb Phase8 A1 1 Kanal (50*90)Sized Residential Plot Available For Sale,2.25,"Bahria Town Phase 8 - Block A1, Bahria Town Phase 8",https://www.zameen.com/Property/bahria_town_phase_8_bahria_town_phase_8_-_block_a1_bahria_town_rwp_isb_phase8_a1_1_kanal_50_90_sized_residential_plot_available_for_sale-54686700-12180-2.html,56,Rawalpindi,Bahria Town Phase 8 - Block A1,20.0,33.5012685,73.0872635
Bahria Town Rwp Phase8 Sector P 1 Kanal Residential Plot Available For Sale,1.4,"Bahria Town Phase 8 - Block P, Bahria Town Phase 8",https://www.zameen.com/Property/bahria_town_phase_8_bahria_town_phase_8_-_block_p_bahria_town_rwp_phase8_sector_p_1_kanal_residential_plot_available_for_sale-54708661-3065-2.html,56,Rawalpindi,Bahria Town Phase 8 - Block P,20.0,33.4862,73.0874
Bahria Town Rwp/Isb Phase8 D Block 1Kanal (50*90)Sized Boulevard & Back Open Residentail Plot Avaialble For Sale,1.75,"Bahria Town Phase 8 - Block D, Bahria Town Phase 8",https://www.zameen.com/Property/bahria_town_phase_8_bahria_town_phase_8_-_block_d_bahria_town_rwp_isb_phase8_d_block_1kanal_50_90_sized_boulevard_back_open_residentail_plot_avaialble_for_sale-54730940-3052-2.html,57,Rawalpindi,Bahria Town Phase 8 - Block D,20.0,33.4862,73.0874
Highly-Desirable 10 Marla Residential Plot Available In Gulshan Abad Sector 1,1.5,"Gulshan Abad Sector 1, Gulshan Abad",https://www.zameen.com/Property/gulshan_abad_gulshan_abad_sector_1_highly-desirable_10_marla_residential_plot_available_in_gulshan_abad_sector_1-47276711-14736-2.html,57,Rawalpindi,Gulshan Abad Sector 1,10.0,33.6536015,73.0795873
A Residential Plot Of 1 Kanal,1.75,"Gulshan Abad Sector 1, Gulshan Abad",https://www.zameen.com/Property/gulshan_abad_gulshan_abad_sector_1_a_residential_plot_of_1_kanal-43783907-14736-2.html,57,Rawalpindi,Gulshan Abad Sector 1,20.0,33.6536015,73.0795873
This Is Your Chance To Buy Residential Plot In Rawalpindi,1.1,"Gulshan Abad Sector 2, Gulshan Abad",https://www.zameen.com/Property/gulshan_abad_gulshan_abad_sector_2_this_is_your_chance_to_buy_residential_plot_in_rawalpindi-43783894-14739-2.html,57,Rawalpindi,Gulshan Abad Sector 2,10.0,33.6536015,73.0795873
Centrally Located Residential Plot In Gulshan Abad Sector 1 Is Available For Sale,0.95,"Gulshan Abad Sector 1, Gulshan Abad",https://www.zameen.com/Property/gulshan_abad_gulshan_abad_sector_1_centrally_located_residential_plot_in_gulshan_abad_sector_1_is_available_for_sale-47276709-14736-2.html,57,Rawalpindi,Gulshan Abad Sector 1,10.0,33.6536015,73.0795873
Get In Touch Now To Buy A 1 Kanal Residential Plot In Gulshan Abad Sector 2 Rawalpindi,2.7,"Gulshan Abad Sector 2, Gulshan Abad",https://www.zameen.com/Property/gulshan_abad_gulshan_abad_sector_2_get_in_touch_now_to_buy_a_1_kanal_residential_plot_in_gulshan_abad_sector_2_rawalpindi-47276716-14739-2.html,57,Rawalpindi,Gulshan Abad Sector 2,20.0,33.6536015,73.0795873
Ready To Buy A Residential Plot In Gulshan Abad Sector 2 Rawalpindi,1.25,"Gulshan Abad Sector 2, Gulshan Abad",https://www.zameen.com/Property/gulshan_abad_gulshan_abad_sector_2_ready_to_buy_a_residential_plot_in_gulshan_abad_sector_2_rawalpindi-47276731-14739-2.html,57,Rawalpindi,Gulshan Abad Sector 2,10.0,33.6536015,73.0795873
Residential Plot For Sale In Beautiful Gulshan Abad Sector 3,1.15,"Gulshan Abad Sector 3, Gulshan Abad",https://www.zameen.com/Property/gulshan_abad_gulshan_abad_sector_3_residential_plot_for_sale_in_beautiful_gulshan_abad_sector_3-47276742-14741-2.html,57,Rawalpindi,Gulshan Abad Sector 3,10.0,33.6536015,73.0795873
10 Marla Residential Plot For Sale In Gulshan Abad Sector 1 Rawalpindi,0.95,"Gulshan Abad Sector 1, Gulshan Abad",https://www.zameen.com/Property/gulshan_abad_gulshan_abad_sector_1_10_marla_residential_plot_for_sale_in_gulshan_abad_sector_1_rawalpindi-47276753-14736-2.html,57,Rawalpindi,Gulshan Abad Sector 1,10.0,33.6536015,73.0795873
To Sale You Can Find Spacious Residential Plot In Gulshan Abad Sector 2,2.25,"Gulshan Abad Sector 2, Gulshan Abad",https://www.zameen.com/Property/gulshan_abad_gulshan_abad_sector_2_to_sale_you_can_find_spacious_residential_plot_in_gulshan_abad_sector_2-47276765-14739-2.html,57,Rawalpindi,Gulshan Abad Sector 2,20.0,33.6536015,73.0795873
Residential Plot Is Available For Sale In Gulshan Abad Sector 2,1.1,"Gulshan Abad Sector 2, Gulshan Abad",https://www.zameen.com/Property/gulshan_abad_gulshan_abad_sector_2_residential_plot_is_available_for_sale_in_gulshan_abad_sector_2-47276785-14739-2.html,57,Rawalpindi,Gulshan Abad Sector 2,10.0,33.6536015,73.0795873
PLOT FOR SALE PRIME LOCATION IN UPCOUNTRY ENCLOSURE,0.28,"UpCountry Enclosures Society - Block F, UpCountry Enclosures Housing Society",https://www.zameen.com/Property/upcountry_enclosures_housing_society_upcountry_enclosures_society_-_block_f_plot_for_sale_prime_location_in_upcountry_enclosure-54118169-16295-2.html,57,Rawalpindi,UpCountry Enclosures Society - Block F,5.0,33.5412,72.8845
"10 Marla Residential Plot for Sale in Overseas Sector, Bahria Town Phase 8",1.9,"Bahria Greens - Overseas Enclave - Sector 7, Bahria Greens - Overseas Enclave",https://www.zameen.com/Property/bahria_greens_overseas_enclave_bahria_greens_-_overseas_enclave_-_sector_7_10_marla_residential_plot_for_sale_in_overseas_sector_bahria_town_phase_8-53689514-8306-2.html,57,Rawalpindi,Bahria Greens - Overseas Enclave - Sector 7,10.0,33.4735,73.091
1 Kanal Plot For Sale In Chaklala Scheme 3 Prime Location,3.75,"Chaklala Scheme 3, Chaklala Scheme",https://www.zameen.com/Property/chaklala_scheme_chaklala_scheme_3_1_kanal_plot_for_sale_in_chaklala_scheme_3_prime_location-54793043-1312-2.html,57,Rawalpindi,Chaklala Scheme 3,20.0,33.5695006,73.0667911
Premium 10 Marla Residential Plot. No. 70N For Sale In Rose Block Taj Residencia Best Investment Opportunity Near Islamabad Prime Location Demand 104 Lakh,1.04,"Taj Residencia, Rawalpindi",https://www.zameen.com/Property/rawalpindi_taj_residencia_premium_10_marla_residential_plot_no_70n_for_sale_in_rose_block_taj_residencia_best_investment_opportunity_near_islamabad_prime_location_demand_104_lakh-54428983-11491-2.html,57,Rawalpindi,Taj Residencia,10.0,33.589782,72.9679336
"10 Marla Residential Plot For Sale In Sector K, Bahria Town Phase 8",0.65,"Bahria Town Phase 8 - Block K, Bahria Town Phase 8",https://www.zameen.com/Property/bahria_town_phase_8_bahria_town_phase_8_-_block_k_10_marla_residential_plot_for_sale_in_sector_k_bahria_town_phase_8-53681479-3060-2.html,57,Rawalpindi,Bahria Town Phase 8 - Block K,10.0,33.4862,73.0874
"10 Marla Residential Plot For Sale In Sector K, Bahria Town Phase 8",0.6,"Bahria Town Phase 8 - Block K, Bahria Town Phase 8",https://www.zameen.com/Property/bahria_town_phase_8_bahria_town_phase_8_-_block_k_10_marla_residential_plot_for_sale_in_sector_k_bahria_town_phase_8-53681464-3060-2.html,57,Rawalpindi,Bahria Town Phase 8 - Block K,10.0,33.4862,73.0874
1 Kanal Best For Investment Is Available For Sale,0.55,"Bahria Town Phase 8 - Sector F-5, Bahria Town Phase 8",https://www.zameen.com/Property/bahria_town_phase_8_bahria_town_phase_8_-_sector_f-5_1_kanal_best_for_investment_is_available_for_sale-53681350-8253-2.html,57,Rawalpindi,Bahria Town Phase 8 - Sector F-5,20.0,33.4855018,73.0971219
"1 Kanal Plot For Sale in Sector F4, Bahria Town",1.2,"Bahria Town Phase 8 - Sector F-4, Bahria Town Phase 8",https://www.zameen.com/Property/bahria_town_phase_8_bahria_town_phase_8_-_sector_f-4_1_kanal_plot_for_sale_in_sector_f4_bahria_town-53681337-8252-2.html,57,Rawalpindi,Bahria Town Phase 8 - Sector F-4,20.0,33.4855018,73.0971219
"1 Kanal Plot For Sale in Sector F4, Bahria Town",1.1,"Bahria Town Phase 8 - Sector F-4, Bahria Town Phase 8",https://www.zameen.com/Property/bahria_town_phase_8_bahria_town_phase_8_-_sector_f-4_1_kanal_plot_for_sale_in_sector_f4_bahria_town-53681326-8252-2.html,57,Rawalpindi,Bahria Town Phase 8 - Sector F-4,20.0,33.4855018,73.0971219
"10 Marla Residential Plot for Sale in Sector F3, Bahria Town Phase 8",0.75,"Bahria Town Phase 8 - Sector F-3, Bahria Town Phase 8",https://www.zameen.com/Property/bahria_town_phase_8_bahria_town_phase_8_-_sector_f-3_10_marla_residential_plot_for_sale_in_sector_f3_bahria_town_phase_8-53681299-8251-2.html,57,Rawalpindi,Bahria Town Phase 8 - Sector F-3,10.0,33.4855018,73.0971219
10 Marla Residential Plot in Sector F3 Bahria Town Phase 8 Rawalpindi,0.7,"Bahria Town Phase 8 - Sector F-3, Bahria Town Phase 8",https://www.zameen.com/Property/bahria_town_phase_8_bahria_town_phase_8_-_sector_f-3_10_marla_residential_plot_in_sector_f3_bahria_town_phase_8_rawalpindi-53681290-8251-2.html,57,Rawalpindi,Bahria Town Phase 8 - Sector F-3,10.0,33.4855018,73.0971219
"10 Marla Residential Plot for Sale in Sector F2, Bahria Town Phase 8",0.75,"Bahria Town Phase 8 - Sector F-2, Bahria Town Phase 8",https://www.zameen.com/Property/bahria_town_phase_8_bahria_town_phase_8_-_sector_f-2_10_marla_residential_plot_for_sale_in_sector_f2_bahria_town_phase_8-53681274-8250-2.html,58,Rawalpindi,Bahria Town Phase 8 - Sector F-2,10.0,33.4855018,73.0971219
"10 Marla Residential Plot For Sale In Sector F2, Bahria Town Phase 8",0.7,"Bahria Town Phase 8 - Sector F-2, Bahria Town Phase 8",https://www.zameen.com/Property/bahria_town_phase_8_bahria_town_phase_8_-_sector_f-2_10_marla_residential_plot_for_sale_in_sector_f2_bahria_town_phase_8-53681256-8250-2.html,58,Rawalpindi,Bahria Town Phase 8 - Sector F-2,10.0,33.4855018,73.0971219
"1 Kanal, South Facing, Ready For Construction, Solid Plot, For Sale In Bahria Hamlets",1.65,"Bahria Hamlet, Bahria Town Phase 8",https://www.zameen.com/Property/bahria_town_phase_8_bahria_hamlet_1_kanal_south_facing_ready_for_construction_solid_plot_for_sale_in_bahria_hamlets-50303500-10354-2.html,58,Rawalpindi,Bahria Hamlet,20.0,33.4891,73.1232
2 Kanal Plot Back Open In Bahria Hamlet Extra Land From Back Possible Vey Reasonable,3.35,"Bahria Hamlet, Bahria Town Phase 8",https://www.zameen.com/Property/bahria_town_phase_8_bahria_hamlet_2_kanal_plot_back_open_in_bahria_hamlet_extra_land_from_back_possible_vey_reasonable-48689218-10354-2.html,58,Rawalpindi,Bahria Hamlet,40.0,33.4891,73.1232
Club City VIP Sector 2-Kanal Plot With Extra Land For Sale At Investors Price Best Location Level Plot,3.25,"Bahria Town Phase 8 - Club City, Bahria Town Phase 8",https://www.zameen.com/Property/bahria_town_phase_8_bahria_town_phase_8_-_club_city_club_city_vip_sector_2-kanal_plot_with_extra_land_for_sale_at_investors_price_best_location_level_plot-54462648-12591-2.html,58,Rawalpindi,Bahria Town Phase 8 - Club City,40.0,33.4862,73.0874
35x70 Size L Block Fully Developed And Possession Area Ready To Built Level Plot Very Reasonable Price,0.75,"Bahria Town Phase 8 - Block L, Bahria Town Phase 8",https://www.zameen.com/Property/bahria_town_phase_8_bahria_town_phase_8_-_block_l_35x70_size_l_block_fully_developed_and_possession_area_ready_to_built_level_plot_very_reasonable_price-54574962-3061-2.html,58,Rawalpindi,Bahria Town Phase 8 - Block L,10.0,33.4862,73.0874
Bahria Hamlet 1 Kanal Level Plot Possession Utility Paid In Very Reasonable Price At 150lacs,1.5,"Bahria Hamlet, Bahria Town Phase 8",https://www.zameen.com/Property/bahria_town_phase_8_bahria_hamlet_bahria_hamlet_1_kanal_level_plot_possession_utility_paid_in_very_reasonable_price_at_150lacs-54672406-10354-2.html,58,Rawalpindi,Bahria Hamlet,20.0,33.4891,73.1232
"Change Your Address To Bahria Town Phase 8 - Rafi Block, Rawalpind",1.28,"Bahria Town Phase 8 - Rafi Block, Bahria Town Phase 8",https://www.zameen.com/Property/bahria_town_phase_8_bahria_town_phase_8_-_rafi_block_change_your_address_to_bahria_town_phase_8_-_rafi_block_rawalpind-54512277-3071-2.html,58,Rawalpindi,Bahria Town Phase 8 - Rafi Block,8.0,33.4862,73.0874
Full Heighted Solid Area Of Over Sease Enclave,3.25,"Bahria Greens - Overseas Enclave - Sector 5, Bahria Greens - Overseas Enclave",https://www.zameen.com/Property/bahria_greens_overseas_enclave_bahria_greens_-_overseas_enclave_-_sector_5_full_heighted_solid_area_of_over_sease_enclave-54783576-8304-2.html,58,Rawalpindi,Bahria Greens - Overseas Enclave - Sector 5,20.0,33.4735,73.091
Corner Plot Level Solid Top Height View,2.0,"Bahria Greens - Overseas Enclave - Sector 2, Bahria Greens - Overseas Enclave",https://www.zameen.com/Property/bahria_greens_overseas_enclave_bahria_greens_-_overseas_enclave_-_sector_2_corner_plot_level_solid_top_height_view-54636403-8301-2.html,58,Rawalpindi,Bahria Greens - Overseas Enclave - Sector 2,10.0,33.4735,73.091
Reserve A Centrally Located Residential Plot Of 18 Marla In Bahria Town Phase 8 - Block C,1.75,"Bahria Town Phase 8 - Block C, Bahria Town Phase 8",https://www.zameen.com/Property/bahria_town_phase_8_bahria_town_phase_8_-_block_c_reserve_a_centrally_located_residential_plot_of_18_marla_in_bahria_town_phase_8_-_block_c-54780603-3051-2.html,58,Rawalpindi,Bahria Town Phase 8 - Block C,18.0,33.4862,73.0874
7 Marla Residential Plot For Sale In Umer Block Rawalpindi,0.9,"Bahria Town Phase 8 - Umer Block, Bahria Town Phase 8 - Safari Valley",https://www.zameen.com/Property/bahria_town_phase_8_safari_valley_bahria_town_phase_8_-_umer_block_7_marla_residential_plot_for_sale_in_umer_block_rawalpindi-54780604-3067-2.html,58,Rawalpindi,Bahria Town Phase 8 - Umer Block,7.0,33.4862,73.0874
Avail Yourself A Great Corner 1 Kanal Residential Plot In Bahria Greens - Overseas Enclave - Sector 5,2.95,"Bahria Greens - Overseas Enclave - Sector 5, Bahria Greens - Overseas Enclave",https://www.zameen.com/Property/bahria_greens_overseas_enclave_bahria_greens_-_overseas_enclave_-_sector_5_avail_yourself_a_great_corner_1_kanal_residential_plot_in_bahria_greens_-_overseas_enclave_-_sector_5-54780608-8304-2.html,58,Rawalpindi,Bahria Greens - Overseas Enclave - Sector 5,20.0,33.4735,73.091
Corner 8 Marla Residential Plot In Beautiful Location Of Bahria Town Phase 8 - Usman Block In Rawalpindi,1.15,"Bahria Town Phase 8 - Usman Block, Bahria Town Phase 8 - Safari Valley",https://www.zameen.com/Property/bahria_town_phase_8_safari_valley_bahria_town_phase_8_-_usman_block_corner_8_marla_residential_plot_in_beautiful_location_of_bahria_town_phase_8_-_usman_block_in_rawalpindi-54780609-3068-2.html,58,Rawalpindi,Bahria Town Phase 8 - Usman Block,8.0,33.4848621,73.096708
Ideal Residential Plot Is Available For Sale In Rawalpindi,0.98,"Bahria Town Phase 8 - Usman Block, Bahria Town Phase 8 - Safari Valley",https://www.zameen.com/Property/bahria_town_phase_8_safari_valley_bahria_town_phase_8_-_usman_block_ideal_residential_plot_is_available_for_sale_in_rawalpindi-54780611-3068-2.html,58,Rawalpindi,Bahria Town Phase 8 - Usman Block,7.0,33.4848621,73.096708
Beautiful Level Plot In Secter J Phase 8 In Reasonable Price J Block 8 Marla,0.95,"Bahria Town Phase 8 - Block J, Bahria Town Phase 8",https://www.zameen.com/Property/bahria_town_phase_8_bahria_town_phase_8_-_block_j_beautiful_level_plot_in_secter_j_phase_8_in_reasonable_price_j_block_8_marla-54780623-3058-2.html,58,Rawalpindi,Bahria Town Phase 8 - Block J,8.0,33.4862,73.0874
Map Paid Builders Location Plot,1.65,"Bahria Greens - Overseas Enclave - Sector 5, Bahria Greens - Overseas Enclave",https://www.zameen.com/Property/bahria_greens_overseas_enclave_bahria_greens_-_overseas_enclave_-_sector_5_map_paid_builders_location_plot-54780625-8304-2.html,58,Rawalpindi,Bahria Greens - Overseas Enclave - Sector 5,10.0,33.4735,73.091
Pair 1 Kanal Residential Plot With 6 Marla Extra Land Paid,3.6,"Bahria Town Phase 8 - Block P, Bahria Town Phase 8",https://www.zameen.com/Property/bahria_town_phase_8_bahria_town_phase_8_-_block_p_pair_1_kanal_residential_plot_with_6_marla_extra_land_paid-54780626-3065-2.html,58,Rawalpindi,Bahria Town Phase 8 - Block P,40.0,33.4862,73.0874
1 Kanal Plot Available For Sale,2.6,"Bahria Town Phase 1, Bahria Town Rawalpindi",https://www.zameen.com/Property/bahria_town_rawalpindi_bahria_town_phase_1_1_kanal_plot_available_for_sale-54652691-3033-2.html,58,Rawalpindi,Bahria Town Phase 1,20.0,33.5701202,73.1163357
5Marla (25*50)Sized Residential Plot For Grabs In Bahria Town Phase8 Sector E1 Rawalpindi,0.65,"Bahria Town Phase 8 - Sector E-1, Bahria Town Phase 8",https://www.zameen.com/Property/bahria_town_phase_8_bahria_town_phase_8_-_sector_e-1_5marla_25_50_sized_residential_plot_for_grabs_in_bahria_town_phase8_sector_e1_rawalpindi-54494194-8360-2.html,58,Rawalpindi,Bahria Town Phase 8 - Sector E-1,6.0,33.4855018,73.0971219
On Main Boulevard 22Marla Residential Plot Near Globe Chowk Available in Bahria Town Phase7 Isb,3.7,"Bahria Town Phase 7, Bahria Town Rawalpindi",https://www.zameen.com/Property/bahria_town_rawalpindi_bahria_town_phase_7_on_main_boulevard_22marla_residential_plot_near_globe_chowk_available_in_bahria_town_phase7_isb-54678325-3047-2.html,59,Rawalpindi,Bahria Town Phase 7,20.0,33.5701202,73.1163357
Phase7 10Marla Near Fatima Masjid Residential Plot Available in Bahria Town Phase7 Rwp/Isb,1.95,"Bahria Town Phase 7, Bahria Town Rawalpindi",https://www.zameen.com/Property/bahria_town_rawalpindi_bahria_town_phase_7_phase7_10marla_near_fatima_masjid_residential_plot_available_in_bahria_town_phase7_rwp_isb-54678240-3047-2.html,59,Rawalpindi,Bahria Town Phase 7,10.0,33.5701202,73.1163357
Bahria Town Rwp/Isb Phase8 Sector C 10Marla (35*70)Sized Residentail Plot Available For Sale,1.45,"Bahria Town Phase 8 - Block C, Bahria Town Phase 8",https://www.zameen.com/Property/bahria_town_phase_8_bahria_town_phase_8_-_block_c_bahria_town_rwp_isb_phase8_sector_c_10marla_35_70_sized_residentail_plot_available_for_sale-54744147-3051-2.html,59,Rawalpindi,Bahria Town Phase 8 - Block C,10.0,33.4862,73.0874
6 Marla Plot For Sale In Vip Extension,0.5,"Airport Housing Society - Sector 4, Airport Housing Society",https://www.zameen.com/Property/airport_housing_society_airport_housing_society_-_sector_4_6_marla_plot_for_sale_in_vip_extension-54054634-9155-2.html,59,Rawalpindi,Airport Housing Society - Sector 4,6.0,33.5941022,73.1307386
Block H 5 Marla Plot For Sale,0.85,"Airport Housing Society - Sector 4, Airport Housing Society",https://www.zameen.com/Property/airport_housing_society_airport_housing_society_-_sector_4_block_h_5_marla_plot_for_sale-53994319-9155-2.html,59,Rawalpindi,Airport Housing Society - Sector 4,5.0,33.5941022,73.1307386
5 Marla Plot Vip Extension,0.45,"Airport Housing Society - Sector 4, Airport Housing Society",https://www.zameen.com/Property/airport_housing_society_airport_housing_society_-_sector_4_5_marla_plot_vip_extension-54054605-9155-2.html,59,Rawalpindi,Airport Housing Society - Sector 4,5.0,33.5941022,73.1307386
5 Marla Residential Plot For Sale,0.38,"Airport Housing Society - Sector 4, Airport Housing Society",https://www.zameen.com/Property/airport_housing_society_airport_housing_society_-_sector_4_5_marla_residential_plot_for_sale-53591340-9155-2.html,59,Rawalpindi,Airport Housing Society - Sector 4,5.0,33.5941022,73.1307386
Block F 8 Marla Plot For Sale,1.35,"Airport Housing Society - Sector 4, Airport Housing Society",https://www.zameen.com/Property/airport_housing_society_airport_housing_society_-_sector_4_block_f_8_marla_plot_for_sale-53861328-9155-2.html,59,Rawalpindi,Airport Housing Society - Sector 4,8.0,33.5941022,73.1307386
Westridge2 Plot For Sale,8.5,"Westridge 2, Westridge",https://www.zameen.com/Property/westridge_westridge_2_westridge2_plot_for_sale-54544047-6054-2.html,59,Rawalpindi,Westridge 2,30.0,33.6175671,73.0276852
E Block 6 Marla Plot For Sale,0.85,"Airport Housing Society - Sector 4, Airport Housing Society",https://www.zameen.com/Property/airport_housing_society_airport_housing_society_-_sector_4_e_block_6_marla_plot_for_sale-54433450-9155-2.html,59,Rawalpindi,Airport Housing Society - Sector 4,6.0,33.5941022,73.1307386
Vip Extension 6 Marla plot for sale,0.55,"Airport Housing Society - Sector 4, Airport Housing Society",https://www.zameen.com/Property/airport_housing_society_airport_housing_society_-_sector_4_vip_extension_6_marla_plot_for_sale-54674998-9155-2.html,59,Rawalpindi,Airport Housing Society - Sector 4,6.0,33.5941022,73.1307386
8 Marla Plot For Sale In Block H,1.1,"Airport Housing Society - Sector 4, Airport Housing Society",https://www.zameen.com/Property/airport_housing_society_airport_housing_society_-_sector_4_8_marla_plot_for_sale_in_block_h-54710497-9155-2.html,59,Rawalpindi,Airport Housing Society - Sector 4,8.0,33.5941022,73.1307386
10 Marla Plot On Main Double Road,1.2,"Taj Residencia - Rose Block, Taj Residencia",https://www.zameen.com/Property/taj_residencia_taj_residencia_-_rose_block_10_marla_plot_on_main_double_road-54773460-18999-2.html,59,Rawalpindi,Taj Residencia - Rose Block,10.0,33.5855,72.9348
Top Heighted Locatin Plot With Extra Land,4.15,"Bahria Greens - Overseas Enclave - Sector 3, Bahria Greens - Overseas Enclave",https://www.zameen.com/Property/bahria_greens_overseas_enclave_bahria_greens_-_overseas_enclave_-_sector_3_top_heighted_locatin_plot_with_extra_land-54582736-8302-2.html,59,Rawalpindi,Bahria Greens - Overseas Enclave - Sector 3,32.0,33.4735,73.091
14 Marla Plot With A Beautifull Dimension (40 X80 ) Prime Location Plot For Sale,1.55,"Bahria Town Phase 8 - Block C, Bahria Town Phase 8",https://www.zameen.com/Property/bahria_town_phase_8_bahria_town_phase_8_-_block_c_14_marla_plot_with_a_beautifull_dimension_40_x80_prime_location_plot_for_sale-54697243-3051-2.html,59,Rawalpindi,Bahria Town Phase 8 - Block C,14.0,33.4862,73.0874
Investors Price 10 Marla Corner Plot For Sale In K Block Bahria Town Rawalpindi,0.55,"Bahria Town Phase 8 - Block K, Bahria Town Phase 8",https://www.zameen.com/Property/bahria_town_phase_8_bahria_town_phase_8_-_block_k_investors_price_10_marla_corner_plot_for_sale_in_k_block_bahria_town_rawalpindi-54697259-3060-2.html,59,Rawalpindi,Bahria Town Phase 8 - Block K,10.0,33.4862,73.0874
1 Kanal Prime Location Plot For Sale With Possession Utilities Paid,2.5,"Bahria Greens - Overseas Enclave - Sector 4, Bahria Greens - Overseas Enclave",https://www.zameen.com/Property/bahria_greens_overseas_enclave_bahria_greens_-_overseas_enclave_-_sector_4_1_kanal_prime_location_plot_for_sale_with_possession_utilities_paid-54697362-8303-2.html,59,Rawalpindi,Bahria Greens - Overseas Enclave - Sector 4,20.0,33.4735,73.091
10 Marla Boulevard Category Plot For Sale,0.88,"Bahria Town Phase 8 - Block L, Bahria Town Phase 8",https://www.zameen.com/Property/bahria_town_phase_8_bahria_town_phase_8_-_block_l_10_marla_boulevard_category_plot_for_sale-54698053-3061-2.html,59,Rawalpindi,Bahria Town Phase 8 - Block L,10.0,33.4862,73.0874
A Top Height Location 15 Marla Plot With 5 Marla Lawn Back Open View For Sale,2.35,"Bahria Greens - Overseas Enclave - Sector 3, Bahria Greens - Overseas Enclave",https://www.zameen.com/Property/bahria_greens_overseas_enclave_bahria_greens_-_overseas_enclave_-_sector_3_a_top_height_location_15_marla_plot_with_5_marla_lawn_back_open_view_for_sale-54718792-8302-2.html,60,Rawalpindi,Bahria Greens - Overseas Enclave - Sector 3,20.0,33.4735,73.091
12 Marla Solid Land Plot Fo Rsale,1.45,"Bahria Town Phase 8 - Block H, Bahria Town Phase 8",https://www.zameen.com/Property/bahria_town_phase_8_bahria_town_phase_8_-_block_h_12_marla_solid_land_plot_fo_rsale-54763183-3056-2.html,60,Rawalpindi,Bahria Town Phase 8 - Block H,12.0,33.4862,73.0874
"Investors Price Plot , 10 Marla Bahria Town Rawalpindi Phase 8 Sector E For Sale",0.92,"Bahria Town Phase 8 - Block E, Bahria Town Phase 8",https://www.zameen.com/Property/bahria_town_phase_8_bahria_town_phase_8_-_block_e_investors_price_plot_10_marla_bahria_town_rawalpindi_phase_8_sector_e_for_sale-54777602-3053-2.html,60,Rawalpindi,Bahria Town Phase 8 - Block E,10.0,33.4862,73.0874
7 Marla Plot For Sale,0.75,"Bahria Town Phase 8, Bahria Town Rawalpindi",https://www.zameen.com/Property/bahria_town_rawalpindi_bahria_town_phase_8_7_marla_plot_for_sale-54532121-3048-2.html,60,Rawalpindi,Bahria Town Phase 8,7.0,33.5012685,73.0872635
26 Marla Corner Plot for sale,4.5,"Bahria Town Phase 1, Bahria Town Rawalpindi",https://www.zameen.com/Property/bahria_town_rawalpindi_bahria_town_phase_1_26_marla_corner_plot_for_sale-54762230-3033-2.html,60,Rawalpindi,Bahria Town Phase 1,26.0,33.5701202,73.1163357
Prime Location 15 Marla Residential Plot In Bahria Town Phase 7 For sale At Good Location,1.0,"Bahria Town Phase 7, Bahria Town Rawalpindi",https://www.zameen.com/Property/bahria_town_rawalpindi_bahria_town_phase_7_prime_location_15_marla_residential_plot_in_bahria_town_phase_7_for_sale_at_good_location-54546217-3047-2.html,60,Rawalpindi,Bahria Town Phase 7,15.0,33.5701202,73.1163357
Plot For Sale In Bahria Town Phase 8 Block H,1.3,"Bahria Town Phase 8 - Block H, Bahria Town Phase 8",https://www.zameen.com/Property/bahria_town_phase_8_bahria_town_phase_8_-_block_h_plot_for_sale_in_bahria_town_phase_8_block_h-54713131-3056-2.html,60,Rawalpindi,Bahria Town Phase 8 - Block H,10.0,33.4862,73.0874
Rose Garden 5 Marla Residential Plot Up For Sale,0.45,"Rose Garden, Bahria Town Phase 8",https://www.zameen.com/Property/bahria_town_phase_8_rose_garden_rose_garden_5_marla_residential_plot_up_for_sale-54713135-12363-2.html,60,Rawalpindi,Rose Garden,5.0,33.5874801,73.0857514
10 Marla Ready To Build Plot For Sale | E-1 Sector | All Dues Clear,1.25,"Bahria Town Phase 8 - Sector E-1, Bahria Town Phase 8",https://www.zameen.com/Property/bahria_town_phase_8_bahria_town_phase_8_-_sector_e-1_10_marla_ready_to_build_plot_for_sale_e-1_sector_all_dues_clear-54717941-8360-2.html,60,Rawalpindi,Bahria Town Phase 8 - Sector E-1,10.0,33.4855018,73.0971219
Bahria Town Phase 8 - Block N Residential Plot Sized 10 Marla Is Available For Sale,0.63,"Bahria Town Phase 8 - Block N, Bahria Town Phase 8",https://www.zameen.com/Property/bahria_town_phase_8_bahria_town_phase_8_-_block_n_bahria_town_phase_8_-_block_n_residential_plot_sized_10_marla_is_available_for_sale-54717946-3063-2.html,60,Rawalpindi,Bahria Town Phase 8 - Block N,10.0,33.4862,73.0874
1 Kanal Residential Plot For Sale In A1 Block,1.85,"Bahria Town Phase 8 - Block A1, Bahria Town Phase 8",https://www.zameen.com/Property/bahria_town_phase_8_bahria_town_phase_8_-_block_a1_1_kanal_residential_plot_for_sale_in_a1_block-54717949-12180-2.html,60,Rawalpindi,Bahria Town Phase 8 - Block A1,20.0,33.5012685,73.0872635
10 Marla Residential Plot For Sale In G Block,0.65,"Bahria Town Phase 8 - Block G, Bahria Town Phase 8",https://www.zameen.com/Property/bahria_town_phase_8_bahria_town_phase_8_-_block_g_10_marla_residential_plot_for_sale_in_g_block-54717952-3055-2.html,60,Rawalpindi,Bahria Town Phase 8 - Block G,10.0,33.4862,73.0874
"Plot For Sale Abu Bakar Block, Safari Valley, Bahria Town Phase 8",0.9,"Bahria Town Phase 8 - Abu Bakar Block, Bahria Town Phase 8 - Safari Valley",https://www.zameen.com/Property/bahria_town_phase_8_safari_valley_bahria_town_phase_8_-_abu_bakar_block_plot_for_sale_abu_bakar_block_safari_valley_bahria_town_phase_8-54717956-3069-2.html,60,Rawalpindi,Bahria Town Phase 8 - Abu Bakar Block,7.0,33.4862,73.0874
Corner 1 Kanal Residential Plot In Stunning Bahria Town Phase 8 - Block P Is Available For Sale,1.55,"Bahria Town Phase 8 - Block P, Bahria Town Phase 8",https://www.zameen.com/Property/bahria_town_phase_8_bahria_town_phase_8_-_block_p_corner_1_kanal_residential_plot_in_stunning_bahria_town_phase_8_-_block_p_is_available_for_sale-54717966-3065-2.html,60,Rawalpindi,Bahria Town Phase 8 - Block P,20.0,33.4862,73.0874
Book A Residential Plot Of 5 Marla In Bahria Town Phase 8 - Block I Rawalpindi,0.6,"Bahria Town Phase 8 - Block I, Bahria Town Phase 8",https://www.zameen.com/Property/bahria_town_phase_8_bahria_town_phase_8_-_block_i_book_a_residential_plot_of_5_marla_in_bahria_town_phase_8_-_block_i_rawalpindi-54717968-3057-2.html,60,Rawalpindi,Bahria Town Phase 8 - Block I,5.0,33.4862,73.0874
E3 5 Marla Plot For Sale Best Investment Option | 58 Lakhs,0.58,"Bahria Town Phase 8 - Sector E-3, Bahria Town Phase 8",https://www.zameen.com/Property/bahria_town_phase_8_bahria_town_phase_8_-_sector_e-3_e3_5_marla_plot_for_sale_best_investment_option_58_lakhs-54717979-15902-2.html,60,Rawalpindi,Bahria Town Phase 8 - Sector E-3,5.0,33.4855018,73.0971219
Residential Plot For Sale In Block L Best Price Ideal Location Ready For Construction,0.54,"Bahria Town Phase 8 - Block L, Bahria Town Phase 8",https://www.zameen.com/Property/bahria_town_phase_8_bahria_town_phase_8_-_block_l_residential_plot_for_sale_in_block_l_best_price_ideal_location_ready_for_construction-54723054-3061-2.html,61,Rawalpindi,Bahria Town Phase 8 - Block L,5.0,33.4862,73.0874
Plot For Sale In Bahria Town Phase 8,0.7,"Bahria Town Phase 8 - Rafi Block, Bahria Town Phase 8",https://www.zameen.com/Property/bahria_town_phase_8_bahria_town_phase_8_-_rafi_block_plot_for_sale_in_bahria_town_phase_8-54723056-3071-2.html,61,Rawalpindi,Bahria Town Phase 8 - Rafi Block,5.0,33.4862,73.0874
N Block 6 Marla Plot For Sale Prime Location 58 Lacs,0.58,"Bahria Town Phase 8 - Block N, Bahria Town Phase 8",https://www.zameen.com/Property/bahria_town_phase_8_bahria_town_phase_8_-_block_n_n_block_6_marla_plot_for_sale_prime_location_58_lacs-54723057-3063-2.html,61,Rawalpindi,Bahria Town Phase 8 - Block N,6.0,33.4862,73.0874
8 Marla Residential Plot For Sale Prime Location Only 70 Lakh,0.7,"Bahria Town Phase 8 - Block L, Bahria Town Phase 8",https://www.zameen.com/Property/bahria_town_phase_8_bahria_town_phase_8_-_block_l_8_marla_residential_plot_for_sale_prime_location_only_70_lakh-54723062-3061-2.html,61,Rawalpindi,Bahria Town Phase 8 - Block L,8.0,33.4862,73.0874
Investment Plot For Sale In Khalid Block,0.75,"Bahria Town Phase 8 - Khalid Block, Bahria Town Phase 8 - Safari Valley",https://www.zameen.com/Property/bahria_town_phase_8_safari_valley_bahria_town_phase_8_-_khalid_block_investment_plot_for_sale_in_khalid_block-54732313-3072-2.html,61,Rawalpindi,Bahria Town Phase 8 - Khalid Block,8.0,33.4862,73.0874
Lake View 10 Marla Plot For Sale Premium Location 1.85 Crore,1.85,"Bahria Town Phase 8 - Eden Lake View Block, Bahria Town Phase 8",https://www.zameen.com/Property/bahria_town_phase_8_bahria_town_phase_8_-_eden_lake_view_block_lake_view_10_marla_plot_for_sale_premium_location_1_85_crore-54732318-3073-2.html,61,Rawalpindi,Bahria Town Phase 8 - Eden Lake View Block,10.0,33.4862,73.0874
"7 Marla Plot For Sale In K Block, Bahria Town Phase 8 Rawalpindi Main Boulevard Price 50 Lac5",0.5,"Bahria Town Phase 8 - Block K, Bahria Town Phase 8",https://www.zameen.com/Property/bahria_town_phase_8_bahria_town_phase_8_-_block_k_7_marla_plot_for_sale_in_k_block_bahria_town_phase_8_rawalpindi_main_boulevard_price_50_lac5-54732320-3060-2.html,61,Rawalpindi,Bahria Town Phase 8 - Block K,7.0,33.4862,73.0874
10 Marla Residential Plot For Sale In C Block Prime Location,1.05,"Bahria Town Phase 8 - Block C, Bahria Town Phase 8",https://www.zameen.com/Property/bahria_town_phase_8_bahria_town_phase_8_-_block_c_10_marla_residential_plot_for_sale_in_c_block_prime_location-54732321-3051-2.html,61,Rawalpindi,Bahria Town Phase 8 - Block C,10.0,33.4862,73.0874
Get An Attractive Residential Plot In Rawalpindi For Sale,0.85,"Bahria Town Phase 8 - Block A, Bahria Town Phase 8",https://www.zameen.com/Property/bahria_town_phase_8_bahria_town_phase_8_-_block_a_get_an_attractive_residential_plot_in_rawalpindi_for_sale-54732331-3049-2.html,61,Rawalpindi,Bahria Town Phase 8 - Block A,10.0,33.4862,73.0874
Affordable Residential Plot For Sale In Bahria Town Phase 8 - Block K,0.67,"Bahria Town Phase 8 - Block K, Bahria Town Phase 8",https://www.zameen.com/Property/bahria_town_phase_8_bahria_town_phase_8_-_block_k_affordable_residential_plot_for_sale_in_bahria_town_phase_8_-_block_k-54732343-3060-2.html,61,Rawalpindi,Bahria Town Phase 8 - Block K,10.0,33.4862,73.0874
5 Marla Plot For Sale Overseas 5 Block,0.8,"Bahria Greens - Overseas Enclave - Sector 5, Bahria Greens - Overseas Enclave",https://www.zameen.com/Property/bahria_greens_overseas_enclave_bahria_greens_-_overseas_enclave_-_sector_5_5_marla_plot_for_sale_overseas_5_block-54732346-8304-2.html,61,Rawalpindi,Bahria Greens - Overseas Enclave - Sector 5,5.0,33.4735,73.091
J Block 10 Marla Boulevard Plot For Sale Prime Location 75,0.75,"Bahria Town Phase 8 - Block J, Bahria Town Phase 8",https://www.zameen.com/Property/bahria_town_phase_8_bahria_town_phase_8_-_block_j_j_block_10_marla_boulevard_plot_for_sale_prime_location_75-54732351-3058-2.html,61,Rawalpindi,Bahria Town Phase 8 - Block J,10.0,33.4862,73.0874
"Change Your Address To On Excellent Location Bahria Town Phase 8 - Ali Block, Rawalpindi For A Reasonable Price",0.65,"Bahria Town Phase 8 - Ali Block, Bahria Town Phase 8 - Safari Valley",https://www.zameen.com/Property/bahria_town_phase_8_safari_valley_bahria_town_phase_8_-_ali_block_change_your_address_to_on_excellent_location_bahria_town_phase_8_-_ali_block_rawalpindi_for_a_reasonable_price-54732360-3070-2.html,61,Rawalpindi,Bahria Town Phase 8 - Ali Block,5.0,33.4862,73.0874
Get An Attractive Residential Plot In Rawalpindi,0.9,"Bahria Town Phase 8 - Ali Block, Bahria Town Phase 8 - Safari Valley",https://www.zameen.com/Property/bahria_town_phase_8_safari_valley_bahria_town_phase_8_-_ali_block_get_an_attractive_residential_plot_in_rawalpindi-54732361-3070-2.html,61,Rawalpindi,Bahria Town Phase 8 - Ali Block,7.0,33.4862,73.0874
2 Kanal Industrial Plot For Sale,2.9,"Rawat Industrial Estate, Rawalpindi",https://www.zameen.com/Property/rawalpindi_rawat_industrial_estate_2_kanal_industrial_plot_for_sale-53069547-9051-2.html,61,Rawalpindi,Rawat Industrial Estate,40.0,33.5184144,73.2387894
10 Marla Corner Plot 8 Marla Extra Land Bahria Orchard,0.45,"Bahria Town Phase 8 - Bahria Orchard, Bahria Town Phase 8",https://www.zameen.com/Property/bahria_town_phase_8_bahria_town_phase_8_-_bahria_orchard_10_marla_corner_plot_8_marla_extra_land_bahria_orchard-54647160-9584-2.html,61,Rawalpindi,Bahria Town Phase 8 - Bahria Orchard,10.0,33.4862,73.0874
7 Marla Corner Plus 3 Marla Extra Land A Category Plot,1.0,"Bahria Town Phase 8 - Umer Block, Bahria Town Phase 8 - Safari Valley",https://www.zameen.com/Property/bahria_town_phase_8_safari_valley_bahria_town_phase_8_-_umer_block_7_marla_corner_plus_3_marla_extra_land_a_category_plot-54627246-3067-2.html,61,Rawalpindi,Bahria Town Phase 8 - Umer Block,7.0,33.4862,73.0874
10 Marla Plot With Registry Sector A,0.85,"Bahria Town Phase 8 - Block A, Bahria Town Phase 8",https://www.zameen.com/Property/bahria_town_phase_8_bahria_town_phase_8_-_block_a_10_marla_plot_with_registry_sector_a-54385630-3049-2.html,61,Rawalpindi,Bahria Town Phase 8 - Block A,10.0,33.4862,73.0874
10 Marla Solid Land Plot C Block,1.45,"Bahria Town Phase 8 - Block C, Bahria Town Phase 8",https://www.zameen.com/Property/bahria_town_phase_8_bahria_town_phase_8_-_block_c_10_marla_solid_land_plot_c_block-54356114-3051-2.html,61,Rawalpindi,Bahria Town Phase 8 - Block C,10.0,33.4862,73.0874
Bahria Town Phase-8 F1 10 Marla Plot For Sale,0.9,"Bahria Town Phase 8, Bahria Town Rawalpindi",https://www.zameen.com/Property/bahria_town_rawalpindi_bahria_town_phase_8_bahria_town_phase-8_f1_10_marla_plot_for_sale-54637635-3048-2.html,61,Rawalpindi,Bahria Town Phase 8,10.0,33.5012685,73.0872635
Residential Plot Of 1 Kanal For Sale In Bahria Town Phase 4,4.75,"Bahria Town Phase 4, Bahria Town Rawalpindi",https://www.zameen.com/Property/bahria_town_rawalpindi_bahria_town_phase_4_residential_plot_of_1_kanal_for_sale_in_bahria_town_phase_4-42794539-3041-2.html,62,Rawalpindi,Bahria Town Phase 4,20.0,33.5701202,73.1163357
1 Kanal Spacious Residential Plot Available In Bahria Town Phase 2 For Sale,4.75,"Bahria Town Phase 2, Bahria Town Rawalpindi",https://www.zameen.com/Property/bahria_town_rawalpindi_bahria_town_phase_2_1_kanal_spacious_residential_plot_available_in_bahria_town_phase_2_for_sale-42794546-3035-2.html,62,Rawalpindi,Bahria Town Phase 2,20.0,33.5701202,73.1163357
Plot For Sale In Bahria Town Phase 4 Rawalpindi Is Available,6.0,"Bahria Town Phase 4, Bahria Town Rawalpindi",https://www.zameen.com/Property/bahria_town_rawalpindi_bahria_town_phase_4_plot_for_sale_in_bahria_town_phase_4_rawalpindi_is_available-42794547-3041-2.html,62,Rawalpindi,Bahria Town Phase 4,20.0,33.5701202,73.1163357
This Is Your Chance To Buy Residential Plot In Bahria Town Phase 4,5.0,"Bahria Town Phase 4, Bahria Town Rawalpindi",https://www.zameen.com/Property/bahria_town_rawalpindi_bahria_town_phase_4_this_is_your_chance_to_buy_residential_plot_in_bahria_town_phase_4-42794548-3041-2.html,62,Rawalpindi,Bahria Town Phase 4,20.0,33.5701202,73.1163357
Ideal Residential Plot Is Available For Sale In Rawalpindi,6.25,"Bahria Town Phase 4, Bahria Town Rawalpindi",https://www.zameen.com/Property/bahria_town_rawalpindi_bahria_town_phase_4_ideal_residential_plot_is_available_for_sale_in_rawalpindi-42794551-3041-2.html,62,Rawalpindi,Bahria Town Phase 4,20.0,33.5701202,73.1163357
Ideally Located Residential Plot Of 1 Kanal Is Available For Sale In Rawalpindi,4.75,"Bahria Town Phase 4, Bahria Town Rawalpindi",https://www.zameen.com/Property/bahria_town_rawalpindi_bahria_town_phase_4_ideally_located_residential_plot_of_1_kanal_is_available_for_sale_in_rawalpindi-42794555-3041-2.html,62,Rawalpindi,Bahria Town Phase 4,20.0,33.5701202,73.1163357
"Residential Plot For Sale In Rs. 43,500,000",4.5,"Bahria Town Phase 4, Bahria Town Rawalpindi",https://www.zameen.com/Property/bahria_town_rawalpindi_bahria_town_phase_4_residential_plot_for_sale_in_rs_43_500_000-42794558-3041-2.html,62,Rawalpindi,Bahria Town Phase 4,20.0,33.5701202,73.1163357
1 Kanal Residential Plot In Bahria Town Phase 2 For Sale,6.5,"Bahria Town Phase 2, Bahria Town Rawalpindi",https://www.zameen.com/Property/bahria_town_rawalpindi_bahria_town_phase_2_1_kanal_residential_plot_in_bahria_town_phase_2_for_sale-42794561-3035-2.html,62,Rawalpindi,Bahria Town Phase 2,20.0,33.5701202,73.1163357
1 Kanal Residential Plot Up For Sale In Bahria Town Phase 2,4.75,"Bahria Town Phase 2, Bahria Town Rawalpindi",https://www.zameen.com/Property/bahria_town_rawalpindi_bahria_town_phase_2_1_kanal_residential_plot_up_for_sale_in_bahria_town_phase_2-42794563-3035-2.html,62,Rawalpindi,Bahria Town Phase 2,20.0,33.5701202,73.1163357
Spacious 1 Kanal Residential Plot Available For sale In Bahria Town Phase 4,5.5,"Bahria Town Phase 4, Bahria Town Rawalpindi",https://www.zameen.com/Property/bahria_town_rawalpindi_bahria_town_phase_4_spacious_1_kanal_residential_plot_available_for_sale_in_bahria_town_phase_4-42794564-3041-2.html,62,Rawalpindi,Bahria Town Phase 4,20.0,33.5701202,73.1163357
Residential Plot For Sale In Bahria Town Phase 4,5.1,"Bahria Town Phase 4, Bahria Town Rawalpindi",https://www.zameen.com/Property/bahria_town_rawalpindi_bahria_town_phase_4_residential_plot_for_sale_in_bahria_town_phase_4-42794565-3041-2.html,62,Rawalpindi,Bahria Town Phase 4,20.0,33.5701202,73.1163357
Boulevard Corner Plot For Sale In Phase 2,6.5,"Bahria Town Phase 2, Bahria Town Rawalpindi",https://www.zameen.com/Property/bahria_town_rawalpindi_bahria_town_phase_2_boulevard_corner_plot_for_sale_in_phase_2-45176141-3035-2.html,62,Rawalpindi,Bahria Town Phase 2,24.0,33.5701202,73.1163357
Very Prime Location Plot For Sale In Phase 3,4.5,"Bahria Town Phase 3, Bahria Town Rawalpindi",https://www.zameen.com/Property/bahria_town_rawalpindi_bahria_town_phase_3_very_prime_location_plot_for_sale_in_phase_3-47778794-3036-2.html,62,Rawalpindi,Bahria Town Phase 3,20.0,33.5701202,73.1163357
10 Marla Plot For Sale In Hot Location In Phase 2,2.8,"Bahria Town Phase 2, Bahria Town Rawalpindi",https://www.zameen.com/Property/bahria_town_rawalpindi_bahria_town_phase_2_10_marla_plot_for_sale_in_hot_location_in_phase_2-47911216-3035-2.html,62,Rawalpindi,Bahria Town Phase 2,10.0,33.5701202,73.1163357
Very Hot And Prime Location Pease Full Area Plot For Sale With 6 Marla Extra Land,5.0,"Bahria Town Phase 5, Bahria Town Rawalpindi",https://www.zameen.com/Property/bahria_town_rawalpindi_bahria_town_phase_5_very_hot_and_prime_location_pease_full_area_plot_for_sale_with_6_marla_extra_land-47924633-3045-2.html,62,Rawalpindi,Bahria Town Phase 5,20.0,33.5701202,73.1163357
Bahira Town Phase 4 Road B Corner Plot For Sale,5.5,"Bahria Town Phase 4, Bahria Town Rawalpindi",https://www.zameen.com/Property/bahria_town_rawalpindi_bahria_town_phase_4_bahira_town_phase_4_road_b_corner_plot_for_sale-48856098-3041-2.html,62,Rawalpindi,Bahria Town Phase 4,20.0,33.5701202,73.1163357
24 Marla Corner Boulevard Plot For Sale,6.25,"Bahria Town Phase 4, Bahria Town Rawalpindi",https://www.zameen.com/Property/bahria_town_rawalpindi_bahria_town_phase_4_24_marla_corner_boulevard_plot_for_sale-49622524-3041-2.html,62,Rawalpindi,Bahria Town Phase 4,20.0,33.5701202,73.1163357
Very Prime Location Plot For Sale In Phase 4,5.0,"Bahria Town Phase 4, Bahria Town Rawalpindi",https://www.zameen.com/Property/bahria_town_rawalpindi_bahria_town_phase_4_very_prime_location_plot_for_sale_in_phase_4-49962818-3041-2.html,62,Rawalpindi,Bahria Town Phase 4,20.0,33.5701202,73.1163357
Original Pictures Are Attached Very Prime Location Plot For Sale,4.0,"Bahria Town Phase 5, Bahria Town Rawalpindi",https://www.zameen.com/Property/bahria_town_rawalpindi_bahria_town_phase_5_original_pictures_are_attached_very_prime_location_plot_for_sale-51283965-3045-2.html,62,Rawalpindi,Bahria Town Phase 5,20.0,33.5701202,73.1163357
Corner Kanal Plot For Sale In Phase 4,4.5,"Bahria Town Phase 4, Bahria Town Rawalpindi",https://www.zameen.com/Property/bahria_town_rawalpindi_bahria_town_phase_4_corner_kanal_plot_for_sale_in_phase_4-51286752-3041-2.html,62,Rawalpindi,Bahria Town Phase 4,20.0,33.5701202,73.1163357
Direct Meeting With Owner Investor Rate Plot For Sale Croner Plot,3.35,"Bahria Town Phase 3, Bahria Town Rawalpindi",https://www.zameen.com/Property/bahria_town_rawalpindi_bahria_town_phase_3_direct_meeting_with_owner_investor_rate_plot_for_sale_croner_plot-51983591-3036-2.html,62,Rawalpindi,Bahria Town Phase 3,14.8,33.5701202,73.1163357
10 Marla Very Prime Location Plot For Sale,3.15,"Bahria Town Phase 5, Bahria Town Rawalpindi",https://www.zameen.com/Property/bahria_town_rawalpindi_bahria_town_phase_5_10_marla_very_prime_location_plot_for_sale-52028936-3045-2.html,62,Rawalpindi,Bahria Town Phase 5,10.0,33.5701202,73.1163357
10 Marla Park Face Phase 2 Special Area,3.5,"Bahria Town Phase 2, Bahria Town Rawalpindi",https://www.zameen.com/Property/bahria_town_rawalpindi_bahria_town_phase_2_10_marla_park_face_phase_2_special_area-52028952-3035-2.html,63,Rawalpindi,Bahria Town Phase 2,10.0,33.5701202,73.1163357
2 Kanal Plot For Sale In Phase 2,13.0,"Bahria Town Phase 2, Bahria Town Rawalpindi",https://www.zameen.com/Property/bahria_town_rawalpindi_bahria_town_phase_2_2_kanal_plot_for_sale_in_phase_2-52086535-3035-2.html,63,Rawalpindi,Bahria Town Phase 2,40.0,33.5701202,73.1163357
Most Cheapest Price Plot In Bahira Town Phase 6,2.35,"Bahria Town Phase 6, Bahria Town Rawalpindi",https://www.zameen.com/Property/bahria_town_rawalpindi_bahria_town_phase_6_most_cheapest_price_plot_in_bahira_town_phase_6-52114443-3046-2.html,63,Rawalpindi,Bahria Town Phase 6,10.0,33.5701202,73.1163357
Most Low Price Plot In Bahira Town Phase 3,2.3,"Bahria Town Phase 3, Bahria Town Rawalpindi",https://www.zameen.com/Property/bahria_town_rawalpindi_bahria_town_phase_3_most_low_price_plot_in_bahira_town_phase_3-52114539-3036-2.html,63,Rawalpindi,Bahria Town Phase 3,10.0,33.5701202,73.1163357
Most Valuable Plot With Extra Land Available For Sale,6.25,"Bahria Town Phase 6, Bahria Town Rawalpindi",https://www.zameen.com/Property/bahria_town_rawalpindi_bahria_town_phase_6_most_valuable_plot_with_extra_land_available_for_sale-52114608-3046-2.html,63,Rawalpindi,Bahria Town Phase 6,20.0,33.5701202,73.1163357
Most Cheapest Price One Kanal Plot In Bahira Town,3.9,"Bahria Town Phase 3, Bahria Town Rawalpindi",https://www.zameen.com/Property/bahria_town_rawalpindi_bahria_town_phase_3_most_cheapest_price_one_kanal_plot_in_bahira_town-52114636-3036-2.html,63,Rawalpindi,Bahria Town Phase 3,20.0,33.5701202,73.1163357
Very Reasonable Plot For Sale In Bahira Town,4.25,"Bahria Town Phase 5, Bahria Town Rawalpindi",https://www.zameen.com/Property/bahria_town_rawalpindi_bahria_town_phase_5_very_reasonable_plot_for_sale_in_bahira_town-52114698-3045-2.html,63,Rawalpindi,Bahria Town Phase 5,20.0,33.5701202,73.1163357
Croner Heighted View Plot For Sale Size 60X80,6.4,"Bahria Town Phase 2, Bahria Town Rawalpindi",https://www.zameen.com/Property/bahria_town_rawalpindi_bahria_town_phase_2_croner_heighted_view_plot_for_sale_size_60x80-52336605-3035-2.html,63,Rawalpindi,Bahria Town Phase 2,20.0,33.5701202,73.1163357
Exclusive 18 Marla Paid Corner Plot Near Masjid & Park Phase 3,4.5,"Bahria Town Phase 3, Bahria Town Rawalpindi",https://www.zameen.com/Property/bahria_town_rawalpindi_bahria_town_phase_3_exclusive_18_marla_paid_corner_plot_near_masjid_park_phase_3-53063711-3036-2.html,63,Rawalpindi,Bahria Town Phase 3,18.0,33.5701202,73.1163357
Exclusive 60x80 Corner Plot Bahria Town Phase 2 Special Area,6.0,"Bahria Town Phase 2, Bahria Town Rawalpindi",https://www.zameen.com/Property/bahria_town_rawalpindi_bahria_town_phase_2_exclusive_60x80_corner_plot_bahria_town_phase_2_special_area-53076091-3035-2.html,63,Rawalpindi,Bahria Town Phase 2,20.0,33.5701202,73.1163357
Main Boulevard Road C Plot For Sale,3.15,"Bahria Town Phase 5, Bahria Town Rawalpindi",https://www.zameen.com/Property/bahria_town_rawalpindi_bahria_town_phase_5_main_boulevard_road_c_plot_for_sale-52374569-3045-2.html,63,Rawalpindi,Bahria Town Phase 5,10.0,33.5701202,73.1163357
Bahira Town Phase 4 Very Prime Location Plot For Sale,3.15,"Bahria Town Phase 4, Bahria Town Rawalpindi",https://www.zameen.com/Property/bahria_town_rawalpindi_bahria_town_phase_4_bahira_town_phase_4_very_prime_location_plot_for_sale-52911171-3041-2.html,63,Rawalpindi,Bahria Town Phase 4,10.0,33.5701202,73.1163357
Croner Kanal Cheapest Rate Plot For Sale,4.5,"Bahria Town Phase 2, Bahria Town Rawalpindi",https://www.zameen.com/Property/bahria_town_rawalpindi_bahria_town_phase_2_croner_kanal_cheapest_rate_plot_for_sale-53717019-3035-2.html,63,Rawalpindi,Bahria Town Phase 2,20.0,33.5701202,73.1163357
Front Back Open Plot For Sale,2.25,"Bahria Town Phase 8 - Block E, Bahria Town Phase 8",https://www.zameen.com/Property/bahria_town_phase_8_bahria_town_phase_8_-_block_e_front_back_open_plot_for_sale-53780858-3053-2.html,63,Rawalpindi,Bahria Town Phase 8 - Block E,20.0,33.4862,73.0874
Luxury Living Spot Kanal Plot Phase 4 | Utilities Paid | Ready to Build Plot For Sale,6.0,"Bahria Town Phase 4, Bahria Town Rawalpindi",https://www.zameen.com/Property/bahria_town_rawalpindi_bahria_town_phase_4_luxury_living_spot_kanal_plot_phase_4_utilities_paid_ready_to_build_plot_for_sale-53900787-3041-2.html,63,Rawalpindi,Bahria Town Phase 4,20.0,33.5701202,73.1163357
Very Prime Location Croner Plot For Sale,5.9,"Bahria Town Phase 3, Bahria Town Rawalpindi",https://www.zameen.com/Property/bahria_town_rawalpindi_bahria_town_phase_3_very_prime_location_croner_plot_for_sale-54178233-3036-2.html,63,Rawalpindi,Bahria Town Phase 3,20.0,33.5701202,73.1163357
10 Marla Prime Location Rose Block Plot For Sale,1.1,"Taj Residencia - Rose Block, Taj Residencia",https://www.zameen.com/Property/taj_residencia_taj_residencia_-_rose_block_10_marla_prime_location_rose_block_plot_for_sale-52174564-18999-2.html,63,Rawalpindi,Taj Residencia - Rose Block,10.0,33.5855,72.9348
8 Marla Prime Location Gardenia Block Plot For Sale,1.25,"Taj Residencia - Gardenia Block, Taj Residencia",https://www.zameen.com/Property/taj_residencia_taj_residencia_-_gardenia_block_8_marla_prime_location_gardenia_block_plot_for_sale-52634597-18992-2.html,63,Rawalpindi,Taj Residencia - Gardenia Block,8.0,33.5855,72.9348
10 Marla Prime Location Gardenia Block Plot For Sale,1.45,"Taj Residencia - Gardenia Block, Taj Residencia",https://www.zameen.com/Property/taj_residencia_taj_residencia_-_gardenia_block_10_marla_prime_location_gardenia_block_plot_for_sale-52447047-18992-2.html,63,Rawalpindi,Taj Residencia - Gardenia Block,10.0,33.5855,72.9348
10 Marla Prime Location Plot For Sale,1.35,"Taj Residencia - Tulip Block, Taj Residencia",https://www.zameen.com/Property/taj_residencia_taj_residencia_-_tulip_block_10_marla_prime_location_plot_for_sale-52446882-19000-2.html,63,Rawalpindi,Taj Residencia - Tulip Block,10.0,33.5855,72.9348
5 Marla Prime Location Plot For Sale,0.85,"Taj Residencia - Gardenia Block, Taj Residencia",https://www.zameen.com/Property/taj_residencia_taj_residencia_-_gardenia_block_5_marla_prime_location_plot_for_sale-52235061-18992-2.html,63,Rawalpindi,Taj Residencia - Gardenia Block,5.0,33.5855,72.9348
30x60 Lilly Block Plot Sale,1.3,"Taj Residencia - Lily Block, Taj Residencia",https://www.zameen.com/Property/taj_residencia_taj_residencia_-_lily_block_30x60_lilly_block_plot_sale-52174809-18996-2.html,63,Rawalpindi,Taj Residencia - Lily Block,8.0,33.5855,72.9348
5 Marla Prime Location Gardenia Block Plot For Sale,0.85,"Taj Residencia - Gardenia Block, Taj Residencia",https://www.zameen.com/Property/taj_residencia_taj_residencia_-_gardenia_block_5_marla_prime_location_gardenia_block_plot_for_sale-52174800-18992-2.html,63,Rawalpindi,Taj Residencia - Gardenia Block,5.0,33.5855,72.9348
36N 10 Marla Tulip Sector Plot For Sale,1.4,"Taj Residencia - Tulip Block, Taj Residencia",https://www.zameen.com/Property/taj_residencia_taj_residencia_-_tulip_block_36n_10_marla_tulip_sector_plot_for_sale-52174769-19000-2.html,63,Rawalpindi,Taj Residencia - Tulip Block,10.0,33.5855,72.9348
5 Marla Lilly Block Prime Location Plot For Sale,0.85,"Taj Residencia - Lily Block, Taj Residencia",https://www.zameen.com/Property/taj_residencia_taj_residencia_-_lily_block_5_marla_lilly_block_prime_location_plot_for_sale-52174725-18996-2.html,63,Rawalpindi,Taj Residencia - Lily Block,5.0,33.5855,72.9348
5 Marla Prime Location Plot For Sale,0.7,"Taj Residencia - Daffodils Block, Taj Residencia",https://www.zameen.com/Property/taj_residencia_taj_residencia_-_daffodils_block_5_marla_prime_location_plot_for_sale-53604887-18990-2.html,64,Rawalpindi,Taj Residencia - Daffodils Block,5.0,33.5855,72.9348
30 Series 8 Marla Plot For Sale,0.9,"Taj Residencia - Daffodils Block, Taj Residencia",https://www.zameen.com/Property/taj_residencia_taj_residencia_-_daffodils_block_30_series_8_marla_plot_for_sale-53908773-18990-2.html,64,Rawalpindi,Taj Residencia - Daffodils Block,8.0,33.5855,72.9348
5 Marla Possession Plot ForSale,0.9,"Taj Residencia - Lily Block, Taj Residencia",https://www.zameen.com/Property/taj_residencia_taj_residencia_-_lily_block_5_marla_possession_plot_forsale-53908849-18996-2.html,64,Rawalpindi,Taj Residencia - Lily Block,5.0,33.5855,72.9348
14 Marla Prime Location Plot For Sale,2.15,"Taj Residencia - Tulip Block, Taj Residencia",https://www.zameen.com/Property/taj_residencia_taj_residencia_-_tulip_block_14_marla_prime_location_plot_for_sale-53908871-19000-2.html,64,Rawalpindi,Taj Residencia - Tulip Block,14.0,33.5855,72.9348
1 Kanal Prime Location Plot For Sale,2.7,"Taj Residencia - Tulip Block, Taj Residencia",https://www.zameen.com/Property/taj_residencia_taj_residencia_-_tulip_block_1_kanal_prime_location_plot_for_sale-53908946-19000-2.html,64,Rawalpindi,Taj Residencia - Tulip Block,20.0,33.5855,72.9348
5 Marla Possession Plot For Sale,0.9,"Taj Residencia - Gardenia Block, Taj Residencia",https://www.zameen.com/Property/taj_residencia_taj_residencia_-_gardenia_block_5_marla_possession_plot_for_sale-53909027-18992-2.html,64,Rawalpindi,Taj Residencia - Gardenia Block,5.0,33.5855,72.9348
"10 MARLA PRIME LOCATION PLOT FOR SALE Sector E. BAHRIA TOWN PHASE 8, RAWALPINDI",1.5,"Bahria Town Phase 8 - Block E, Bahria Town Phase 8",https://www.zameen.com/Property/bahria_town_phase_8_bahria_town_phase_8_-_block_e_10_marla_prime_location_plot_for_sale_sector_e_bahria_town_phase_8_rawalpindi-54675829-3053-2.html,64,Rawalpindi,Bahria Town Phase 8 - Block E,10.0,33.4862,73.0874
Reserve A Centrally Located Residential Plot Of 12 Marla In Bahria Town Phase 8,0.85,"Bahria Town Phase 8, Bahria Town Rawalpindi",https://www.zameen.com/Property/bahria_town_rawalpindi_bahria_town_phase_8_reserve_a_centrally_located_residential_plot_of_12_marla_in_bahria_town_phase_8-54532578-3048-2.html,64,Rawalpindi,Bahria Town Phase 8,12.0,33.5012685,73.0872635
Reserve A Residential Plot Now In Bahria Town Phase 8 - Umer Block,0.78,"Bahria Town Phase 8 - Umer Block, Bahria Town Phase 8 - Safari Valley",https://www.zameen.com/Property/bahria_town_phase_8_safari_valley_bahria_town_phase_8_-_umer_block_reserve_a_residential_plot_now_in_bahria_town_phase_8_-_umer_block-54286644-3067-2.html,64,Rawalpindi,Bahria Town Phase 8 - Umer Block,7.0,33.4862,73.0874
Bahria Town Phase 8 Sect E 4 Sold Land Builder Location Plot Urgent For Se All Dues Clear Extra Amount Map Pu Security Charges Paid Just Buy And Build Your Luxury House Direct Deal With Owner,0.63,"Bahria Town Phase 8 - Sector E-4, Bahria Town Phase 8",https://www.zameen.com/Property/bahria_town_phase_8_bahria_town_phase_8_-_sector_e-4_bahria_town_phase_8_sect_e_4_sold_land_builder_location_plot_urgent_for_se_all_dues_clear_extra_amount_map_pu_security_charges_paid_just_buy_and_build_your_luxury_house_direct_deal_with_owner-54583895-16268-2.html,64,Rawalpindi,Bahria Town Phase 8 - Sector E-4,5.0,33.4855018,73.0971219
"Property Alert: Prime Investment & Residential Plot In Bahria Town Phase 8! Looking To Build Your Dream Home Or Make A High-Return Investment? This Exceptional Plot In Rafi Block Offers The Perfect Blend Of Luxury, Convenience, And Elevated Views.",1.1,"Bahria Town Phase 8 - Rafi Block, Bahria Town Phase 8",https://www.zameen.com/Property/bahria_town_phase_8_bahria_town_phase_8_-_rafi_block_property_alert_prime_investment_residential_plot_in_bahria_town_phase_8_looking_to_build_your_dream_home_or_make_a_high-return_investment_this_exceptional_plot_in_rafi_block_offers_the_perfect_blend_of_luxury_convenience_and_elevated_views-54671123-3071-2.html,64,Rawalpindi,Bahria Town Phase 8 - Rafi Block,8.0,33.4862,73.0874
Industrial Estate Rawat Plot For Sale,2.75,"RCCI, Rawalpindi",https://www.zameen.com/Property/rawalpindi_rcci_industrial_estate_rawat_plot_for_sale-47957106-1435-2.html,64,Rawalpindi,RCCI,40.0,33.5184144,73.2387894
2 Kanal Industrial Plot For Sale,2.7,"Rawat Industrial Estate, Rawalpindi",https://www.zameen.com/Property/rawalpindi_rawat_industrial_estate_2_kanal_industrial_plot_for_sale-48207337-9051-2.html,64,Rawalpindi,Rawat Industrial Estate,40.0,33.5184144,73.2387894
Rawat Industrial Estate 2 Kanal Plot For Sale,2.75,"Rawat Industrial Estate, Rawalpindi",https://www.zameen.com/Property/rawalpindi_rawat_industrial_estate_rawat_industrial_estate_2_kanal_plot_for_sale-50768742-9051-2.html,64,Rawalpindi,Rawat Industrial Estate,40.0,33.5184144,73.2387894
Plot For Sale On Road S 2,2.8,"RCCI, Rawalpindi",https://www.zameen.com/Property/rawalpindi_rcci_plot_for_sale_on_road_s_2-51456426-1435-2.html,64,Rawalpindi,RCCI,40.0,33.5184144,73.2387894
5 Marla Plot Available For Sale In Walayat Homes Near Scheme 3,0.85,"Chaklala Scheme 3, Chaklala Scheme",https://www.zameen.com/Property/chaklala_scheme_chaklala_scheme_3_5_marla_plot_available_for_sale_in_walayat_homes_near_scheme_3-54783682-1312-2.html,64,Rawalpindi,Chaklala Scheme 3,5.0,33.5695006,73.0667911
Rawat Industrial Estate 2 Kanal Plot For Sale 60 Fit Wide Road On Road S 2,2.7,"Rawat Industrial Estate, Rawalpindi",https://www.zameen.com/Property/rawalpindi_rawat_industrial_estate_rawat_industrial_estate_2_kanal_plot_for_sale_60_fit_wide_road_on_road_s_2-52189538-9051-2.html,64,Rawalpindi,Rawat Industrial Estate,40.0,33.5184144,73.2387894
10 MARLA PLOT NEAR MASJID AND PARK FOR SALE,0.88,"Bahria Town Phase 8 - Block L, Bahria Town Phase 8",https://www.zameen.com/Property/bahria_town_phase_8_bahria_town_phase_8_-_block_l_10_marla_plot_near_masjid_and_park_for_sale-54048143-3061-2.html,65,Rawalpindi,Bahria Town Phase 8 - Block L,10.0,33.4862,73.0874
PRIME LOCATION SOLID LAND PLOT FOR SALE,1.35,"Bahria Town Phase 8 - Block B, Bahria Town Phase 8",https://www.zameen.com/Property/bahria_town_phase_8_bahria_town_phase_8_-_block_b_prime_location_solid_land_plot_for_sale-53615489-3050-2.html,65,Rawalpindi,Bahria Town Phase 8 - Block B,10.0,33.4848621,73.096708
20 MARLA BEST LOCATION PLOT LEVEL LAND FOR SALE,1.9,"Bahria Town Phase 8 - Block B, Bahria Town Phase 8",https://www.zameen.com/Property/bahria_town_phase_8_bahria_town_phase_8_-_block_b_20_marla_best_location_plot_level_land_for_sale-53638428-3050-2.html,65,Rawalpindi,Bahria Town Phase 8 - Block B,20.0,33.4848621,73.096708
20 MARLA BEST LOCATION PLOT LEVEL LAND FOR SALE,1.65,"Bahria Town Phase 8 - Club City, Bahria Town Phase 8",https://www.zameen.com/Property/bahria_town_phase_8_bahria_town_phase_8_-_club_city_20_marla_best_location_plot_level_land_for_sale-54789486-12591-2.html,65,Rawalpindi,Bahria Town Phase 8 - Club City,20.0,33.4862,73.0874
NEAR MAIN ROAD LEVEL PLOT FOR SALE,1.6,"Bahria Town Phase 8 - Club City, Bahria Town Phase 8",https://www.zameen.com/Property/bahria_town_phase_8_bahria_town_phase_8_-_club_city_near_main_road_level_plot_for_sale-53580086-12591-2.html,65,Rawalpindi,Bahria Town Phase 8 - Club City,20.0,33.4862,73.0874
Corner 5 Marla Residential Plot In Range Road Is Available,2.25,"Range Road, Rawalpindi",https://www.zameen.com/Property/rawalpindi_range_road_corner_5_marla_residential_plot_in_range_road_is_available-54437335-8129-2.html,65,Rawalpindi,Range Road,5.0,33.5752013,73.0561168
Plot Near Mosque And Park TAJ RESIDENCIA,2.1,"Taj Residencia - Tulip Block, Taj Residencia",https://www.zameen.com/Property/taj_residencia_taj_residencia_-_tulip_block_plot_near_mosque_and_park_taj_residencia-54451076-19000-2.html,65,Rawalpindi,Taj Residencia - Tulip Block,14.2,33.5855,72.9348
Plot Near Mosque and Park TAJ RESIDENCIA,2.1,"Taj Residencia - Tulip Block, Taj Residencia",https://www.zameen.com/Property/taj_residencia_taj_residencia_-_tulip_block_plot_near_mosque_and_park_taj_residencia-54451077-19000-2.html,65,Rawalpindi,Taj Residencia - Tulip Block,14.2,33.5855,72.9348
Level Good Location Plot Available For Sale,0.69,"Taj Residencia - Daffodils Block, Taj Residencia",https://www.zameen.com/Property/taj_residencia_taj_residencia_-_daffodils_block_level_good_location_plot_available_for_sale-54666800-18990-2.html,65,Rawalpindi,Taj Residencia - Daffodils Block,5.0,33.5855,72.9348
Plot For Sale,1.07,"Bahria Town Phase 8 - Umer Block, Bahria Town Phase 8 - Safari Valley",https://www.zameen.com/Property/bahria_town_phase_8_safari_valley_bahria_town_phase_8_-_umer_block_plot_for_sale-54775431-3067-2.html,65,Rawalpindi,Bahria Town Phase 8 - Umer Block,7.0,33.4862,73.0874
Adiala Road Near Punjab Society Abdullah Street PLOT FOR SALE,0.45,"Adiala Road, Rawalpindi",https://www.zameen.com/Property/rawalpindi_adiala_road_adiala_road_near_punjab_society_abdullah_street_plot_for_sale-53796047-478-2.html,65,Rawalpindi,Adiala Road,5.9,33.5778124,73.0650131
Available For Sale Plot I Block,0.69,"Bahria Town Phase 8, Bahria Town Rawalpindi",https://www.zameen.com/Property/bahria_town_rawalpindi_bahria_town_phase_8_available_for_sale_plot_i_block-54789128-3048-2.html,65,Rawalpindi,Bahria Town Phase 8,5.0,33.5012685,73.0872635
Available For Sale Plot,0.98,"Bahria Town Phase 8 - Block L, Bahria Town Phase 8",https://www.zameen.com/Property/bahria_town_phase_8_bahria_town_phase_8_-_block_l_available_for_sale_plot-54789126-3061-2.html,65,Rawalpindi,Bahria Town Phase 8 - Block L,10.0,33.4862,73.0874
Get In Touch Now To Buy A 9 Marla Demolishable House In Satellite Town,5.75,"Satellite Town, Rawalpindi",https://www.zameen.com/Property/rawalpindi_satellite_town_get_in_touch_now_to_buy_a_9_marla_demolishable_house_in_satellite_town-54287045-433-2.html,65,Rawalpindi,Satellite Town,9.0,33.63757,73.0733589
5 Marla All Dues Clear Plot File For Sale,0.27,"Saffron City, GT Road",https://www.zameen.com/Property/gt_road_saffron_city_5_marla_all_dues_clear_plot_file_for_sale-54739161-21050-2.html,66,Rawalpindi,Saffron City,5.0,33.6520202,73.076983
5 Marla Semi Developed Saffron City Block A ADC For Sale,0.38,"Saffron City, GT Road",https://www.zameen.com/Property/gt_road_saffron_city_5_marla_semi_developed_saffron_city_block_a_adc_for_sale-54732075-21050-2.html,66,Rawalpindi,Saffron City,5.0,33.6520202,73.076983
5 Marla Corner Plot For Sale In Saffron City Block A All Dues Clear,0.35,"Saffron City, GT Road",https://www.zameen.com/Property/gt_road_saffron_city_5_marla_corner_plot_for_sale_in_saffron_city_block_a_all_dues_clear-54730611-21050-2.html,66,Rawalpindi,Saffron City,5.0,33.6520202,73.076983
5 Marla Plot In Saffron City Block B ADC,0.27,"Saffron City, GT Road",https://www.zameen.com/Property/gt_road_saffron_city_5_marla_plot_in_saffron_city_block_b_adc-54674520-21050-2.html,66,Rawalpindi,Saffron City,5.0,33.6520202,73.076983
Saffron City Block B 5 Marla All Dues Clear Plot For Sale,0.27,"Saffron City, GT Road",https://www.zameen.com/Property/gt_road_saffron_city_saffron_city_block_b_5_marla_all_dues_clear_plot_for_sale-54670146-21050-2.html,66,Rawalpindi,Saffron City,5.0,33.6520202,73.076983
Saffron City A Block 10 Marla Corner All Dues Clear,0.68,"Saffron City, GT Road",https://www.zameen.com/Property/gt_road_saffron_city_saffron_city_a_block_10_marla_corner_all_dues_clear-54670066-21050-2.html,66,Rawalpindi,Saffron City,10.0,33.6520202,73.076983
5 Marla Plot In Rafi Block Phase8 Bahria Town Rawalipindi,0.55,"Bahria Town Phase 8 - Rafi Block, Bahria Town Phase 8",https://www.zameen.com/Property/bahria_town_phase_8_bahria_town_phase_8_-_rafi_block_5_marla_plot_in_rafi_block_phase8_bahria_town_rawalipindi-54788935-3071-2.html,66,Rawalpindi,Bahria Town Phase 8 - Rafi Block,5.0,33.4862,73.0874
Buy Your Ideal 10 Marla Residential Plot In A Prime Location Of Rawalpindi,2.5,"Bahria Town Phase 4, Bahria Town Rawalpindi",https://www.zameen.com/Property/bahria_town_rawalpindi_bahria_town_phase_4_buy_your_ideal_10_marla_residential_plot_in_a_prime_location_of_rawalpindi-52191342-3041-2.html,66,Rawalpindi,Bahria Town Phase 4,10.0,33.5701202,73.1163357
Blvd 120 Ft Rood 10m Plot For Sale,1.4,"Bahria Town Phase 8 - Block D, Bahria Town Phase 8",https://www.zameen.com/Property/bahria_town_phase_8_bahria_town_phase_8_-_block_d_blvd_120_ft_rood_10m_plot_for_sale-54128638-3052-2.html,66,Rawalpindi,Bahria Town Phase 8 - Block D,10.0,33.4862,73.0874
Blvd All Pad 8m Plot For Sale,1.4,"Bahria Town Phase 8 - Rafi Block, Bahria Town Phase 8",https://www.zameen.com/Property/bahria_town_phase_8_bahria_town_phase_8_-_rafi_block_blvd_all_pad_8m_plot_for_sale-54507860-3071-2.html,66,Rawalpindi,Bahria Town Phase 8 - Rafi Block,8.0,33.4862,73.0874
10 Marla Park Facing Residential Plot For Sale In Punjab Society,0.95,"Punjab Government Servant Housing Foundation (PGSHF), Rawalpindi",https://www.zameen.com/Property/rawalpindi_punjab_government_servant_housing_foundation_pgshf_10_marla_park_facing_residential_plot_for_sale_in_punjab_society-54657618-10424-2.html,66,Rawalpindi,Punjab Government Servant Housing Foundation (PGSHF),10.0,33.4542,72.9515
7 Marla Plot For Sale,0.85,"Punjab Government Servant Housing Foundation (PGSHF), Rawalpindi",https://www.zameen.com/Property/rawalpindi_punjab_government_servant_housing_foundation_pgshf_7_marla_plot_for_sale-54707952-10424-2.html,66,Rawalpindi,Punjab Government Servant Housing Foundation (PGSHF),7.0,33.4542,72.9515
Get In Touch Now To Buy A 5 Marla Residential Plot In Rawalpindi,0.85,"Airport Housing Society - Sector 4, Airport Housing Society",https://www.zameen.com/Property/airport_housing_society_airport_housing_society_-_sector_4_get_in_touch_now_to_buy_a_5_marla_residential_plot_in_rawalpindi-52122852-9155-2.html,66,Rawalpindi,Airport Housing Society - Sector 4,5.0,33.5941022,73.1307386
10 Marla Prime Location Plot For Sale,1.9,"Bahria Town Phase 7, Bahria Town Rawalpindi",https://www.zameen.com/Property/bahria_town_rawalpindi_bahria_town_phase_7_10_marla_prime_location_plot_for_sale-54418529-3047-2.html,66,Rawalpindi,Bahria Town Phase 7,10.0,33.5701202,73.1163357
5 Marla Posession Able Plot For Sale,0.9,"Taj Residencia - Lily Block, Taj Residencia",https://www.zameen.com/Property/taj_residencia_taj_residencia_-_lily_block_5_marla_posession_able_plot_for_sale-52705795-18996-2.html,66,Rawalpindi,Taj Residencia - Lily Block,5.0,33.5855,72.9348
10 Marla Possession Plot For Sale,1.05,"Taj Residencia, Rawalpindi",https://www.zameen.com/Property/rawalpindi_taj_residencia_10_marla_possession_plot_for_sale-52768584-11491-2.html,66,Rawalpindi,Taj Residencia,10.0,33.589782,72.9679336
10 Marla Possessionable Plot For Sale,1.45,"Taj Residencia - Orchard Block, Taj Residencia",https://www.zameen.com/Property/taj_residencia_taj_residencia_-_orchard_block_10_marla_possessionable_plot_for_sale-54301125-18998-2.html,66,Rawalpindi,Taj Residencia - Orchard Block,10.0,33.5855,72.9348
Plot For Sale Sector Orchard,1.35,"Taj Residencia, Rawalpindi",https://www.zameen.com/Property/rawalpindi_taj_residencia_plot_for_sale_sector_orchard-52732987-11491-2.html,66,Rawalpindi,Taj Residencia,10.0,33.589782,72.9679336
Residential Plot In Taj Residencia Sized 5 Marla Is Available,0.92,"Taj Residencia, Rawalpindi",https://www.zameen.com/Property/rawalpindi_taj_residencia_residential_plot_in_taj_residencia_sized_5_marla_is_available-52732933-11491-2.html,66,Rawalpindi,Taj Residencia,5.0,33.589782,72.9679336
5 MARLA PLOTS REGISTRY INTQAL,0.2,"Chakri Road, Rawalpindi",https://www.zameen.com/Property/rawalpindi_chakri_road_5_marla_plots_registry_intqal-54613150-467-2.html,66,Rawalpindi,Chakri Road,5.0,33.5591325,73.0149542
5 Marla plot for sale in Gulshanabad 25*50 size Redy for construction,0.3,"Gulshan Abad, Rawalpindi",https://www.zameen.com/Property/rawalpindi_gulshan_abad_5_marla_plot_for_sale_in_gulshanabad_25_50_size_redy_for_construction-54722310-1058-2.html,66,Rawalpindi,Gulshan Abad,5.0,33.6603777,73.0830223
7 Marla Residential Plot For Sale In Bahria Town Phase 8 - Usman Block,0.73,"Bahria Town Phase 8 - Usman Block, Bahria Town Phase 8 - Safari Valley",https://www.zameen.com/Property/bahria_town_phase_8_safari_valley_bahria_town_phase_8_-_usman_block_7_marla_residential_plot_for_sale_in_bahria_town_phase_8_-_usman_block-53444572-3068-2.html,67,Rawalpindi,Bahria Town Phase 8 - Usman Block,7.0,33.4848621,73.096708
Bahria Town Phase 8 - Umer Block Residential Plot Sized 7 Marla For sale,0.95,"Bahria Town Phase 8 - Umer Block, Bahria Town Phase 8 - Safari Valley",https://www.zameen.com/Property/bahria_town_phase_8_safari_valley_bahria_town_phase_8_-_umer_block_bahria_town_phase_8_-_umer_block_residential_plot_sized_7_marla_for_sale-54752811-3067-2.html,67,Rawalpindi,Bahria Town Phase 8 - Umer Block,7.0,33.4862,73.0874
Bahria Town Phase 8 - Club City Residential Plot Sized 1 Kanal Is Available,1.65,"Bahria Town Phase 8 - Club City, Bahria Town Phase 8",https://www.zameen.com/Property/bahria_town_phase_8_bahria_town_phase_8_-_club_city_bahria_town_phase_8_-_club_city_residential_plot_sized_1_kanal_is_available-54752810-12591-2.html,67,Rawalpindi,Bahria Town Phase 8 - Club City,20.0,33.4862,73.0874
D Road Boulevard Kanal Level Plot Possession Utility Charges Paid,3.8,"Bahria Town Phase 3, Bahria Town Rawalpindi",https://www.zameen.com/Property/bahria_town_rawalpindi_bahria_town_phase_3_d_road_boulevard_kanal_level_plot_possession_utility_charges_paid-45568330-3036-2.html,67,Rawalpindi,Bahria Town Phase 3,20.0,33.5701202,73.1163357
Phase 4 One Kanal Corner Level Plot Prime Location Passion Utility Charges Paid,4.5,"Bahria Town Phase 4, Bahria Town Rawalpindi",https://www.zameen.com/Property/bahria_town_rawalpindi_bahria_town_phase_4_phase_4_one_kanal_corner_level_plot_prime_location_passion_utility_charges_paid-45568216-3041-2.html,67,Rawalpindi,Bahria Town Phase 4,20.0,33.5701202,73.1163357
Supreme Location Vip Kanal Level Plot All Dues Clear,5.75,"Bahria Town Phase 2, Bahria Town Rawalpindi",https://www.zameen.com/Property/bahria_town_rawalpindi_bahria_town_phase_2_supreme_location_vip_kanal_level_plot_all_dues_clear-45572244-3035-2.html,67,Rawalpindi,Bahria Town Phase 2,20.0,33.5701202,73.1163357
Kanal Boulevard Prime Location Level Plot Passion Utility And Map Charges Paid,6.0,"Bahria Town Phase 2, Bahria Town Rawalpindi",https://www.zameen.com/Property/bahria_town_rawalpindi_bahria_town_phase_2_kanal_boulevard_prime_location_level_plot_passion_utility_and_map_charges_paid-45655061-3035-2.html,67,Rawalpindi,Bahria Town Phase 2,20.0,33.5701202,73.1163357
Phase 5 Prime Location 35x70 Size Plot Passion Utility Charges Paid,3.0,"Bahria Town Phase 5, Bahria Town Rawalpindi",https://www.zameen.com/Property/bahria_town_rawalpindi_bahria_town_phase_5_phase_5_prime_location_35x70_size_plot_passion_utility_charges_paid-46162911-3045-2.html,67,Rawalpindi,Bahria Town Phase 5,10.9,33.5701202,73.1163357
10 Marla Level Plot For Sale,1.8,"Bahria Town Phase 6, Bahria Town Rawalpindi",https://www.zameen.com/Property/bahria_town_rawalpindi_bahria_town_phase_6_10_marla_level_plot_for_sale-46162944-3046-2.html,67,Rawalpindi,Bahria Town Phase 6,10.0,33.5701202,73.1163357
Kanal Boulevard Prime Location Plot,4.55,"Bahria Town Phase 4, Bahria Town Rawalpindi",https://www.zameen.com/Property/bahria_town_rawalpindi_bahria_town_phase_4_kanal_boulevard_prime_location_plot-46542196-3041-2.html,67,Rawalpindi,Bahria Town Phase 4,20.0,33.5701202,73.1163357
Bahria Town Phase 4 Hot Location B Road Boulevard Corner Kanal Size Prime Location,6.0,"Bahria Town Phase 4, Bahria Town Rawalpindi",https://www.zameen.com/Property/bahria_town_rawalpindi_bahria_town_phase_4_bahria_town_phase_4_hot_location_b_road_boulevard_corner_kanal_size_prime_location-47139121-3041-2.html,67,Rawalpindi,Bahria Town Phase 4,20.0,33.5701202,73.1163357
1 Kanal Level Plot In Hight Location,3.85,"Bahria Town Phase 3, Bahria Town Rawalpindi",https://www.zameen.com/Property/bahria_town_rawalpindi_bahria_town_phase_3_1_kanal_level_plot_in_hight_location-47139683-3036-2.html,67,Rawalpindi,Bahria Town Phase 3,20.0,33.5701202,73.1163357
Prime Location Boulevard Corner With Extra Land Paid,5.0,"Bahria Town Phase 6, Bahria Town Rawalpindi",https://www.zameen.com/Property/bahria_town_rawalpindi_bahria_town_phase_6_prime_location_boulevard_corner_with_extra_land_paid-47163546-3046-2.html,67,Rawalpindi,Bahria Town Phase 6,20.0,33.5701202,73.1163357
Kanal Corner With 4 Marla Extra Land Paid In Prime Location Bahria Town Phase 2,6.5,"Bahria Town Phase 2, Bahria Town Rawalpindi",https://www.zameen.com/Property/bahria_town_rawalpindi_bahria_town_phase_2_kanal_corner_with_4_marla_extra_land_paid_in_prime_location_bahria_town_phase_2-47203210-3035-2.html,67,Rawalpindi,Bahria Town Phase 2,24.0,33.5701202,73.1163357
Boulevard Kanal Level Plot All Dues Clear On Prime Location,5.85,"Bahria Town Phase 2, Bahria Town Rawalpindi",https://www.zameen.com/Property/bahria_town_rawalpindi_bahria_town_phase_2_boulevard_kanal_level_plot_all_dues_clear_on_prime_location-47374376-3035-2.html,67,Rawalpindi,Bahria Town Phase 2,20.0,33.5701202,73.1163357
Kanal Extra Land All Dues Clear Solid Land,4.5,"Bahria Town Phase 3, Bahria Town Rawalpindi",https://www.zameen.com/Property/bahria_town_rawalpindi_bahria_town_phase_3_kanal_extra_land_all_dues_clear_solid_land-47399404-3036-2.html,67,Rawalpindi,Bahria Town Phase 3,20.0,33.5701202,73.1163357
1 Kanal Park Face Supreme Location Possession Utility Paid Plot Is Available,4.5,"Bahria Town Phase 3, Bahria Town Rawalpindi",https://www.zameen.com/Property/bahria_town_rawalpindi_bahria_town_phase_3_1_kanal_park_face_supreme_location_possession_utility_paid_plot_is_available-47503749-3036-2.html,67,Rawalpindi,Bahria Town Phase 3,20.0,33.5701202,73.1163357
B Road Boulevard Kanal Prime Location Plot For Sale,5.0,"Bahria Town Phase 5, Bahria Town Rawalpindi",https://www.zameen.com/Property/bahria_town_rawalpindi_bahria_town_phase_5_b_road_boulevard_kanal_prime_location_plot_for_sale-47841173-3045-2.html,67,Rawalpindi,Bahria Town Phase 5,20.0,33.5701202,73.1163357
Kanal Solid Land Prime Location Lowest Price,3.85,"Bahria Town Phase 3, Bahria Town Rawalpindi",https://www.zameen.com/Property/bahria_town_rawalpindi_bahria_town_phase_3_kanal_solid_land_prime_location_lowest_price-48484011-3036-2.html,67,Rawalpindi,Bahria Town Phase 3,20.0,33.5701202,73.1163357
KANAL BOULEVARD SUN FACE SUPREME LOCATION PLOT,4.5,"Bahria Town Phase 3, Bahria Town Rawalpindi",https://www.zameen.com/Property/bahria_town_rawalpindi_bahria_town_phase_3_kanal_boulevard_sun_face_supreme_location_plot-48902094-3036-2.html,67,Rawalpindi,Bahria Town Phase 3,20.0,33.5701202,73.1163357
Residential Plot Spread Over 10 Marla In Bahria Town Phase 5 Available,3.0,"Bahria Town Phase 5, Bahria Town Rawalpindi",https://www.zameen.com/Property/bahria_town_rawalpindi_bahria_town_phase_5_residential_plot_spread_over_10_marla_in_bahria_town_phase_5_available-48940729-3045-2.html,67,Rawalpindi,Bahria Town Phase 5,10.0,33.5701202,73.1163357
PRIME LOCATION 12 MARLA LEVEL PLOT,3.5,"Bahria Town Phase 6, Bahria Town Rawalpindi",https://www.zameen.com/Property/bahria_town_rawalpindi_bahria_town_phase_6_prime_location_12_marla_level_plot-48957409-3046-2.html,67,Rawalpindi,Bahria Town Phase 6,12.0,33.5701202,73.1163357
10 MARLA CORNER WITH 3.5 Marla Extra Land Paid,3.5,"Bahria Town Phase 6, Bahria Town Rawalpindi",https://www.zameen.com/Property/bahria_town_rawalpindi_bahria_town_phase_6_10_marla_corner_with_3_5_marla_extra_land_paid-48990275-3046-2.html,67,Rawalpindi,Bahria Town Phase 6,13.5,33.5701202,73.1163357
35x70 Size Plot At Prime Location For Sale,2.75,"Bahria Town Phase 5, Bahria Town Rawalpindi",https://www.zameen.com/Property/bahria_town_rawalpindi_bahria_town_phase_5_35x70_size_plot_at_prime_location_for_sale-47836747-3045-2.html,68,Rawalpindi,Bahria Town Phase 5,12.0,33.5701202,73.1163357
Plot All Dues Clear Ready For Construction,3.5,"Bahria Town Phase 6, Bahria Town Rawalpindi",https://www.zameen.com/Property/bahria_town_rawalpindi_bahria_town_phase_6_plot_all_dues_clear_ready_for_construction-48990608-3046-2.html,68,Rawalpindi,Bahria Town Phase 6,17.0,33.5701202,73.1163357
10 Marla Supreme Location,2.9,"Bahria Town Phase 4, Bahria Town Rawalpindi",https://www.zameen.com/Property/bahria_town_rawalpindi_bahria_town_phase_4_10_marla_supreme_location-48990697-3041-2.html,68,Rawalpindi,Bahria Town Phase 4,10.0,33.5701202,73.1163357
PARK FACE PLOT IS FOR SALE,3.5,"Bahria Town Phase 2, Bahria Town Rawalpindi",https://www.zameen.com/Property/bahria_town_rawalpindi_bahria_town_phase_2_park_face_plot_is_for_sale-49497792-3035-2.html,68,Rawalpindi,Bahria Town Phase 2,10.0,33.5701202,73.1163357
35/70 Size Corner Plot + Park Face,3.5,"Bahria Town Phase 2, Bahria Town Rawalpindi",https://www.zameen.com/Property/bahria_town_rawalpindi_bahria_town_phase_2_35_70_size_corner_plot_park_face-48997416-3035-2.html,68,Rawalpindi,Bahria Town Phase 2,10.0,33.5701202,73.1163357
11 MARLA SIZE 35/70 Plot Is Available,2.75,"Bahria Town Phase 5, Bahria Town Rawalpindi",https://www.zameen.com/Property/bahria_town_rawalpindi_bahria_town_phase_5_11_marla_size_35_70_plot_is_available-49289846-3045-2.html,68,Rawalpindi,Bahria Town Phase 5,11.0,33.5701202,73.1163357
20 MARLA BOULEVARD CORNER PLOT,6.0,"Bahria Town Phase 4, Bahria Town Rawalpindi",https://www.zameen.com/Property/bahria_town_rawalpindi_bahria_town_phase_4_20_marla_boulevard_corner_plot-49645401-3041-2.html,68,Rawalpindi,Bahria Town Phase 4,20.0,33.5701202,73.1163357
26 MARLA CORNER EXTRA LAND PAID PLOT FOR SALE,6.0,"Bahria Town Phase 5, Bahria Town Rawalpindi",https://www.zameen.com/Property/bahria_town_rawalpindi_bahria_town_phase_5_26_marla_corner_extra_land_paid_plot_for_sale-49661126-3045-2.html,68,Rawalpindi,Bahria Town Phase 5,26.0,33.5701202,73.1163357
B ROAD BOULEVARD SUPREME LOCATION PLOT,4.5,"Bahria Town Phase 4, Bahria Town Rawalpindi",https://www.zameen.com/Property/bahria_town_rawalpindi_bahria_town_phase_4_b_road_boulevard_supreme_location_plot-50825149-3041-2.html,68,Rawalpindi,Bahria Town Phase 4,20.0,33.5701202,73.1163357
11 MARLA PLOT PASSION UTILITY MAP AND 1 MARLA EXTRA LAND PAID,2.75,"Bahria Town Phase 5, Bahria Town Rawalpindi",https://www.zameen.com/Property/bahria_town_rawalpindi_bahria_town_phase_5_11_marla_plot_passion_utility_map_and_1_marla_extra_land_paid-50825195-3045-2.html,68,Rawalpindi,Bahria Town Phase 5,11.0,33.5701202,73.1163357
10 Marla Possession Utility Paid Plot,2.0,"Bahria Town Phase 3, Bahria Town Rawalpindi",https://www.zameen.com/Property/bahria_town_rawalpindi_bahria_town_phase_3_10_marla_possession_utility_paid_plot-50955348-3036-2.html,68,Rawalpindi,Bahria Town Phase 3,10.0,33.5701202,73.1163357
Residential Plot Sized 1 Kanal Is Available For Sale In Bahria Town Phase 5,4.0,"Bahria Town Phase 5, Bahria Town Rawalpindi",https://www.zameen.com/Property/bahria_town_rawalpindi_bahria_town_phase_5_residential_plot_sized_1_kanal_is_available_for_sale_in_bahria_town_phase_5-51445379-3045-2.html,68,Rawalpindi,Bahria Town Phase 5,20.0,33.5701202,73.1163357
10 MARLA BOULEVARD CORNER,3.25,"Bahria Town Phase 4, Bahria Town Rawalpindi",https://www.zameen.com/Property/bahria_town_rawalpindi_bahria_town_phase_4_10_marla_boulevard_corner-51445480-3041-2.html,68,Rawalpindi,Bahria Town Phase 4,10.0,33.5701202,73.1163357
PHASE 2 PRIME LOCATION KANAL CORNER PLOT,6.5,"Bahria Town Phase 2, Bahria Town Rawalpindi",https://www.zameen.com/Property/bahria_town_rawalpindi_bahria_town_phase_2_phase_2_prime_location_kanal_corner_plot-51860223-3035-2.html,68,Rawalpindi,Bahria Town Phase 2,20.0,33.5701202,73.1163357
1 Kanal Level Plot 50+90 Size,4.0,"Bahria Town Phase 5, Bahria Town Rawalpindi",https://www.zameen.com/Property/bahria_town_rawalpindi_bahria_town_phase_5_1_kanal_level_plot_50_90_size-52037822-3045-2.html,68,Rawalpindi,Bahria Town Phase 5,20.0,33.5701202,73.1163357
KANAL CORNER WITH 5 MARLA EXTRA LAND PAID 25 MARLA PLOT,5.5,"Bahria Town Phase 6, Bahria Town Rawalpindi",https://www.zameen.com/Property/bahria_town_rawalpindi_bahria_town_phase_6_kanal_corner_with_5_marla_extra_land_paid_25_marla_plot-52054398-3046-2.html,68,Rawalpindi,Bahria Town Phase 6,24.0,33.5701202,73.1163357
10 Marla Plot Front Open Possession Utility Charges Paid,2.25,"Bahria Town Phase 3, Bahria Town Rawalpindi",https://www.zameen.com/Property/bahria_town_rawalpindi_bahria_town_phase_3_10_marla_plot_front_open_possession_utility_charges_paid-52097236-3036-2.html,68,Rawalpindi,Bahria Town Phase 3,10.0,33.5701202,73.1163357
Kanal Level Plot All Dues Clear,4.0,"Bahria Town Phase 3, Bahria Town Rawalpindi",https://www.zameen.com/Property/bahria_town_rawalpindi_bahria_town_phase_3_kanal_level_plot_all_dues_clear-52097259-3036-2.html,68,Rawalpindi,Bahria Town Phase 3,20.0,33.5701202,73.1163357
Kanal Level Plot,6.0,"Bahria Town Phase 2, Bahria Town Rawalpindi",https://www.zameen.com/Property/bahria_town_rawalpindi_bahria_town_phase_2_kanal_level_plot-51860319-3035-2.html,68,Rawalpindi,Bahria Town Phase 2,20.0,33.5701202,73.1163357
Kanal Corner Extra Land Paid 26 Marla Plot For Sale,4.5,"Bahria Town Phase 1, Bahria Town Rawalpindi",https://www.zameen.com/Property/bahria_town_rawalpindi_bahria_town_phase_1_kanal_corner_extra_land_paid_26_marla_plot_for_sale-52136534-3033-2.html,68,Rawalpindi,Bahria Town Phase 1,26.0,33.5701202,73.1163357
15 Marla Corner Prime Location Plot,3.35,"Bahria Town Phase 3, Bahria Town Rawalpindi",https://www.zameen.com/Property/bahria_town_rawalpindi_bahria_town_phase_3_15_marla_corner_prime_location_plot-52192449-3036-2.html,68,Rawalpindi,Bahria Town Phase 3,15.0,33.5701202,73.1163357
10 MARLA CORNER WITH 5 MARLA EXTRA LAND PAID,3.35,"Bahria Town Phase 3, Bahria Town Rawalpindi",https://www.zameen.com/Property/bahria_town_rawalpindi_bahria_town_phase_3_10_marla_corner_with_5_marla_extra_land_paid-52192469-3036-2.html,68,Rawalpindi,Bahria Town Phase 3,10.0,33.5701202,73.1163357
Supreme Location 1 KANAL Level Plot,4.15,"Bahria Town Phase 3, Bahria Town Rawalpindi",https://www.zameen.com/Property/bahria_town_rawalpindi_bahria_town_phase_3_supreme_location_1_kanal_level_plot-52192636-3036-2.html,68,Rawalpindi,Bahria Town Phase 3,20.0,33.5701202,73.1163357
17 MARLA PLOT 47 FEET FRONT,3.5,"Bahria Town Phase 6, Bahria Town Rawalpindi",https://www.zameen.com/Property/bahria_town_rawalpindi_bahria_town_phase_6_17_marla_plot_47_feet_front-52580416-3046-2.html,68,Rawalpindi,Bahria Town Phase 6,17.0,33.5701202,73.1163357
10 MARLA H ROAD BOULEVARD PRIME LOCATION,3.15,"Bahria Town Phase 3, Bahria Town Rawalpindi",https://www.zameen.com/Property/bahria_town_rawalpindi_bahria_town_phase_3_10_marla_h_road_boulevard_prime_location-52717807-3036-2.html,68,Rawalpindi,Bahria Town Phase 3,10.0,33.5701202,73.1163357
1 Kanal Corner Prime Location PLOT FOR Sale,4.0,"Bahria Town Phase 1, Bahria Town Rawalpindi",https://www.zameen.com/Property/bahria_town_rawalpindi_bahria_town_phase_1_1_kanal_corner_prime_location_plot_for_sale-52722082-3033-2.html,69,Rawalpindi,Bahria Town Phase 1,20.0,33.5701202,73.1163357
1 Kanal Level Plot Is For Sale,3.5,"Bahria Town Phase 1, Bahria Town Rawalpindi",https://www.zameen.com/Property/bahria_town_rawalpindi_bahria_town_phase_1_1_kanal_level_plot_is_for_sale-52722262-3033-2.html,69,Rawalpindi,Bahria Town Phase 1,20.0,33.5701202,73.1163357
10 MARLA LEVEL FRONT OPEN PLOT,1.8,"Bahria Town Phase 3, Bahria Town Rawalpindi",https://www.zameen.com/Property/bahria_town_rawalpindi_bahria_town_phase_3_10_marla_level_front_open_plot-52823469-3036-2.html,69,Rawalpindi,Bahria Town Phase 3,10.0,33.5701202,73.1163357
10 MARLA CORNER WITH 8 MARLA EXTRA LAND PAID PRIME LOCATION,4.15,"Bahria Town Phase 3, Bahria Town Rawalpindi",https://www.zameen.com/Property/bahria_town_rawalpindi_bahria_town_phase_3_10_marla_corner_with_8_marla_extra_land_paid_prime_location-52823500-3036-2.html,69,Rawalpindi,Bahria Town Phase 3,18.0,33.5701202,73.1163357
BOULEVARD KANAL CORNER WITH 8 MARLA EXTRA LAND PAID,6.5,"Bahria Town Phase 3, Bahria Town Rawalpindi",https://www.zameen.com/Property/bahria_town_rawalpindi_bahria_town_phase_3_boulevard_kanal_corner_with_8_marla_extra_land_paid-52823585-3036-2.html,69,Rawalpindi,Bahria Town Phase 3,28.0,33.5701202,73.1163357
10 Marla Level Plot Passion Utility Charges Paid,3.15,"Bahria Town Phase 4, Bahria Town Rawalpindi",https://www.zameen.com/Property/bahria_town_rawalpindi_bahria_town_phase_4_10_marla_level_plot_passion_utility_charges_paid-52845963-3041-2.html,69,Rawalpindi,Bahria Town Phase 4,10.0,33.5701202,73.1163357
Kanal Boulevard Level Plot Prime Location,6.5,"Bahria Town Phase 2, Bahria Town Rawalpindi",https://www.zameen.com/Property/bahria_town_rawalpindi_bahria_town_phase_2_kanal_boulevard_level_plot_prime_location-53064384-3035-2.html,69,Rawalpindi,Bahria Town Phase 2,20.0,33.5701202,73.1163357
Boulevard Sunset Avenue,4.0,"Bahria Town Phase 1, Bahria Town Rawalpindi",https://www.zameen.com/Property/bahria_town_rawalpindi_bahria_town_phase_1_boulevard_sunset_avenue-53064504-3033-2.html,69,Rawalpindi,Bahria Town Phase 1,20.0,33.5701202,73.1163357
35/70 SIZE LEVEL PLOT,2.2,"Bahria Town Phase 5, Bahria Town Rawalpindi",https://www.zameen.com/Property/bahria_town_rawalpindi_bahria_town_phase_5_35_70_size_level_plot-53081696-3045-2.html,69,Rawalpindi,Bahria Town Phase 5,10.0,33.5701202,73.1163357
Boulevard Corner,5.45,"Bahria Town Phase 2, Bahria Town Rawalpindi",https://www.zameen.com/Property/bahria_town_rawalpindi_bahria_town_phase_2_boulevard_corner-53194501-3035-2.html,69,Rawalpindi,Bahria Town Phase 2,20.0,33.5701202,73.1163357
PHASE 1 EXTENSION KANAL EXTRA LAND,5.3,"Bahria Town Phase 1, Bahria Town Rawalpindi",https://www.zameen.com/Property/bahria_town_rawalpindi_bahria_town_phase_1_phase_1_extension_kanal_extra_land-53215886-3033-2.html,69,Rawalpindi,Bahria Town Phase 1,24.0,33.5701202,73.1163357
10 MARLA PLOT FOR SALE UP COUNTRY ENCLOSURE| BLOCK F,0.7,"UpCountry Enclosures Society - Block F, UpCountry Enclosures Housing Society",https://www.zameen.com/Property/upcountry_enclosures_housing_society_upcountry_enclosures_society_-_block_f_10_marla_plot_for_sale_up_country_enclosure_block_f-54786740-16295-2.html,69,Rawalpindi,UpCountry Enclosures Society - Block F,10.0,33.5412,72.8845
1 Kanal With 9 Marla Extra Land Paid Dead End Plot,5.9,"Bahria Town Phase 6, Bahria Town Rawalpindi",https://www.zameen.com/Property/bahria_town_rawalpindi_bahria_town_phase_6_1_kanal_with_9_marla_extra_land_paid_dead_end_plot-53267441-3046-2.html,69,Rawalpindi,Bahria Town Phase 6,30.0,33.5701202,73.1163357
5 Marla plot for sale in Saffron city,0.4,"Saffron City, GT Road",https://www.zameen.com/Property/gt_road_saffron_city_5_marla_plot_for_sale_in_saffron_city-54403413-21050-2.html,69,Rawalpindi,Saffron City,5.0,33.6520202,73.076983
10 MARLA LEVEL PLOT PRIME LOCATION,3.0,"Bahria Town Phase 4, Bahria Town Rawalpindi",https://www.zameen.com/Property/bahria_town_rawalpindi_bahria_town_phase_4_10_marla_level_plot_prime_location-53407190-3041-2.html,69,Rawalpindi,Bahria Town Phase 4,10.0,33.5701202,73.1163357
1 Kanal Plot For Sale In Saffron City,1.55,"Saffron City, GT Road",https://www.zameen.com/Property/gt_road_saffron_city_1_kanal_plot_for_sale_in_saffron_city-54486508-21050-2.html,69,Rawalpindi,Saffron City,20.0,33.6520202,73.076983
10.4 Marla Plot Extra Land Paid,2.4,"Bahria Town Phase 5, Bahria Town Rawalpindi",https://www.zameen.com/Property/bahria_town_rawalpindi_bahria_town_phase_5_10_4_marla_plot_extra_land_paid-54472144-3045-2.html,69,Rawalpindi,Bahria Town Phase 5,10.0,33.5701202,73.1163357
Plot For Sale,1.75,"Bahria Greens - Overseas Enclave - Sector 6, Bahria Greens - Overseas Enclave",https://www.zameen.com/Property/bahria_greens_overseas_enclave_bahria_greens_-_overseas_enclave_-_sector_6_plot_for_sale-54775313-8305-2.html,69,Rawalpindi,Bahria Greens - Overseas Enclave - Sector 6,10.0,33.4735,73.091
DOWN TOWN 10 MARLA BALLOTED PLOT FILE FRESH BOOKING AVAILABLE AT PRE LAUNCH RATE IN BLUE WORLD CITY,0.06,"Blue World City, Chakri Road",https://www.zameen.com/Property/chakri_road_blue_world_city_down_town_10_marla_balloted_plot_file_fresh_booking_available_at_pre_launch_rate_in_blue_world_city-53656007-11768-2.html,69,Rawalpindi,Blue World City,10.0,33.3674961,72.8668694
Best Options For Corner Residential Plot Is Available For Sale In Bahria Town Phase 8 - Block H,1.45,"Bahria Town Phase 8 - Block H, Bahria Town Phase 8",https://www.zameen.com/Property/bahria_town_phase_8_bahria_town_phase_8_-_block_h_best_options_for_corner_residential_plot_is_available_for_sale_in_bahria_town_phase_8_-_block_h-54566607-3056-2.html,69,Rawalpindi,Bahria Town Phase 8 - Block H,12.0,33.4862,73.0874
Stunning And Affordable Residential Plot Available For Sale In Bahria Town Phase 7,2.25,"Bahria Town Phase 7, Bahria Town Rawalpindi",https://www.zameen.com/Property/bahria_town_rawalpindi_bahria_town_phase_7_stunning_and_affordable_residential_plot_available_for_sale_in_bahria_town_phase_7-54566606-3047-2.html,69,Rawalpindi,Bahria Town Phase 7,14.0,33.5701202,73.1163357
5 Marla level plot for sale in Airport housing society,0.85,"Airport Housing Society - Sector 4, Airport Housing Society",https://www.zameen.com/Property/airport_housing_society_airport_housing_society_-_sector_4_5_marla_level_plot_for_sale_in_airport_housing_society-54613463-9155-2.html,69,Rawalpindi,Airport Housing Society - Sector 4,5.0,33.5941022,73.1307386
Corner Residential Plot For sale In Airport Housing Society - Sector 4 Rawalpindi,1.6,"Airport Housing Society - Sector 4, Airport Housing Society",https://www.zameen.com/Property/airport_housing_society_airport_housing_society_-_sector_4_corner_residential_plot_for_sale_in_airport_housing_society_-_sector_4_rawalpindi-54654707-9155-2.html,69,Rawalpindi,Airport Housing Society - Sector 4,9.0,33.5941022,73.1307386
5 Marla Plot Available For SALE Sector L,0.55,"Bahria Town Phase 8 - Block L, Bahria Town Phase 8",https://www.zameen.com/Property/bahria_town_phase_8_bahria_town_phase_8_-_block_l_5_marla_plot_available_for_sale_sector_l-54786203-3061-2.html,70,Rawalpindi,Bahria Town Phase 8 - Block L,5.0,33.4862,73.0874
5 Marla Plot for Sale in Lilly Block Taj Residencia Prime Location Plot No 120 Series Best Investment Opportunity Price 92lakh,0.92,"Taj Residencia, Rawalpindi",https://www.zameen.com/Property/rawalpindi_taj_residencia_5_marla_plot_for_sale_in_lilly_block_taj_residencia_prime_location_plot_no_120_series_best_investment_opportunity_price_92lakh-54428858-11491-2.html,70,Rawalpindi,Taj Residencia,5.0,33.589782,72.9679336
Prime Plot For Sale In Taj Residencia | Gardenia Block |Best Investment Opportunity| Limited Time Deal | Secure Your Future| Price: 85 Lakh,0.85,"Taj Residencia, Rawalpindi",https://www.zameen.com/Property/rawalpindi_taj_residencia_prime_plot_for_sale_in_taj_residencia_gardenia_block_best_investment_opportunity_limited_time_deal_secure_your_future_price_85_lakh-54428656-11491-2.html,70,Rawalpindi,Taj Residencia,5.0,33.589782,72.9679336
Premium 8 Marla Residential Plot for Sale in Gardenia Block Taj Residencia Prime Location Best Investment Opportunity price 125 lakh,1.25,"Taj Residencia, Rawalpindi",https://www.zameen.com/Property/rawalpindi_taj_residencia_premium_8_marla_residential_plot_for_sale_in_gardenia_block_taj_residencia_prime_location_best_investment_opportunity_price_125_lakh-54428921-11491-2.html,70,Rawalpindi,Taj Residencia,8.0,33.589782,72.9679336
"14 Marla (40*80) Corner with extra land Prime Location Plot For Sale In Tulip Block, Taj Residencia Ideal Location Best Investment Opportunity Demand Only PKR 2.35 Crore",2.35,"Taj Residencia, Rawalpindi",https://www.zameen.com/Property/rawalpindi_taj_residencia_14_marla_40_80_corner_with_extra_land_prime_location_plot_for_sale_in_tulip_block_taj_residencia_ideal_location_best_investment_opportunity_demand_only_pkr_2_35_crore-54438378-11491-2.html,70,Rawalpindi,Taj Residencia,14.0,33.589782,72.9679336
"5 Marla Gardenia Block 139 Square Yard 1250 Square Feet, Possession Plot Available For Sale In Gardenia Block Taj Residencia, One Of The Most Important Location Of The Islamabad FNF Rate 85 Lakh",0.85,"Taj Residencia, Rawalpindi",https://www.zameen.com/Property/rawalpindi_taj_residencia_5_marla_gardenia_block_139_square_yard_1250_square_feet_possession_plot_available_for_sale_in_gardenia_block_taj_residencia_one_of_the_most_important_location_of_the_islamabad_fnf_rate_85_lakh-54536234-11491-2.html,70,Rawalpindi,Taj Residencia,5.0,33.589782,72.9679336
"1 Kanal Prime Plot For Sale In Orchid Block, Taj Residencia Possession Ready | Ideal For Luxury Living & Investment",2.2,"Taj Residencia - Orchard Block, Taj Residencia",https://www.zameen.com/Property/taj_residencia_taj_residencia_-_orchard_block_1_kanal_prime_plot_for_sale_in_orchid_block_taj_residencia_possession_ready_ideal_for_luxury_living_investment-54786077-18998-2.html,70,Rawalpindi,Taj Residencia - Orchard Block,20.0,33.5855,72.9348
"Heightened, Back And Side Open Plot On Street 13",1.8,"Bahria Hamlet, Bahria Town Phase 8",https://www.zameen.com/Property/bahria_town_phase_8_bahria_hamlet_heightened_back_and_side_open_plot_on_street_13-53238232-10354-2.html,70,Rawalpindi,Bahria Hamlet,26.0,33.4891,73.1232
Saffron City Islamabad 5 Marla Plot For Sale,0.27,"Saffron City, GT Road",https://www.zameen.com/Property/gt_road_saffron_city_saffron_city_islamabad_5_marla_plot_for_sale-54785887-21050-2.html,70,Rawalpindi,Saffron City,5.6,33.6520202,73.076983
Own A Residential Plot In 4500 Square Feet UpCountry Enclosures Housing Society Block F,1.4,"UpCountry Enclosures Housing Society, Rawalpindi",https://www.zameen.com/Property/rawalpindi_upcountry_enclosures_housing_society_own_a_residential_plot_in_4500_square_feet_upcountry_enclosures_housing_society_block_f-54785653-11752-2.html,70,Rawalpindi,UpCountry Enclosures Housing Society,20.0,33.5412,72.8845
Looking For A Residential Plot In UpCountry Enclosures Housing Society UpCountry Enclosures Housing Society,0.45,"UpCountry Enclosures Housing Society, Rawalpindi",https://www.zameen.com/Property/rawalpindi_upcountry_enclosures_housing_society_looking_for_a_residential_plot_in_upcountry_enclosures_housing_society_upcountry_enclosures_housing_society-54785651-11752-2.html,70,Rawalpindi,UpCountry Enclosures Housing Society,8.0,33.5412,72.8845
Centrally Located Residential Plot In UpCountry Enclosures Housing Society Is Available For Sale,0.35,"UpCountry Enclosures Housing Society, Rawalpindi",https://www.zameen.com/Property/rawalpindi_upcountry_enclosures_housing_society_centrally_located_residential_plot_in_upcountry_enclosures_housing_society_is_available_for_sale-54785646-11752-2.html,70,Rawalpindi,UpCountry Enclosures Housing Society,5.6,33.5412,72.8845
A 1250 Square Feet Residential Plot Is Up For Grabs In UpCountry Enclosures Housing Society,0.35,"UpCountry Enclosures Housing Society, Rawalpindi",https://www.zameen.com/Property/rawalpindi_upcountry_enclosures_housing_society_a_1250_square_feet_residential_plot_is_up_for_grabs_in_upcountry_enclosures_housing_society-54785665-11752-2.html,70,Rawalpindi,UpCountry Enclosures Housing Society,5.6,33.5412,72.8845
Ideal Residential Plot For sale In UpCountry Enclosures Housing Society,1.0,"UpCountry Enclosures Housing Society, Rawalpindi",https://www.zameen.com/Property/rawalpindi_upcountry_enclosures_housing_society_ideal_residential_plot_for_sale_in_upcountry_enclosures_housing_society-54785663-11752-2.html,70,Rawalpindi,UpCountry Enclosures Housing Society,20.0,33.5412,72.8845
A 2450 Square Feet Residential Plot In UpCountry Enclosures Housing Society Is On The Market For Sale,0.75,"UpCountry Enclosures Housing Society, Rawalpindi",https://www.zameen.com/Property/rawalpindi_upcountry_enclosures_housing_society_a_2450_square_feet_residential_plot_in_upcountry_enclosures_housing_society_is_on_the_market_for_sale-54785661-11752-2.html,70,Rawalpindi,UpCountry Enclosures Housing Society,10.9,33.5412,72.8845
UpCountry Enclosures Housing Society Residential Plot Sized 4500 Square Feet,0.95,"UpCountry Enclosures Housing Society, Rawalpindi",https://www.zameen.com/Property/rawalpindi_upcountry_enclosures_housing_society_upcountry_enclosures_housing_society_residential_plot_sized_4500_square_feet-54785662-11752-2.html,70,Rawalpindi,UpCountry Enclosures Housing Society,20.0,33.5412,72.8845
Centrally Located Residential Plot Available In UpCountry Enclosures Housing Society For Sale,0.4,"UpCountry Enclosures Housing Society, Rawalpindi",https://www.zameen.com/Property/rawalpindi_upcountry_enclosures_housing_society_centrally_located_residential_plot_available_in_upcountry_enclosures_housing_society_for_sale-54785664-11752-2.html,70,Rawalpindi,UpCountry Enclosures Housing Society,5.0,33.5412,72.8845
Residential Plot For Sale Situated In UpCountry Enclosures Housing Society Block F,1.0,"UpCountry Enclosures Housing Society, Rawalpindi",https://www.zameen.com/Property/rawalpindi_upcountry_enclosures_housing_society_residential_plot_for_sale_situated_in_upcountry_enclosures_housing_society_block_f-54785654-11752-2.html,70,Rawalpindi,UpCountry Enclosures Housing Society,20.0,33.5412,72.8845
You Can Find A Gorgeous Residential Plot For sale In UpCountry Enclosures Housing Society,0.55,"UpCountry Enclosures Housing Society, Rawalpindi",https://www.zameen.com/Property/rawalpindi_upcountry_enclosures_housing_society_you_can_find_a_gorgeous_residential_plot_for_sale_in_upcountry_enclosures_housing_society-54785659-11752-2.html,70,Rawalpindi,UpCountry Enclosures Housing Society,7.0,33.5412,72.8845
Looking For A Residential Plot In UpCountry Enclosures Housing Society Block F,0.32,"UpCountry Enclosures Housing Society, Rawalpindi",https://www.zameen.com/Property/rawalpindi_upcountry_enclosures_housing_society_looking_for_a_residential_plot_in_upcountry_enclosures_housing_society_block_f-54785645-11752-2.html,70,Rawalpindi,UpCountry Enclosures Housing Society,5.6,33.5412,72.8845
A 4500 Square Feet Residential Plot Is Up For Grabs In UpCountry Enclosures Housing Society,0.9,"UpCountry Enclosures Housing Society, Rawalpindi",https://www.zameen.com/Property/rawalpindi_upcountry_enclosures_housing_society_a_4500_square_feet_residential_plot_is_up_for_grabs_in_upcountry_enclosures_housing_society-54785656-11752-2.html,70,Rawalpindi,UpCountry Enclosures Housing Society,20.0,33.5412,72.8845
1800 Square Feet Residential Plot For sale In UpCountry Enclosures Housing Society UpCountry Enclosures Housing Society,0.6,"UpCountry Enclosures Housing Society, Rawalpindi",https://www.zameen.com/Property/rawalpindi_upcountry_enclosures_housing_society_1800_square_feet_residential_plot_for_sale_in_upcountry_enclosures_housing_society_upcountry_enclosures_housing_society-54785648-11752-2.html,71,Rawalpindi,UpCountry Enclosures Housing Society,8.0,33.5412,72.8845
A Residential Plot At Affordable Price Awaits You,0.6,"UpCountry Enclosures Housing Society, Rawalpindi",https://www.zameen.com/Property/rawalpindi_upcountry_enclosures_housing_society_a_residential_plot_at_affordable_price_awaits_you-54785652-11752-2.html,71,Rawalpindi,UpCountry Enclosures Housing Society,10.9,33.5412,72.8845
1800 Square Feet Residential Plot In UpCountry Enclosures Housing Society For sale,0.52,"UpCountry Enclosures Housing Society, Rawalpindi",https://www.zameen.com/Property/rawalpindi_upcountry_enclosures_housing_society_1800_square_feet_residential_plot_in_upcountry_enclosures_housing_society_for_sale-54785650-11752-2.html,71,Rawalpindi,UpCountry Enclosures Housing Society,8.0,33.5412,72.8845
1250 Square Feet Residential Plot Ideally Situated In UpCountry Enclosures Housing Society,0.3,"UpCountry Enclosures Housing Society, Rawalpindi",https://www.zameen.com/Property/rawalpindi_upcountry_enclosures_housing_society_1250_square_feet_residential_plot_ideally_situated_in_upcountry_enclosures_housing_society-54785647-11752-2.html,71,Rawalpindi,UpCountry Enclosures Housing Society,5.6,33.5412,72.8845
Bahria Town Rawalpindi Sector A 10 Marla Plot For Sale,0.88,"Bahria Town Phase 8 - Block A, Bahria Town Phase 8",https://www.zameen.com/Property/bahria_town_phase_8_bahria_town_phase_8_-_block_a_bahria_town_rawalpindi_sector_a_10_marla_plot_for_sale-52256815-3049-2.html,71,Rawalpindi,Bahria Town Phase 8 - Block A,10.0,33.4862,73.0874
Looking For A Prime Location Residential Plot In Punjab Government Servant Housing Foundation (PGSHF),0.75,"Punjab Government Servant Housing Foundation (PGSHF), Rawalpindi",https://www.zameen.com/Property/rawalpindi_punjab_government_servant_housing_foundation_pgshf_looking_for_a_prime_location_residential_plot_in_punjab_government_servant_housing_foundation_pgshf-54785075-10424-2.html,71,Rawalpindi,Punjab Government Servant Housing Foundation (PGSHF),5.0,33.4542,72.9515
To sale You Can Find Spacious Prime Location Residential Plot In Punjab Government Servant Housing Foundation (PGSHF),0.8,"Punjab Government Servant Housing Foundation (PGSHF), Rawalpindi",https://www.zameen.com/Property/rawalpindi_punjab_government_servant_housing_foundation_pgshf_to_sale_you_can_find_spacious_prime_location_residential_plot_in_punjab_government_servant_housing_foundation_pgshf-54785076-10424-2.html,71,Rawalpindi,Punjab Government Servant Housing Foundation (PGSHF),5.0,33.4542,72.9515
Ideal Prime Location Residential Plot Is Available For sale In Punjab Government Servant Housing Foundation (PGSHF),0.7,"Punjab Government Servant Housing Foundation (PGSHF), Rawalpindi",https://www.zameen.com/Property/rawalpindi_punjab_government_servant_housing_foundation_pgshf_ideal_prime_location_residential_plot_is_available_for_sale_in_punjab_government_servant_housing_foundation_pgshf-54785074-10424-2.html,71,Rawalpindi,Punjab Government Servant Housing Foundation (PGSHF),5.0,33.4542,72.9515
Own A Prime Location Residential Plot In 7 Marla Punjab Government Servant Housing Foundation (PGSHF),0.75,"Punjab Government Servant Housing Foundation (PGSHF), Rawalpindi",https://www.zameen.com/Property/rawalpindi_punjab_government_servant_housing_foundation_pgshf_own_a_prime_location_residential_plot_in_7_marla_punjab_government_servant_housing_foundation_pgshf-54785073-10424-2.html,71,Rawalpindi,Punjab Government Servant Housing Foundation (PGSHF),7.0,33.4542,72.9515
Prime Location Punjab Government Servant Housing Foundation (PGSHF) Residential Plot Sized 5 Marla For sale,0.85,"Punjab Government Servant Housing Foundation (PGSHF), Rawalpindi",https://www.zameen.com/Property/rawalpindi_punjab_government_servant_housing_foundation_pgshf_prime_location_punjab_government_servant_housing_foundation_pgshf_residential_plot_sized_5_marla_for_sale-54785072-10424-2.html,71,Rawalpindi,Punjab Government Servant Housing Foundation (PGSHF),5.0,33.4542,72.9515
Become Owner Of Your Prime Location Residential Plot Today Which Is Centrally Located In Punjab Government Servant Housing Foundation (PGSHF) In Punjab Government Servant Housing Foundation (PGSHF),0.8,"Punjab Government Servant Housing Foundation (PGSHF), Rawalpindi",https://www.zameen.com/Property/rawalpindi_punjab_government_servant_housing_foundation_pgshf_become_owner_of_your_prime_location_residential_plot_today_which_is_centrally_located_in_punjab_government_servant_housing_foundation_pgshf_in_punjab_government_servant_housing_foundation_pgshf-54785070-10424-2.html,71,Rawalpindi,Punjab Government Servant Housing Foundation (PGSHF),10.0,33.4542,72.9515
Prime Location 7 Marla Residential Plot For Sale Is Available In Punjab Government Servant Housing Foundation (PGSHF),0.85,"Punjab Government Servant Housing Foundation (PGSHF), Rawalpindi",https://www.zameen.com/Property/rawalpindi_punjab_government_servant_housing_foundation_pgshf_prime_location_7_marla_residential_plot_for_sale_is_available_in_punjab_government_servant_housing_foundation_pgshf-54785071-10424-2.html,71,Rawalpindi,Punjab Government Servant Housing Foundation (PGSHF),7.0,33.4542,72.9515
Prime Location sale A Residential Plot In Punjab Government Servant Housing Foundation (PGSHF) Prime Location,0.95,"Punjab Government Servant Housing Foundation (PGSHF), Rawalpindi",https://www.zameen.com/Property/rawalpindi_punjab_government_servant_housing_foundation_pgshf_prime_location_sale_a_residential_plot_in_punjab_government_servant_housing_foundation_pgshf_prime_location-54785069-10424-2.html,71,Rawalpindi,Punjab Government Servant Housing Foundation (PGSHF),7.0,33.4542,72.9515
Best Options For Prime Location Residential Plot Is Available For Sale In Punjab Government Servant Housing Foundation (PGSHF),0.9,"Punjab Government Servant Housing Foundation (PGSHF), Rawalpindi",https://www.zameen.com/Property/rawalpindi_punjab_government_servant_housing_foundation_pgshf_best_options_for_prime_location_residential_plot_is_available_for_sale_in_punjab_government_servant_housing_foundation_pgshf-54785067-10424-2.html,71,Rawalpindi,Punjab Government Servant Housing Foundation (PGSHF),7.0,33.4542,72.9515
Get In Touch Now To Buy A Prime Location Residential Plot In Punjab Government Servant Housing Foundation (PGSHF) Punjab Government Servant Housing Foundation (PGSHF),0.9,"Punjab Government Servant Housing Foundation (PGSHF), Rawalpindi",https://www.zameen.com/Property/rawalpindi_punjab_government_servant_housing_foundation_pgshf_get_in_touch_now_to_buy_a_prime_location_residential_plot_in_punjab_government_servant_housing_foundation_pgshf_punjab_government_servant_housing_foundation_pgshf-54785066-10424-2.html,71,Rawalpindi,Punjab Government Servant Housing Foundation (PGSHF),10.0,33.4542,72.9515
Prime Location Punjab Government Servant Housing Foundation (PGSHF) 1 Kanal Residential Plot Up For Sale,1.3,"Punjab Government Servant Housing Foundation (PGSHF), Rawalpindi",https://www.zameen.com/Property/rawalpindi_punjab_government_servant_housing_foundation_pgshf_prime_location_punjab_government_servant_housing_foundation_pgshf_1_kanal_residential_plot_up_for_sale-54785064-10424-2.html,71,Rawalpindi,Punjab Government Servant Housing Foundation (PGSHF),20.0,33.4542,72.9515
Reserve A Prime Location Residential Plot Now In Punjab Government Servant Housing Foundation (PGSHF),0.85,"Punjab Government Servant Housing Foundation (PGSHF), Rawalpindi",https://www.zameen.com/Property/rawalpindi_punjab_government_servant_housing_foundation_pgshf_reserve_a_prime_location_residential_plot_now_in_punjab_government_servant_housing_foundation_pgshf-54785065-10424-2.html,71,Rawalpindi,Punjab Government Servant Housing Foundation (PGSHF),10.0,33.4542,72.9515
Prime Location 10 Marla Residential Plot In Punjab Government Servant Housing Foundation (PGSHF) Of Punjab Government Servant Housing Foundation (PGSHF) Is Available For sale,1.0,"Punjab Government Servant Housing Foundation (PGSHF), Rawalpindi",https://www.zameen.com/Property/rawalpindi_punjab_government_servant_housing_foundation_pgshf_prime_location_10_marla_residential_plot_in_punjab_government_servant_housing_foundation_pgshf_of_punjab_government_servant_housing_foundation_pgshf_is_available_for_sale-54785063-10424-2.html,71,Rawalpindi,Punjab Government Servant Housing Foundation (PGSHF),10.0,33.4542,72.9515
A Great Choice For A Prime Location 1 Kanal Residential Plot Available In Punjab Government Servant Housing Foundation (PGSHF),1.65,"Punjab Government Servant Housing Foundation (PGSHF), Rawalpindi",https://www.zameen.com/Property/rawalpindi_punjab_government_servant_housing_foundation_pgshf_a_great_choice_for_a_prime_location_1_kanal_residential_plot_available_in_punjab_government_servant_housing_foundation_pgshf-54785062-10424-2.html,71,Rawalpindi,Punjab Government Servant Housing Foundation (PGSHF),20.0,33.4542,72.9515
Good Prime Location 1 Kanal Residential Plot For Sale In Punjab Government Servant Housing Foundation (PGSHF),1.45,"Punjab Government Servant Housing Foundation (PGSHF), Rawalpindi",https://www.zameen.com/Property/rawalpindi_punjab_government_servant_housing_foundation_pgshf_good_prime_location_1_kanal_residential_plot_for_sale_in_punjab_government_servant_housing_foundation_pgshf-54785061-10424-2.html,71,Rawalpindi,Punjab Government Servant Housing Foundation (PGSHF),20.0,33.4542,72.9515
Centrally Located Prime Location Residential Plot In Punjab Government Servant Housing Foundation (PGSHF) Is Available For Sale,1.7,"Punjab Government Servant Housing Foundation (PGSHF), Rawalpindi",https://www.zameen.com/Property/rawalpindi_punjab_government_servant_housing_foundation_pgshf_centrally_located_prime_location_residential_plot_in_punjab_government_servant_housing_foundation_pgshf_is_available_for_sale-54785060-10424-2.html,71,Rawalpindi,Punjab Government Servant Housing Foundation (PGSHF),20.0,33.4542,72.9515
Capital Smart City 10 Marla Plot For Sale,0.68,"Capital Smart City, Rawalpindi",https://www.zameen.com/Property/rawalpindi_capital_smart_city_capital_smart_city_10_marla_plot_for_sale-54784882-11891-2.html,71,Rawalpindi,Capital Smart City,10.0,33.4407844,72.8587589
A Stunning Residential Plot Is Up For Grabs In Bahria Town Phase 8 - Block L Rawalpindi,0.25,"Bahria Town Phase 8 - Block L, Bahria Town Phase 8",https://www.zameen.com/Property/bahria_town_phase_8_bahria_town_phase_8_-_block_l_a_stunning_residential_plot_is_up_for_grabs_in_bahria_town_phase_8_-_block_l_rawalpindi-54634849-3061-2.html,72,Rawalpindi,Bahria Town Phase 8 - Block L,5.0,33.4862,73.0874
10 Marla Plot near GT Road Rawalpindi,0.82,"Saffron City, GT Road",https://www.zameen.com/Property/gt_road_saffron_city_10_marla_plot_near_gt_road_rawalpindi-54784601-21050-2.html,72,Rawalpindi,Saffron City,10.0,33.6520202,73.076983
1 Kanal Plot Near Boulevard Opposite Defense Villas,3.2,"Bahria Greens - Overseas Enclave - Sector 1, Bahria Greens - Overseas Enclave",https://www.zameen.com/Property/bahria_greens_overseas_enclave_bahria_greens_-_overseas_enclave_-_sector_1_1_kanal_plot_near_boulevard_opposite_defense_villas-52410205-8300-2.html,72,Rawalpindi,Bahria Greens - Overseas Enclave - Sector 1,20.0,33.4735,73.091
7 Marla Plot Near AQ Khan School,0.85,"Bahria Town Phase 8 - Usman Block, Bahria Town Phase 8 - Safari Valley",https://www.zameen.com/Property/bahria_town_phase_8_safari_valley_bahria_town_phase_8_-_usman_block_7_marla_plot_near_aq_khan_school-52922568-3068-2.html,72,Rawalpindi,Bahria Town Phase 8 - Usman Block,7.0,33.4848621,73.096708
12 Marla Back Open Top Heighted Plot For Sale In Overseas 3,1.75,"Bahria Greens - Overseas Enclave - Sector 3, Bahria Greens - Overseas Enclave",https://www.zameen.com/Property/bahria_greens_overseas_enclave_bahria_greens_-_overseas_enclave_-_sector_3_12_marla_back_open_top_heighted_plot_for_sale_in_overseas_3-52896023-8302-2.html,72,Rawalpindi,Bahria Greens - Overseas Enclave - Sector 3,12.0,33.4735,73.091
10 Marla Solid Plot In Overseas 2 - Bahria Town Phase VIII,1.75,"Bahria Greens - Overseas Enclave - Sector 2, Bahria Greens - Overseas Enclave",https://www.zameen.com/Property/bahria_greens_overseas_enclave_bahria_greens_-_overseas_enclave_-_sector_2_10_marla_solid_plot_in_overseas_2_-_bahria_town_phase_viii-52895981-8301-2.html,72,Rawalpindi,Bahria Greens - Overseas Enclave - Sector 2,10.0,33.4735,73.091
10 Marla Plot For Sale In Overseas 2,1.95,"Bahria Greens - Overseas Enclave - Sector 2, Bahria Greens - Overseas Enclave",https://www.zameen.com/Property/bahria_greens_overseas_enclave_bahria_greens_-_overseas_enclave_-_sector_2_10_marla_plot_for_sale_in_overseas_2-52895969-8301-2.html,72,Rawalpindi,Bahria Greens - Overseas Enclave - Sector 2,10.0,33.4735,73.091
10 Marla Plot For Sale,1.25,"Bahria Town Phase 8 - Block E, Bahria Town Phase 8",https://www.zameen.com/Property/bahria_town_phase_8_bahria_town_phase_8_-_block_e_10_marla_plot_for_sale-52863101-3053-2.html,72,Rawalpindi,Bahria Town Phase 8 - Block E,10.0,33.4862,73.0874
10 Marla With 2 Marla Extra Land Plot For Sale,1.95,"Bahria Greens - Overseas Enclave - Sector 6, Bahria Greens - Overseas Enclave",https://www.zameen.com/Property/bahria_greens_overseas_enclave_bahria_greens_-_overseas_enclave_-_sector_6_10_marla_with_2_marla_extra_land_plot_for_sale-53751409-8305-2.html,72,Rawalpindi,Bahria Greens - Overseas Enclave - Sector 6,10.0,33.4735,73.091
8 Marla Ready Plot For Construction,0.76,"Bahria Town Phase 8 - Block L, Bahria Town Phase 8",https://www.zameen.com/Property/bahria_town_phase_8_bahria_town_phase_8_-_block_l_8_marla_ready_plot_for_construction-53694690-3061-2.html,72,Rawalpindi,Bahria Town Phase 8 - Block L,8.0,33.4862,73.0874
5 Marla Plot near GT Road rawalpindi,0.45,"Saffron City, GT Road",https://www.zameen.com/Property/gt_road_saffron_city_5_marla_plot_near_gt_road_rawalpindi-54784598-21050-2.html,72,Rawalpindi,Saffron City,5.0,33.6520202,73.076983
10 Marla Plot For Sale Back Open Boulevard,0.95,"Bahria Town Phase 8, Bahria Town Rawalpindi",https://www.zameen.com/Property/bahria_town_rawalpindi_bahria_town_phase_8_10_marla_plot_for_sale_back_open_boulevard-54042824-3048-2.html,72,Rawalpindi,Bahria Town Phase 8,10.0,33.5012685,73.0872635
Kanal Plot For Sale In Bahria Town Rawalpindi,4.99,"Bahria Town Phase 4, Bahria Town Rawalpindi",https://www.zameen.com/Property/bahria_town_rawalpindi_bahria_town_phase_4_kanal_plot_for_sale_in_bahria_town_rawalpindi-54783856-3041-2.html,72,Rawalpindi,Bahria Town Phase 4,20.0,33.5701202,73.1163357
Residential Plot Of 5 Marla Is Available For sale In Capital Smart City,0.32,"Capital Smart City, Rawalpindi",https://www.zameen.com/Property/rawalpindi_capital_smart_city_residential_plot_of_5_marla_is_available_for_sale_in_capital_smart_city-51625444-11891-2.html,72,Rawalpindi,Capital Smart City,5.0,33.4407844,72.8587589
1 Kanal Residential Plot In CAPITAL SMART CITY,0.54,"Capital Smart City, Rawalpindi",https://www.zameen.com/Property/rawalpindi_capital_smart_city_1_kanal_residential_plot_in_capital_smart_city-51625425-11891-2.html,72,Rawalpindi,Capital Smart City,20.0,33.4407844,72.8587589
CAPITAL SMART CITY 2 Kanal Plot,1.5,"Capital Smart City, Rawalpindi",https://www.zameen.com/Property/rawalpindi_capital_smart_city_capital_smart_city_2_kanal_plot-51625363-11891-2.html,72,Rawalpindi,Capital Smart City,40.0,33.4407844,72.8587589
CAPITAL SMART CITY 4 Marla Com SECTOR A,1.3,"Capital Smart City, Rawalpindi",https://www.zameen.com/Property/rawalpindi_capital_smart_city_capital_smart_city_4_marla_com_sector_a-51585965-11891-2.html,72,Rawalpindi,Capital Smart City,4.0,33.4407844,72.8587589
10 Marla Ovs East C Block Plot For Sale,0.7,"Capital Smart City, Rawalpindi",https://www.zameen.com/Property/rawalpindi_capital_smart_city_10_marla_ovs_east_c_block_plot_for_sale-52102603-11891-2.html,72,Rawalpindi,Capital Smart City,10.0,33.4407844,72.8587589
7 Marla Executive Block Plot For Sale,0.37,"Capital Smart City, Rawalpindi",https://www.zameen.com/Property/rawalpindi_capital_smart_city_7_marla_executive_block_plot_for_sale-52102587-11891-2.html,72,Rawalpindi,Capital Smart City,7.0,33.4407844,72.8587589
5 Marla Plot On Instalments In Capital Smart City,0.3,"Capital Smart City, Rawalpindi",https://www.zameen.com/Property/rawalpindi_capital_smart_city_5_marla_plot_on_instalments_in_capital_smart_city-52025422-11891-2.html,73,Rawalpindi,Capital Smart City,5.0,33.4407844,72.8587589
Your Ideal 7 Marla Residential Plot Has Just Become Available In Capital Smart City,0.37,"Capital Smart City, Rawalpindi",https://www.zameen.com/Property/rawalpindi_capital_smart_city_your_ideal_7_marla_residential_plot_has_just_become_available_in_capital_smart_city-52000457-11891-2.html,73,Rawalpindi,Capital Smart City,7.0,33.4407844,72.8587589
CAPITAL SMART CITY 5 M Plot For Sale,0.32,"Capital Smart City, Rawalpindi",https://www.zameen.com/Property/rawalpindi_capital_smart_city_capital_smart_city_5_m_plot_for_sale-51836555-11891-2.html,73,Rawalpindi,Capital Smart City,5.0,33.4407844,72.8587589
Capital Smart City 12 Marla Residential Plot Up For Sale,0.39,"Capital Smart City, Rawalpindi",https://www.zameen.com/Property/rawalpindi_capital_smart_city_capital_smart_city_12_marla_residential_plot_up_for_sale-51836539-11891-2.html,73,Rawalpindi,Capital Smart City,12.0,33.4407844,72.8587589
CAPITAL SMART CITY 7 Marla Plot For Sale,0.26,"Capital Smart City, Rawalpindi",https://www.zameen.com/Property/rawalpindi_capital_smart_city_capital_smart_city_7_marla_plot_for_sale-51799999-11891-2.html,73,Rawalpindi,Capital Smart City,7.0,33.4407844,72.8587589
CAPITAL SMART CITY 10 Marla Plot,0.65,"Capital Smart City, Rawalpindi",https://www.zameen.com/Property/rawalpindi_capital_smart_city_capital_smart_city_10_marla_plot-51799985-11891-2.html,73,Rawalpindi,Capital Smart City,10.0,33.4407844,72.8587589
1 KANAL OVS CENTRAL SECTORB Capital Smart City,0.54,"Capital Smart City, Rawalpindi",https://www.zameen.com/Property/rawalpindi_capital_smart_city_1_kanal_ovs_central_sectorb_capital_smart_city-52619421-11891-2.html,73,Rawalpindi,Capital Smart City,20.0,33.4407844,72.8587589
12 MARLA OVERSEAS CENTRAL CAPITAL SMART CITY,0.46,"Capital Smart City, Rawalpindi",https://www.zameen.com/Property/rawalpindi_capital_smart_city_12_marla_overseas_central_capital_smart_city-52619416-11891-2.html,73,Rawalpindi,Capital Smart City,12.0,33.4407844,72.8587589
7 MARLA PLOT C BLOCK CAPITAL SMART CITY,0.36,"Capital Smart City, Rawalpindi",https://www.zameen.com/Property/rawalpindi_capital_smart_city_7_marla_plot_c_block_capital_smart_city-52619402-11891-2.html,73,Rawalpindi,Capital Smart City,7.0,33.4407844,72.8587589
5 MARLA CAPITAL SMART CITY Plot,0.26,"Capital Smart City, Rawalpindi",https://www.zameen.com/Property/rawalpindi_capital_smart_city_5_marla_capital_smart_city_plot-52619338-11891-2.html,73,Rawalpindi,Capital Smart City,5.0,33.4407844,72.8587589
10 Marla Possession Able Plot In Ovs Prime,0.64,"Capital Smart City, Rawalpindi",https://www.zameen.com/Property/rawalpindi_capital_smart_city_10_marla_possession_able_plot_in_ovs_prime-52585256-11891-2.html,73,Rawalpindi,Capital Smart City,10.0,33.4407844,72.8587589
1 Kanal Overseas Prime Block Possession Able For Sale,0.64,"Capital Smart City, Rawalpindi",https://www.zameen.com/Property/rawalpindi_capital_smart_city_1_kanal_overseas_prime_block_possession_able_for_sale-52585243-11891-2.html,73,Rawalpindi,Capital Smart City,20.0,33.4407844,72.8587589
Ready To Buy A Residential Plot In Capital Smart City Capital Smart City,0.33,"Capital Smart City, Rawalpindi",https://www.zameen.com/Property/rawalpindi_capital_smart_city_ready_to_buy_a_residential_plot_in_capital_smart_city_capital_smart_city-52937994-11891-2.html,73,Rawalpindi,Capital Smart City,5.0,33.4407844,72.8587589
10 Marla Plot In CAPITAL SMART CITY,0.5,"Capital Smart City, Rawalpindi",https://www.zameen.com/Property/rawalpindi_capital_smart_city_10_marla_plot_in_capital_smart_city-52721023-11891-2.html,73,Rawalpindi,Capital Smart City,10.0,33.4407844,72.8587589
1 KANAL Corner Plot In CAPITAL SMART CITY For Sale,1.0,"Capital Smart City, Rawalpindi",https://www.zameen.com/Property/rawalpindi_capital_smart_city_1_kanal_corner_plot_in_capital_smart_city_for_sale-52721017-11891-2.html,73,Rawalpindi,Capital Smart City,20.0,33.4407844,72.8587589
10 Marla OVS East C Block Park Face Available For Sale,0.65,"Capital Smart City, Rawalpindi",https://www.zameen.com/Property/rawalpindi_capital_smart_city_10_marla_ovs_east_c_block_park_face_available_for_sale-52632802-11891-2.html,73,Rawalpindi,Capital Smart City,10.0,33.4407844,72.8587589
DHA PHASE 9 GANDHARA 1 Kanal Plots Available,0.65,"Capital Smart City, Rawalpindi",https://www.zameen.com/Property/rawalpindi_capital_smart_city_dha_phase_9_gandhara_1_kanal_plots_available-54085809-11891-2.html,73,Rawalpindi,Capital Smart City,20.0,33.4407844,72.8587589
7 Marla Corner CAPITAL SMART CITY Possessionable,0.4,"Capital Smart City, Rawalpindi",https://www.zameen.com/Property/rawalpindi_capital_smart_city_7_marla_corner_capital_smart_city_possessionable-54389666-11891-2.html,73,Rawalpindi,Capital Smart City,7.0,33.4407844,72.8587589
Invest In Pakistan First Tourism Business District Inspired By Times Square | Blue World City Rawalpindi,0.44,"Blue World City, Chakri Road",https://www.zameen.com/Property/chakri_road_blue_world_city_invest_in_pakistan_first_tourism_business_district_inspired_by_times_square_blue_world_city_rawalpindi-54173753-11768-2.html,73,Rawalpindi,Blue World City,4.0,33.3674961,72.8668694
5 Marla Plot For Sale In Prime Zone Silver City Housing Scheme | Best Investment Opportunity,0.2,"Silver City, Girja Road",https://www.zameen.com/Property/girja_road_silver_city_5_marla_plot_for_sale_in_prime_zone_silver_city_housing_scheme_best_investment_opportunity-54195794-11949-2.html,73,Rawalpindi,Silver City,5.0,33.5469406,72.9455761
"5 Marla Pair Plots for Sale | Silver City Housing Scheme, Rawalpindi",0.16,"Silver City, Girja Road",https://www.zameen.com/Property/girja_road_silver_city_5_marla_pair_plots_for_sale_silver_city_housing_scheme_rawalpindi-53783712-11949-2.html,73,Rawalpindi,Silver City,5.0,33.5469406,72.9455761
Your Ideal 1 Kanal Residential Plot Has Just Become Available In Bahria Town Phase 3,3.35,"Bahria Town Phase 3, Bahria Town Rawalpindi",https://www.zameen.com/Property/bahria_town_rawalpindi_bahria_town_phase_3_your_ideal_1_kanal_residential_plot_has_just_become_available_in_bahria_town_phase_3-54783336-3036-2.html,74,Rawalpindi,Bahria Town Phase 3,20.0,33.5701202,73.1163357
"5 Marla Residential Plot Available In Daffodils Block, Taj Residencia",0.78,"Taj Residencia - Daffodils Block, Taj Residencia",https://www.zameen.com/Property/taj_residencia_taj_residencia_-_daffodils_block_5_marla_residential_plot_available_in_daffodils_block_taj_residencia-54473675-18990-2.html,74,Rawalpindi,Taj Residencia - Daffodils Block,5.0,33.5855,72.9348
1 Kanal Plot For Sale In Orchid Block Taj Residencia | Prime Location | Possession Ready,2.2,"Taj Residencia - Orchard Block, Taj Residencia",https://www.zameen.com/Property/taj_residencia_taj_residencia_-_orchard_block_1_kanal_plot_for_sale_in_orchid_block_taj_residencia_prime_location_possession_ready-54515552-18998-2.html,74,Rawalpindi,Taj Residencia - Orchard Block,20.0,33.5855,72.9348
"10 Marla Prime Location Plot For Sale In Gardenia Block, Taj Residencia Rawalpindi",1.45,"Taj Residencia - Gardenia Block, Taj Residencia",https://www.zameen.com/Property/taj_residencia_taj_residencia_-_gardenia_block_10_marla_prime_location_plot_for_sale_in_gardenia_block_taj_residencia_rawalpindi-54662282-18992-2.html,74,Rawalpindi,Taj Residencia - Gardenia Block,10.0,33.5855,72.9348
"5 Marla Plot for Sale in Daffodils Block, Taj Residencia | Prime Location",0.78,"Taj Residencia - Daffodils Block, Taj Residencia",https://www.zameen.com/Property/taj_residencia_taj_residencia_-_daffodils_block_5_marla_plot_for_sale_in_daffodils_block_taj_residencia_prime_location-54515676-18990-2.html,74,Rawalpindi,Taj Residencia - Daffodils Block,5.0,33.5855,72.9348
"10 Marla Plot For Sale In Gardenia Block, Taj Residencia | Prime Location",1.45,"Taj Residencia - Gardenia Block, Taj Residencia",https://www.zameen.com/Property/taj_residencia_taj_residencia_-_gardenia_block_10_marla_plot_for_sale_in_gardenia_block_taj_residencia_prime_location-54516556-18992-2.html,74,Rawalpindi,Taj Residencia - Gardenia Block,10.0,33.5855,72.9348
5 Marla Residential Plot For Sale In Taj Residencia Gardenia Block,0.8,"Taj Residencia - Gardenia Block, Taj Residencia",https://www.zameen.com/Property/taj_residencia_taj_residencia_-_gardenia_block_5_marla_residential_plot_for_sale_in_taj_residencia_gardenia_block-54591406-18992-2.html,74,Rawalpindi,Taj Residencia - Gardenia Block,5.0,33.5855,72.9348
"1 Kanal Residential Plot for Sale in Orchid Block, Taj Residencia",2.2,"Taj Residencia - Orchard Block, Taj Residencia",https://www.zameen.com/Property/taj_residencia_taj_residencia_-_orchard_block_1_kanal_residential_plot_for_sale_in_orchid_block_taj_residencia-54591515-18998-2.html,74,Rawalpindi,Taj Residencia - Orchard Block,20.0,33.5855,72.9348
5 Marla Plot for Sale in Lilly Block Taj Residencia Rawalpindi,0.92,"Taj Residencia - Lily Block, Taj Residencia",https://www.zameen.com/Property/taj_residencia_taj_residencia_-_lily_block_5_marla_plot_for_sale_in_lilly_block_taj_residencia_rawalpindi-54609533-18996-2.html,74,Rawalpindi,Taj Residencia - Lily Block,5.0,33.5855,72.9348
A Residential Plot Of 10 Marla In Rawalpindi,1.05,"Taj Residencia - Rose Block, Taj Residencia",https://www.zameen.com/Property/taj_residencia_taj_residencia_-_rose_block_a_residential_plot_of_10_marla_in_rawalpindi-54673319-18999-2.html,74,Rawalpindi,Taj Residencia - Rose Block,10.0,33.5855,72.9348
Taj Residencia Orchard Block Plot No 69 Prime Location Plot For Sale | Best Investment Opportunity,1.33,"Taj Residencia - Orchard Block, Taj Residencia",https://www.zameen.com/Property/taj_residencia_taj_residencia_-_orchard_block_taj_residencia_orchard_block_plot_no_69_prime_location_plot_for_sale_best_investment_opportunity-54515194-18998-2.html,74,Rawalpindi,Taj Residencia - Orchard Block,10.0,33.5855,72.9348
5 Marla Plot for Sale in Gardenia Block Prime Location Near Main Road,0.8,"Taj Residencia - Gardenia Block, Taj Residencia",https://www.zameen.com/Property/taj_residencia_taj_residencia_-_gardenia_block_5_marla_plot_for_sale_in_gardenia_block_prime_location_near_main_road-54676087-18992-2.html,74,Rawalpindi,Taj Residencia - Gardenia Block,5.0,33.5855,72.9348
"1 Kanal Residential Plot for Sale in Orchid Block, Taj Residencia",2.2,"Taj Residencia - Orchard Block, Taj Residencia",https://www.zameen.com/Property/taj_residencia_taj_residencia_-_orchard_block_1_kanal_residential_plot_for_sale_in_orchid_block_taj_residencia-54591601-18998-2.html,74,Rawalpindi,Taj Residencia - Orchard Block,20.0,33.5855,72.9348
Airport Housing Society 10 M Plot For Sale,1.1,"Airport Housing Society - Sector 4, Airport Housing Society",https://www.zameen.com/Property/airport_housing_society_airport_housing_society_-_sector_4_airport_housing_society_10_m_plot_for_sale-54516676-9155-2.html,74,Rawalpindi,Airport Housing Society - Sector 4,10.0,33.5941022,73.1307386
5 M Possessionable Plots Available For Sale,1.0,"Taj Residencia, Rawalpindi",https://www.zameen.com/Property/rawalpindi_taj_residencia_5_m_possessionable_plots_available_for_sale-54538912-11491-2.html,74,Rawalpindi,Taj Residencia,5.0,33.589782,72.9679336
8 Marla Possession Plot Available For Sale,1.3,"Taj Residencia - Lily Block, Taj Residencia",https://www.zameen.com/Property/taj_residencia_taj_residencia_-_lily_block_8_marla_possession_plot_available_for_sale-54574403-18996-2.html,74,Rawalpindi,Taj Residencia - Lily Block,8.0,33.5855,72.9348
Taj Residencia 5 Marla Plot Available,0.98,"Taj Residencia - Gardenia Block, Taj Residencia",https://www.zameen.com/Property/taj_residencia_taj_residencia_-_gardenia_block_taj_residencia_5_marla_plot_available-54634476-18992-2.html,74,Rawalpindi,Taj Residencia - Gardenia Block,5.0,33.5855,72.9348
Faisal Town 5M Plot Available For Sale,0.36,"Fazal Town Phase 2, Fazal Town",https://www.zameen.com/Property/fazal_town_fazal_town_phase_2_faisal_town_5m_plot_available_for_sale-54674219-6014-2.html,74,Rawalpindi,Fazal Town Phase 2,5.0,33.6056405,73.1095298
5M Possession Able Plot Available For Sale,0.8,"Taj Residencia - Gardenia Block, Taj Residencia",https://www.zameen.com/Property/taj_residencia_taj_residencia_-_gardenia_block_5m_possession_able_plot_available_for_sale-54708494-18992-2.html,74,Rawalpindi,Taj Residencia - Gardenia Block,5.0,33.5855,72.9348
Taj Residencia 5 Marla Possession Plot,1.0,"Taj Residencia, Rawalpindi",https://www.zameen.com/Property/rawalpindi_taj_residencia_taj_residencia_5_marla_possession_plot-54648083-11491-2.html,75,Rawalpindi,Taj Residencia,5.0,33.589782,72.9679336
Taj Residencia 10 Marla 35x70 Rose Block,1.07,"Taj Residencia - Rose Block, Taj Residencia",https://www.zameen.com/Property/taj_residencia_taj_residencia_-_rose_block_taj_residencia_10_marla_35x70_rose_block-54648114-18999-2.html,75,Rawalpindi,Taj Residencia - Rose Block,10.0,33.5855,72.9348
Taj Residencia Lily Ext 5 Marla On-Ground Plots Available,1.05,"Taj Residencia - Lily Block, Taj Residencia",https://www.zameen.com/Property/taj_residencia_taj_residencia_-_lily_block_taj_residencia_lily_ext_5_marla_on-ground_plots_available-54743913-18996-2.html,75,Rawalpindi,Taj Residencia - Lily Block,5.0,33.5855,72.9348
7 Marla Corner Extra Land Paid Ali Block Phase 8,0.88,"Bahria Town Phase 8 - Ali Block, Bahria Town Phase 8 - Safari Valley",https://www.zameen.com/Property/bahria_town_phase_8_safari_valley_bahria_town_phase_8_-_ali_block_7_marla_corner_extra_land_paid_ali_block_phase_8-54321450-3070-2.html,75,Rawalpindi,Bahria Town Phase 8 - Ali Block,7.0,33.4862,73.0874
Get In Touch Now To Buy A 7 Marla Residential Plot In Bahria Town Phase 8 - Usman Block Rawalpindi,0.9,"Bahria Town Phase 8 - Usman Block, Bahria Town Phase 8 - Safari Valley",https://www.zameen.com/Property/bahria_town_phase_8_safari_valley_bahria_town_phase_8_-_usman_block_get_in_touch_now_to_buy_a_7_marla_residential_plot_in_bahria_town_phase_8_-_usman_block_rawalpindi-54782861-3068-2.html,75,Rawalpindi,Bahria Town Phase 8 - Usman Block,7.0,33.4848621,73.096708
Bahria Town Phase 8 - Abu Bakar Block Residential Plot Sized 7 Marla Is Available,0.85,"Bahria Town Phase 8 - Abu Bakar Block, Bahria Town Phase 8 - Safari Valley",https://www.zameen.com/Property/bahria_town_phase_8_safari_valley_bahria_town_phase_8_-_abu_bakar_block_bahria_town_phase_8_-_abu_bakar_block_residential_plot_sized_7_marla_is_available-54782859-3069-2.html,75,Rawalpindi,Bahria Town Phase 8 - Abu Bakar Block,7.0,33.4862,73.0874
Affordable Residential Plot Available For sale In Bahria Town Phase 8 - Block L,0.62,"Bahria Town Phase 8 - Block L, Bahria Town Phase 8",https://www.zameen.com/Property/bahria_town_phase_8_bahria_town_phase_8_-_block_l_affordable_residential_plot_available_for_sale_in_bahria_town_phase_8_-_block_l-54782857-3061-2.html,75,Rawalpindi,Bahria Town Phase 8 - Block L,5.0,33.4862,73.0874
Residential Plot Of 5 Marla Is Available For sale In Bahria Town Phase 8 - Block M,0.75,"Bahria Town Phase 8 - Block M, Bahria Town Phase 8",https://www.zameen.com/Property/bahria_town_phase_8_bahria_town_phase_8_-_block_m_residential_plot_of_5_marla_is_available_for_sale_in_bahria_town_phase_8_-_block_m-54782850-3062-2.html,75,Rawalpindi,Bahria Town Phase 8 - Block M,5.0,33.4862,73.0874
This Is Your Chance To Buy Residential Plot In Bahria Town Phase 8 - Block M,0.8,"Bahria Town Phase 8 - Block M, Bahria Town Phase 8",https://www.zameen.com/Property/bahria_town_phase_8_bahria_town_phase_8_-_block_m_this_is_your_chance_to_buy_residential_plot_in_bahria_town_phase_8_-_block_m-54782851-3062-2.html,75,Rawalpindi,Bahria Town Phase 8 - Block M,5.0,33.4862,73.0874
5 Marla Residential Plot Up For sale In Rose Garden,0.5,"Rose Garden, Bahria Town Phase 8",https://www.zameen.com/Property/bahria_town_phase_8_rose_garden_5_marla_residential_plot_up_for_sale_in_rose_garden-54782848-12363-2.html,75,Rawalpindi,Rose Garden,5.0,33.5874801,73.0857514
Looking For A Residential Plot In Rawalpindi,0.45,"Rose Garden, Bahria Town Phase 8",https://www.zameen.com/Property/bahria_town_phase_8_rose_garden_looking_for_a_residential_plot_in_rawalpindi-54782849-12363-2.html,75,Rawalpindi,Rose Garden,5.0,33.5874801,73.0857514
Residential Plot Available For Sale In Taj Residencia - Gardenia Block,0.88,"Taj Residencia - Gardenia Block, Taj Residencia",https://www.zameen.com/Property/taj_residencia_taj_residencia_-_gardenia_block_residential_plot_available_for_sale_in_taj_residencia_-_gardenia_block-54620373-18992-2.html,75,Rawalpindi,Taj Residencia - Gardenia Block,5.0,33.5855,72.9348
Perfect 10 Marla Residential Plot In Taj Residencia - Rose Block For sale,1.1,"Taj Residencia - Rose Block, Taj Residencia",https://www.zameen.com/Property/taj_residencia_taj_residencia_-_rose_block_perfect_10_marla_residential_plot_in_taj_residencia_-_rose_block_for_sale-54620378-18999-2.html,75,Rawalpindi,Taj Residencia - Rose Block,10.0,33.5855,72.9348
Get In Touch Now To Buy A 5 Marla Residential Plot In Taj Residencia - Gardenia Block Rawalpindi,0.82,"Taj Residencia - Gardenia Block, Taj Residencia",https://www.zameen.com/Property/taj_residencia_taj_residencia_-_gardenia_block_get_in_touch_now_to_buy_a_5_marla_residential_plot_in_taj_residencia_-_gardenia_block_rawalpindi-54620379-18992-2.html,75,Rawalpindi,Taj Residencia - Gardenia Block,5.0,33.5855,72.9348
Residential Plot Of 5 Marla Is Available For sale In Taj Residencia - Gardenia Block,0.86,"Taj Residencia - Gardenia Block, Taj Residencia",https://www.zameen.com/Property/taj_residencia_taj_residencia_-_gardenia_block_residential_plot_of_5_marla_is_available_for_sale_in_taj_residencia_-_gardenia_block-54620380-18992-2.html,75,Rawalpindi,Taj Residencia - Gardenia Block,5.0,33.5855,72.9348
Prominently-Located 8 Marla Residential Plot Available In Taj Residencia - Daffodils Block,0.95,"Taj Residencia - Daffodils Block, Taj Residencia",https://www.zameen.com/Property/taj_residencia_taj_residencia_-_daffodils_block_prominently-located_8_marla_residential_plot_available_in_taj_residencia_-_daffodils_block-54620448-18990-2.html,75,Rawalpindi,Taj Residencia - Daffodils Block,8.0,33.5855,72.9348
Stunning Residential Plot Is Available For Sale In Taj Residencia - Gardenia Block,0.9,"Taj Residencia - Gardenia Block, Taj Residencia",https://www.zameen.com/Property/taj_residencia_taj_residencia_-_gardenia_block_stunning_residential_plot_is_available_for_sale_in_taj_residencia_-_gardenia_block-54620447-18992-2.html,75,Rawalpindi,Taj Residencia - Gardenia Block,5.0,33.5855,72.9348
10 Marla Plot On Investor Rate,1.1,"Taj Residencia - Rose Block, Taj Residencia",https://www.zameen.com/Property/taj_residencia_taj_residencia_-_rose_block_10_marla_plot_on_investor_rate-54659654-18999-2.html,75,Rawalpindi,Taj Residencia - Rose Block,10.0,33.5855,72.9348
Corner Extraland Plot,0.88,"Taj Residencia, Rawalpindi",https://www.zameen.com/Property/rawalpindi_taj_residencia_corner_extraland_plot-54659655-11491-2.html,75,Rawalpindi,Taj Residencia,5.0,33.589782,72.9679336
Prominently-Located 8 Marla Residential Plot Available In Taj Residencia - Daffodils Block,0.95,"Taj Residencia - Daffodils Block, Taj Residencia",https://www.zameen.com/Property/taj_residencia_taj_residencia_-_daffodils_block_prominently-located_8_marla_residential_plot_available_in_taj_residencia_-_daffodils_block-54659656-18990-2.html,75,Rawalpindi,Taj Residencia - Daffodils Block,8.0,33.5855,72.9348
Top Location Plot,0.88,"Taj Residencia - Gardenia Block, Taj Residencia",https://www.zameen.com/Property/taj_residencia_taj_residencia_-_gardenia_block_top_location_plot-54659668-18992-2.html,75,Rawalpindi,Taj Residencia - Gardenia Block,5.0,33.5855,72.9348
5 Marla Plot Available For Sale,0.94,"Taj Residencia, Rawalpindi",https://www.zameen.com/Property/rawalpindi_taj_residencia_5_marla_plot_available_for_sale-53814890-11491-2.html,75,Rawalpindi,Taj Residencia,5.0,33.589782,72.9679336
5 Marla Top Location Plot,0.96,"Taj Residencia, Rawalpindi",https://www.zameen.com/Property/rawalpindi_taj_residencia_5_marla_top_location_plot-54627796-11491-2.html,75,Rawalpindi,Taj Residencia,5.0,33.589782,72.9679336
"Prime Investment Opportunity: 7 Marla Residential Plot In Aqsa Block, Al-Haram City",0.14,"Al-Haram City - Phase 1, Al-Haram City",https://www.zameen.com/Property/al_haram_city_al-haram_city_-_phase_1_prime_investment_opportunity_7_marla_residential_plot_in_aqsa_block_al-haram_city-54758616-11256-2.html,75,Rawalpindi,Al-Haram City - Phase 1,7.0,33.5025799,72.9570594
10 Marla Corner Plot Located At 60ft Wide Road,1.6,"Taj Residencia, Rawalpindi",https://www.zameen.com/Property/rawalpindi_taj_residencia_10_marla_corner_plot_located_at_60ft_wide_road-54667485-11491-2.html,76,Rawalpindi,Taj Residencia,10.0,33.589782,72.9679336
Capital Smart City 1 Kanal Corner Plot For Sale,1.12,"Capital Smart City, Rawalpindi",https://www.zameen.com/Property/rawalpindi_capital_smart_city_capital_smart_city_1_kanal_corner_plot_for_sale-53007717-11891-2.html,76,Rawalpindi,Capital Smart City,20.0,33.4407844,72.8587589
Capital smart city 10 Marla possession plot,0.66,"Capital Smart City, Rawalpindi",https://www.zameen.com/Property/rawalpindi_capital_smart_city_capital_smart_city_10_marla_possession_plot-52897321-11891-2.html,76,Rawalpindi,Capital Smart City,10.0,33.4407844,72.8587589
Capital Smart City 5 Marla Plot For Sale,0.34,"Capital Smart City, Rawalpindi",https://www.zameen.com/Property/rawalpindi_capital_smart_city_capital_smart_city_5_marla_plot_for_sale-52683222-11891-2.html,76,Rawalpindi,Capital Smart City,5.0,33.4407844,72.8587589
Capital Smart City 5 Marla Plot,0.29,"Capital Smart City, Rawalpindi",https://www.zameen.com/Property/rawalpindi_capital_smart_city_capital_smart_city_5_marla_plot-52683225-11891-2.html,76,Rawalpindi,Capital Smart City,5.0,33.4407844,72.8587589
Capital Smart City 7 Marla Possession Plot,0.45,"Capital Smart City, Rawalpindi",https://www.zameen.com/Property/rawalpindi_capital_smart_city_capital_smart_city_7_marla_possession_plot-53917847-11891-2.html,76,Rawalpindi,Capital Smart City,7.0,33.4407844,72.8587589
2 kanal capital smart city overseas east,2.8,"Capital Smart City, Rawalpindi",https://www.zameen.com/Property/rawalpindi_capital_smart_city_2_kanal_capital_smart_city_overseas_east-54730670-11891-2.html,76,Rawalpindi,Capital Smart City,40.0,33.4407844,72.8587589
Capital Smart City 5 Marla Possession Plot,0.34,"Capital Smart City, Rawalpindi",https://www.zameen.com/Property/rawalpindi_capital_smart_city_capital_smart_city_5_marla_possession_plot-54116078-11891-2.html,76,Rawalpindi,Capital Smart City,5.0,33.4407844,72.8587589
Capital Smart City 5 Marla Possession Plot For Sale,0.34,"Capital Smart City, Rawalpindi",https://www.zameen.com/Property/rawalpindi_capital_smart_city_capital_smart_city_5_marla_possession_plot_for_sale-53756734-11891-2.html,76,Rawalpindi,Capital Smart City,5.0,33.4407844,72.8587589
Capital Smart City 12 Marla Corner Plot,0.78,"Capital Smart City, Rawalpindi",https://www.zameen.com/Property/rawalpindi_capital_smart_city_capital_smart_city_12_marla_corner_plot-53564874-11891-2.html,76,Rawalpindi,Capital Smart City,12.0,33.4407844,72.8587589
Capital Smart City 5 Marla Possession Plot,0.36,"Capital Smart City, Rawalpindi",https://www.zameen.com/Property/rawalpindi_capital_smart_city_capital_smart_city_5_marla_possession_plot-53563218-11891-2.html,76,Rawalpindi,Capital Smart City,5.0,33.4407844,72.8587589
Capital Smart City KANAL Plot Park Face Main Road,1.25,"Capital Smart City, Rawalpindi",https://www.zameen.com/Property/rawalpindi_capital_smart_city_capital_smart_city_kanal_plot_park_face_main_road-53543179-11891-2.html,76,Rawalpindi,Capital Smart City,20.0,33.4407844,72.8587589
Capital Smart City 10 Marla Possession Plot For Sale,0.69,"Capital Smart City, Rawalpindi",https://www.zameen.com/Property/rawalpindi_capital_smart_city_capital_smart_city_10_marla_possession_plot_for_sale-53171424-11891-2.html,76,Rawalpindi,Capital Smart City,10.0,33.4407844,72.8587589
Capital Smart City 10 Marla Possession Plot,0.66,"Capital Smart City, Rawalpindi",https://www.zameen.com/Property/rawalpindi_capital_smart_city_capital_smart_city_10_marla_possession_plot-52896783-11891-2.html,76,Rawalpindi,Capital Smart City,10.0,33.4407844,72.8587589
Capital Smart City 10 Marla Possession Plot For Sale,0.68,"Capital Smart City, Rawalpindi",https://www.zameen.com/Property/rawalpindi_capital_smart_city_capital_smart_city_10_marla_possession_plot_for_sale-52723271-11891-2.html,76,Rawalpindi,Capital Smart City,10.0,33.4407844,72.8587589
Capital Smart City 5 Marla Possession Plot For Sale,0.33,"Capital Smart City, Rawalpindi",https://www.zameen.com/Property/rawalpindi_capital_smart_city_capital_smart_city_5_marla_possession_plot_for_sale-52711545-11891-2.html,76,Rawalpindi,Capital Smart City,5.0,33.4407844,72.8587589
Capital Smart City 10 Marla Overseas Prime Plot For Sale,0.63,"Capital Smart City, Rawalpindi",https://www.zameen.com/Property/rawalpindi_capital_smart_city_capital_smart_city_10_marla_overseas_prime_plot_for_sale-52679912-11891-2.html,76,Rawalpindi,Capital Smart City,10.0,33.4407844,72.8587589
Capital Smart City 12 Marla Corner Plot,0.75,"Capital Smart City, Rawalpindi",https://www.zameen.com/Property/rawalpindi_capital_smart_city_capital_smart_city_12_marla_corner_plot-52275766-11891-2.html,76,Rawalpindi,Capital Smart City,12.0,33.4407844,72.8587589
Capital Smart City 5 Marla Overseas East Plot For Sale,0.3,"Capital Smart City, Rawalpindi",https://www.zameen.com/Property/rawalpindi_capital_smart_city_capital_smart_city_5_marla_overseas_east_plot_for_sale-52091054-11891-2.html,76,Rawalpindi,Capital Smart City,5.0,33.4407844,72.8587589
Capital Smart City 10 Marla Possession Plot For Sale,0.68,"Capital Smart City, Rawalpindi",https://www.zameen.com/Property/rawalpindi_capital_smart_city_capital_smart_city_10_marla_possession_plot_for_sale-52757405-11891-2.html,76,Rawalpindi,Capital Smart City,10.0,33.4407844,72.8587589
5 Marla Residential Plot For Sale In Taj Residencia Gardenia Block,0.8,"Taj Residencia - Gardenia Block, Taj Residencia",https://www.zameen.com/Property/taj_residencia_taj_residencia_-_gardenia_block_5_marla_residential_plot_for_sale_in_taj_residencia_gardenia_block-54591621-18992-2.html,76,Rawalpindi,Taj Residencia - Gardenia Block,5.0,33.5855,72.9348
14 Marla Plot For Sale In Taj Residencia | Prime Location,2.15,"Taj Residencia - Tulip Block, Taj Residencia",https://www.zameen.com/Property/taj_residencia_taj_residencia_-_tulip_block_14_marla_plot_for_sale_in_taj_residencia_prime_location-54738448-19000-2.html,76,Rawalpindi,Taj Residencia - Tulip Block,14.0,33.5855,72.9348
"Prime Lication Bahria Greens Overseas 1, Kanal Pair Plot For Sale",7.5,"Bahria Greens - Overseas Enclave - Sector 1, Bahria Greens - Overseas Enclave",https://www.zameen.com/Property/bahria_greens_overseas_enclave_bahria_greens_-_overseas_enclave_-_sector_1_prime_lication_bahria_greens_overseas_1_kanal_pair_plot_for_sale-53688076-8300-2.html,76,Rawalpindi,Bahria Greens - Overseas Enclave - Sector 1,40.0,33.4735,73.091
Just Buy And Construct. 14 Marla Corner Beautiful Solid Plot Up For Sale,2.3,"Bahria Greens - Overseas Enclave - Sector 2, Bahria Greens - Overseas Enclave",https://www.zameen.com/Property/bahria_greens_overseas_enclave_bahria_greens_-_overseas_enclave_-_sector_2_just_buy_and_construct_14_marla_corner_beautiful_solid_plot_up_for_sale-54563434-8301-2.html,77,Rawalpindi,Bahria Greens - Overseas Enclave - Sector 2,14.0,33.4735,73.091
Prime Location | 12 Marla | Map Possession Utilities Extra Land Paid | Builder's Choice,1.85,"Bahria Greens - Overseas Enclave - Sector 3, Bahria Greens - Overseas Enclave",https://www.zameen.com/Property/bahria_greens_overseas_enclave_bahria_greens_-_overseas_enclave_-_sector_3_prime_location_12_marla_map_possession_utilities_extra_land_paid_builder_s_choice-53731093-8302-2.html,77,Rawalpindi,Bahria Greens - Overseas Enclave - Sector 3,12.4,33.4735,73.091
1 Kanal Residential Plot For Sale Overseas-5,3.25,"Bahria Greens - Overseas Enclave - Sector 5, Bahria Greens - Overseas Enclave",https://www.zameen.com/Property/bahria_greens_overseas_enclave_bahria_greens_-_overseas_enclave_-_sector_5_1_kanal_residential_plot_for_sale_overseas-5-54723048-8304-2.html,77,Rawalpindi,Bahria Greens - Overseas Enclave - Sector 5,20.0,33.4735,73.091
Reserve A Residential Plot Now In Bahria Town Phase 8 - Block L For Sale,0.86,"Bahria Town Phase 8 - Block L, Bahria Town Phase 8",https://www.zameen.com/Property/bahria_town_phase_8_bahria_town_phase_8_-_block_l_reserve_a_residential_plot_now_in_bahria_town_phase_8_-_block_l_for_sale-54723064-3061-2.html,77,Rawalpindi,Bahria Town Phase 8 - Block L,12.0,33.4862,73.0874
10 Marla Residential Plot For Sale On B Block Boulevard Prime Location,0.95,"Bahria Town Phase 8 - Block B, Bahria Town Phase 8",https://www.zameen.com/Property/bahria_town_phase_8_bahria_town_phase_8_-_block_b_10_marla_residential_plot_for_sale_on_b_block_boulevard_prime_location-54732326-3050-2.html,77,Rawalpindi,Bahria Town Phase 8 - Block B,10.0,33.4848621,73.096708
Bahria Town Overseas 2 Plot For Sale Secure & Profitable Investment,1.75,"Bahria Greens - Overseas Enclave - Sector 2, Bahria Greens - Overseas Enclave",https://www.zameen.com/Property/bahria_greens_overseas_enclave_bahria_greens_-_overseas_enclave_-_sector_2_bahria_town_overseas_2_plot_for_sale_secure_profitable_investment-54732336-8301-2.html,77,Rawalpindi,Bahria Greens - Overseas Enclave - Sector 2,10.0,33.4735,73.091
10 Marla Residential Plot For Sale Overseas-3 Main Boulevard Prime Location,2.0,"Bahria Greens - Overseas Enclave - Sector 3, Bahria Greens - Overseas Enclave",https://www.zameen.com/Property/bahria_greens_overseas_enclave_bahria_greens_-_overseas_enclave_-_sector_3_10_marla_residential_plot_for_sale_overseas-3_main_boulevard_prime_location-54732338-8302-2.html,77,Rawalpindi,Bahria Greens - Overseas Enclave - Sector 3,10.0,33.4735,73.091
Centrally Located Residential Plot For Sale In Bahria Town Phase 7 Available,3.05,"Bahria Town Phase 7, Bahria Town Rawalpindi",https://www.zameen.com/Property/bahria_town_rawalpindi_bahria_town_phase_7_centrally_located_residential_plot_for_sale_in_bahria_town_phase_7_available-54732341-3047-2.html,77,Rawalpindi,Bahria Town Phase 7,20.0,33.5701202,73.1163357
"10 Marla Corner Residential Plot For Sale F-2 Block, Bahria Town Phase 8 Rawalpindi",0.7,"Bahria Town Phase 8 - Sector F-2, Bahria Town Phase 8",https://www.zameen.com/Property/bahria_town_phase_8_bahria_town_phase_8_-_sector_f-2_10_marla_corner_residential_plot_for_sale_f-2_block_bahria_town_phase_8_rawalpindi-54732344-8250-2.html,77,Rawalpindi,Bahria Town Phase 8 - Sector F-2,10.0,33.4855018,73.0971219
Get In Touch Now To Buy A Residential Plot In Bahria Town Phase 8 - Bahria Orchard Rawalpindi,1.0,"Bahria Town Phase 8 - Bahria Orchard, Bahria Town Phase 8",https://www.zameen.com/Property/bahria_town_phase_8_bahria_town_phase_8_-_bahria_orchard_get_in_touch_now_to_buy_a_residential_plot_in_bahria_town_phase_8_-_bahria_orchard_rawalpindi-54732349-9584-2.html,77,Rawalpindi,Bahria Town Phase 8 - Bahria Orchard,20.0,33.4862,73.0874
8 Marla Residential Plot For Sale In Rafi Prime Location 75 Lakh,1.0,"Bahria Town Phase 8 - Rafi Block, Bahria Town Phase 8",https://www.zameen.com/Property/bahria_town_phase_8_bahria_town_phase_8_-_rafi_block_8_marla_residential_plot_for_sale_in_rafi_prime_location_75_lakh-54732350-3071-2.html,77,Rawalpindi,Bahria Town Phase 8 - Rafi Block,8.0,33.4862,73.0874
Investor Rate Plot For Sale,2.05,"Taj Residencia - Orchard Block, Taj Residencia",https://www.zameen.com/Property/taj_residencia_taj_residencia_-_orchard_block_investor_rate_plot_for_sale-54781843-18998-2.html,77,Rawalpindi,Taj Residencia - Orchard Block,20.0,33.5855,72.9348
Blue World City Residential Plot For Sale Sized 6 Marla,0.21,"Blue World City, Chakri Road",https://www.zameen.com/Property/chakri_road_blue_world_city_blue_world_city_residential_plot_for_sale_sized_6_marla-52826710-11768-2.html,77,Rawalpindi,Blue World City,6.0,33.3674961,72.8668694
5 Marla Residential Plot For Sale In Rs. 3200000 Only,0.32,"Saffron City, GT Road",https://www.zameen.com/Property/gt_road_saffron_city_5_marla_residential_plot_for_sale_in_rs_3200000_only-53481822-21050-2.html,77,Rawalpindi,Saffron City,5.0,33.6520202,73.076983
Residential Plot Of 12 Marla In Blue World City For sale,0.38,"Blue World City, Chakri Road",https://www.zameen.com/Property/chakri_road_blue_world_city_residential_plot_of_12_marla_in_blue_world_city_for_sale-54248130-11768-2.html,77,Rawalpindi,Blue World City,12.0,33.3674961,72.8668694
1 Kanal Spacious Residential Plot Is Available In Saffron City For Sale,1.55,"Saffron City, GT Road",https://www.zameen.com/Property/gt_road_saffron_city_1_kanal_spacious_residential_plot_is_available_in_saffron_city_for_sale-54660161-21050-2.html,77,Rawalpindi,Saffron City,20.0,33.6520202,73.076983
A Perfect Residential Plot Awaits You In Blue World City Rawalpindi,0.21,"Blue World City, Chakri Road",https://www.zameen.com/Property/chakri_road_blue_world_city_a_perfect_residential_plot_awaits_you_in_blue_world_city_rawalpindi-54752477-11768-2.html,77,Rawalpindi,Blue World City,6.0,33.3674961,72.8668694
5 Marla Ready For Construction Plot For Sale,0.5,"Rose Garden, Bahria Town Phase 8",https://www.zameen.com/Property/bahria_town_phase_8_rose_garden_5_marla_ready_for_construction_plot_for_sale-54477168-12363-2.html,77,Rawalpindi,Rose Garden,5.0,33.5874801,73.0857514
"Prime Location 2 Marla Residential Plot Available For Sale In Sher Zaman Colony, Sher Zaman Colony",0.38,"Sher Zaman Colony, Rawalpindi",https://www.zameen.com/Property/rawalpindi_sher_zaman_colony_prime_location_2_marla_residential_plot_available_for_sale_in_sher_zaman_colony_sher_zaman_colony-54780648-8854-2.html,78,Rawalpindi,Sher Zaman Colony,2.0,33.5623376,73.0448602
Centrally Located Prime Location Residential Plot In Tulsa Road Is Available For Sale,0.9,"Tulsa Road, Rawalpindi",https://www.zameen.com/Property/rawalpindi_tulsa_road_centrally_located_prime_location_residential_plot_in_tulsa_road_is_available_for_sale-54780649-11163-2.html,78,Rawalpindi,Tulsa Road,4.0,33.5640665,73.0353835
Plot For Sale With Extra Land,1.2,"Bahria Town Phase 8 - Usman Block, Bahria Town Phase 8 - Safari Valley",https://www.zameen.com/Property/bahria_town_phase_8_safari_valley_bahria_town_phase_8_-_usman_block_plot_for_sale_with_extra_land-54602499-3068-2.html,78,Rawalpindi,Bahria Town Phase 8 - Usman Block,8.5,33.4848621,73.096708
5 marla plot for sale in invester rate,0.65,"Bahria Town Phase 8, Bahria Town Rawalpindi",https://www.zameen.com/Property/bahria_town_rawalpindi_bahria_town_phase_8_5_marla_plot_for_sale_in_invester_rate-54627563-3048-2.html,78,Rawalpindi,Bahria Town Phase 8,5.0,33.5012685,73.0872635
5 Marla Residential Plot For Sale Ali Block Bahria Town Phase 8,0.6,"Bahria Town Phase 8 - Ali Block, Bahria Town Phase 8 - Safari Valley",https://www.zameen.com/Property/bahria_town_phase_8_safari_valley_bahria_town_phase_8_-_ali_block_5_marla_residential_plot_for_sale_ali_block_bahria_town_phase_8-54650364-3070-2.html,78,Rawalpindi,Bahria Town Phase 8 - Ali Block,5.0,33.4862,73.0874
10 Marla Prime Plot Available for Sale in Bahria Town Sector B Excellent Location,1.1,"Bahria Safari Valley - Sector B, Bahria Town Phase 8 - Safari Valley",https://www.zameen.com/Property/bahria_town_phase_8_safari_valley_bahria_safari_valley_-_sector_b_10_marla_prime_plot_available_for_sale_in_bahria_town_sector_b_excellent_location-54357431-16292-2.html,78,Rawalpindi,Bahria Safari Valley - Sector B,10.0,33.4848621,73.096708
8 Marla Prime Location Mein Expressway Facing Plot For Sale In Bahria Town Islamabad Phase 7 Spring North,13.25,"Bahria Town Phase 7, Bahria Town Rawalpindi",https://www.zameen.com/Property/bahria_town_rawalpindi_bahria_town_phase_7_8_marla_prime_location_mein_expressway_facing_plot_for_sale_in_bahria_town_islamabad_phase_7_spring_north-54108534-3047-2.html,78,Rawalpindi,Bahria Town Phase 7,8.0,33.5701202,73.1163357
33 MARLA PRIME LOCATION PLOT FOR SALE IN SECTOR A PHASE 8.,4.25,"Bahria Town Phase 8 - Block A, Bahria Town Phase 8",https://www.zameen.com/Property/bahria_town_phase_8_bahria_town_phase_8_-_block_a_33_marla_prime_location_plot_for_sale_in_sector_a_phase_8-54223535-3049-2.html,78,Rawalpindi,Bahria Town Phase 8 - Block A,32.0,33.4862,73.0874
BAHRIA TOWN PHESES-8 Overses -5 Plot-543f (2550) All Pead,0.9,"Bahria Greens - Overseas Enclave - Sector 5, Bahria Greens - Overseas Enclave",https://www.zameen.com/Property/bahria_greens_overseas_enclave_bahria_greens_-_overseas_enclave_-_sector_5_bahria_town_pheses-8_overses_-5_plot-543f_2550_all_pead-54564273-8304-2.html,78,Rawalpindi,Bahria Greens - Overseas Enclave - Sector 5,5.0,33.4735,73.091
FOR SALE PLOTS  Bahria Town Pheses-8,1.05,"Bahria Town Phase 8 - Abu Bakar Block, Bahria Town Phase 8 - Safari Valley",https://www.zameen.com/Property/bahria_town_phase_8_safari_valley_bahria_town_phase_8_-_abu_bakar_block_for_sale_plots_bahria_town_pheses-8-54685517-3069-2.html,78,Rawalpindi,Bahria Town Phase 8 - Abu Bakar Block,7.0,33.4862,73.0874
"5 Marla Residential Plot for Sale Ali Block, Bahria Town Phase 8",0.75,"Bahria Town Phase 8 - Ali Block, Bahria Town Phase 8 - Safari Valley",https://www.zameen.com/Property/bahria_town_phase_8_safari_valley_bahria_town_phase_8_-_ali_block_5_marla_residential_plot_for_sale_ali_block_bahria_town_phase_8-54656521-3070-2.html,78,Rawalpindi,Bahria Town Phase 8 - Ali Block,5.0,33.4862,73.0874
Investor Price 10 Marla Plot With 8 Marla Extra Land Paid For Sale Bahria Town Phase 7,2.6,"Bahria Town Phase 7, Bahria Town Rawalpindi",https://www.zameen.com/Property/bahria_town_rawalpindi_bahria_town_phase_7_investor_price_10_marla_plot_with_8_marla_extra_land_paid_for_sale_bahria_town_phase_7-54656586-3047-2.html,78,Rawalpindi,Bahria Town Phase 7,10.0,33.5701202,73.1163357
"10 Marla Solid Land Plot For Sale In Bahria Town Rawalpindi, Block A",0.95,"Bahria Town Phase 8 - Block A, Bahria Town Phase 8",https://www.zameen.com/Property/bahria_town_phase_8_bahria_town_phase_8_-_block_a_10_marla_solid_land_plot_for_sale_in_bahria_town_rawalpindi_block_a-54661116-3049-2.html,78,Rawalpindi,Bahria Town Phase 8 - Block A,10.0,33.4862,73.0874
10 Marla Corner Plot for Sale Bahria Town Phase 7,1.95,"Bahria Town Phase 7, Bahria Town Rawalpindi",https://www.zameen.com/Property/bahria_town_rawalpindi_bahria_town_phase_7_10_marla_corner_plot_for_sale_bahria_town_phase_7-54668904-3047-2.html,78,Rawalpindi,Bahria Town Phase 7,10.0,33.5701202,73.1163357
"10 Marla Plot Available In Street 1, Sector F3, Bahria Town Phase 8",1.2,"Bahria Town Phase 8 - Sector F-3, Bahria Town Phase 8",https://www.zameen.com/Property/bahria_town_phase_8_bahria_town_phase_8_-_sector_f-3_10_marla_plot_available_in_street_1_sector_f3_bahria_town_phase_8-54515377-8251-2.html,79,Rawalpindi,Bahria Town Phase 8 - Sector F-3,10.0,33.4855018,73.0971219
"5 Marla Plot Available In Street 9, Rose Garden, Bahria Town Phase 8",0.5,"Rose Garden, Bahria Town Phase 8",https://www.zameen.com/Property/bahria_town_phase_8_rose_garden_5_marla_plot_available_in_street_9_rose_garden_bahria_town_phase_8-54516446-12363-2.html,79,Rawalpindi,Rose Garden,5.0,33.5874801,73.0857514
"7 Marla Plot Available In Usman Block, Bahria Town Phase 8",0.8,"Bahria Town Phase 8 - Usman Block, Bahria Town Phase 8 - Safari Valley",https://www.zameen.com/Property/bahria_town_phase_8_safari_valley_bahria_town_phase_8_-_usman_block_7_marla_plot_available_in_usman_block_bahria_town_phase_8-54516547-3068-2.html,79,Rawalpindi,Bahria Town Phase 8 - Usman Block,7.0,33.4848621,73.096708
"10 Marla Prime Location Plot For Sale In Sector F1, Bahria Town Phase 8",1.2,"Bahria Town Phase 8 - Sector F-1, Bahria Town Phase 8",https://www.zameen.com/Property/bahria_town_phase_8_bahria_town_phase_8_-_sector_f-1_10_marla_prime_location_plot_for_sale_in_sector_f1_bahria_town_phase_8-54519859-3095-2.html,79,Rawalpindi,Bahria Town Phase 8 - Sector F-1,10.0,33.4855018,73.0971219
"5 Marla Plot Map & PU Paid Available In Street 15, Block M, Bahria Town Phase 8",0.87,"Bahria Town Phase 8 - Block M, Bahria Town Phase 8",https://www.zameen.com/Property/bahria_town_phase_8_bahria_town_phase_8_-_block_m_5_marla_plot_map_pu_paid_available_in_street_15_block_m_bahria_town_phase_8-54578317-3062-2.html,79,Rawalpindi,Bahria Town Phase 8 - Block M,5.0,33.4862,73.0874
1 Kanal Sami Developed Plot For Sale In Bahria Hamlet,1.35,"Bahria Hamlet, Bahria Town Phase 8",https://www.zameen.com/Property/bahria_town_phase_8_bahria_hamlet_1_kanal_sami_developed_plot_for_sale_in_bahria_hamlet-54626396-10354-2.html,79,Rawalpindi,Bahria Hamlet,20.0,33.4891,73.1232
Corner Residential Plot For Sale In Umar Block Street 43,1.05,"Bahria Town Phase 8 - Umer Block, Bahria Town Phase 8 - Safari Valley",https://www.zameen.com/Property/bahria_town_phase_8_safari_valley_bahria_town_phase_8_-_umer_block_corner_residential_plot_for_sale_in_umar_block_street_43-54628980-3067-2.html,79,Rawalpindi,Bahria Town Phase 8 - Umer Block,7.2,33.4862,73.0874
"10 Marla Plot For Sale In Street 27b, Sector A, Bahria Phase 8",0.95,"Bahria Town Phase 8 - Block A, Bahria Town Phase 8",https://www.zameen.com/Property/bahria_town_phase_8_bahria_town_phase_8_-_block_a_10_marla_plot_for_sale_in_street_27b_sector_a_bahria_phase_8-54632378-3049-2.html,79,Rawalpindi,Bahria Town Phase 8 - Block A,10.0,33.4862,73.0874
"10 Marla Plot For Sale In Street 33, Sector I, Bahria Phase 8",1.05,"Bahria Town Phase 8 - Block I, Bahria Town Phase 8",https://www.zameen.com/Property/bahria_town_phase_8_bahria_town_phase_8_-_block_i_10_marla_plot_for_sale_in_street_33_sector_i_bahria_phase_8-54632331-3057-2.html,79,Rawalpindi,Bahria Town Phase 8 - Block I,10.0,33.4862,73.0874
1 Kanal Plot Available In Sector 1 Gulshanabad,1.55,"Gulshan Abad, Rawalpindi",https://www.zameen.com/Property/rawalpindi_gulshan_abad_1_kanal_plot_available_in_sector_1_gulshanabad-54656688-1058-2.html,79,Rawalpindi,Gulshan Abad,20.0,33.6603777,73.0830223
1 Kanal Plot For Sale In Bahria Hamlet,1.7,"Bahria Hamlet, Bahria Town Phase 8",https://www.zameen.com/Property/bahria_town_phase_8_bahria_hamlet_1_kanal_plot_for_sale_in_bahria_hamlet-54656864-10354-2.html,79,Rawalpindi,Bahria Hamlet,20.0,33.4891,73.1232
"20 Marla Plot Available In Street 25,Bahria Overseas 3",2.35,"Bahria Greens - Overseas Enclave - Sector 3, Bahria Greens - Overseas Enclave",https://www.zameen.com/Property/bahria_greens_overseas_enclave_bahria_greens_-_overseas_enclave_-_sector_3_20_marla_plot_available_in_street_25_bahria_overseas_3-54673673-8302-2.html,79,Rawalpindi,Bahria Greens - Overseas Enclave - Sector 3,20.0,33.4735,73.091
10 Marla Plot For Sale In Bahria Overseas 3,1.75,"Bahria Greens - Overseas Enclave - Sector 3, Bahria Greens - Overseas Enclave",https://www.zameen.com/Property/bahria_greens_overseas_enclave_bahria_greens_-_overseas_enclave_-_sector_3_10_marla_plot_for_sale_in_bahria_overseas_3-54673689-8302-2.html,79,Rawalpindi,Bahria Greens - Overseas Enclave - Sector 3,10.0,33.4735,73.091
"1 Kanal Plot Available In Street 2, Overseas 5",3.5,"Bahria Greens - Overseas Enclave - Sector 5, Bahria Greens - Overseas Enclave",https://www.zameen.com/Property/bahria_greens_overseas_enclave_bahria_greens_-_overseas_enclave_-_sector_5_1_kanal_plot_available_in_street_2_overseas_5-54696360-8304-2.html,79,Rawalpindi,Bahria Greens - Overseas Enclave - Sector 5,20.0,33.4735,73.091
10 Marla Plot For Sale In Bahria Town Rawalpindi,1.35,"Bahria Town Phase 8 - Block E, Bahria Town Phase 8",https://www.zameen.com/Property/bahria_town_phase_8_bahria_town_phase_8_-_block_e_10_marla_plot_for_sale_in_bahria_town_rawalpindi-41155528-3053-2.html,80,Rawalpindi,Bahria Town Phase 8 - Block E,10.0,33.4862,73.0874
Boulevard Plot For Sale In Block P Phase 8 Bahria Town,1.65,"Bahria Town Phase 8 - Block P, Bahria Town Phase 8",https://www.zameen.com/Property/bahria_town_phase_8_bahria_town_phase_8_-_block_p_boulevard_plot_for_sale_in_block_p_phase_8_bahria_town-45631175-3065-2.html,80,Rawalpindi,Bahria Town Phase 8 - Block P,20.0,33.4862,73.0874
Residential Plot In Bahria Greens - Overseas Enclave - Sector 5 Sized 1 Kanal Is Available,2.8,"Bahria Greens - Overseas Enclave - Sector 5, Bahria Greens - Overseas Enclave",https://www.zameen.com/Property/bahria_greens_overseas_enclave_bahria_greens_-_overseas_enclave_-_sector_5_residential_plot_in_bahria_greens_-_overseas_enclave_-_sector_5_sized_1_kanal_is_available-50157418-8304-2.html,80,Rawalpindi,Bahria Greens - Overseas Enclave - Sector 5,20.0,33.4735,73.091
Stunning 10 Marla Residential Plot In Bahria Town Phase 8 Available,1.05,"Bahria Town Phase 8, Bahria Town Rawalpindi",https://www.zameen.com/Property/bahria_town_rawalpindi_bahria_town_phase_8_stunning_10_marla_residential_plot_in_bahria_town_phase_8_available-50449945-3048-2.html,80,Rawalpindi,Bahria Town Phase 8,10.0,33.5012685,73.0872635
In Bahria Town Phase 8 Residential Plot For sale Sized 10 Marla,1.15,"Bahria Town Phase 8, Bahria Town Rawalpindi",https://www.zameen.com/Property/bahria_town_rawalpindi_bahria_town_phase_8_in_bahria_town_phase_8_residential_plot_for_sale_sized_10_marla-50449946-3048-2.html,80,Rawalpindi,Bahria Town Phase 8,10.0,33.5012685,73.0872635
10 Marla Plot For Sale In Sector H Phase 8 Bahria Town Rawalpindi,1.15,"Bahria Town Phase 8 - Block H, Bahria Town Phase 8",https://www.zameen.com/Property/bahria_town_phase_8_bahria_town_phase_8_-_block_h_10_marla_plot_for_sale_in_sector_h_phase_8_bahria_town_rawalpindi-52310058-3056-2.html,80,Rawalpindi,Bahria Town Phase 8 - Block H,10.0,33.4862,73.0874
"8 Marla Plot For Sale In Phase 8, Bahria Town Rawalpindi",0.4,"Bahria Town Phase 8 - Block K, Bahria Town Phase 8",https://www.zameen.com/Property/bahria_town_phase_8_bahria_town_phase_8_-_block_k_8_marla_plot_for_sale_in_phase_8_bahria_town_rawalpindi-54616050-3060-2.html,80,Rawalpindi,Bahria Town Phase 8 - Block K,8.0,33.4862,73.0874
"Residential Plot Of 1 Kanal Is Available For sale In Bahria Town Phase 7, Rawalpindi",3.4,"Bahria Town Phase 7, Bahria Town Rawalpindi",https://www.zameen.com/Property/bahria_town_rawalpindi_bahria_town_phase_7_residential_plot_of_1_kanal_is_available_for_sale_in_bahria_town_phase_7_rawalpindi-54780507-3047-2.html,80,Rawalpindi,Bahria Town Phase 7,20.0,33.5701202,73.1163357
Investors Should Sale This Residential Plot Located Ideally In Bahria Town Rawalpindi,2.9,"Bahria Town Phase 7, Bahria Town Rawalpindi",https://www.zameen.com/Property/bahria_town_rawalpindi_bahria_town_phase_7_investors_should_sale_this_residential_plot_located_ideally_in_bahria_town_rawalpindi-54780508-3047-2.html,80,Rawalpindi,Bahria Town Phase 7,20.0,33.5701202,73.1163357
Book A Corner 18 Marla Residential Plot In Bahria Town Phase 7,3.1,"Bahria Town Phase 7, Bahria Town Rawalpindi",https://www.zameen.com/Property/bahria_town_rawalpindi_bahria_town_phase_7_book_a_corner_18_marla_residential_plot_in_bahria_town_phase_7-54780506-3047-2.html,80,Rawalpindi,Bahria Town Phase 7,18.0,33.5701202,73.1163357
Good 10 Marla Residential Plot For Sale In Bahria Town Phase 7,1.9,"Bahria Town Phase 7, Bahria Town Rawalpindi",https://www.zameen.com/Property/bahria_town_rawalpindi_bahria_town_phase_7_good_10_marla_residential_plot_for_sale_in_bahria_town_phase_7-54780503-3047-2.html,80,Rawalpindi,Bahria Town Phase 7,10.0,33.5701202,73.1163357
5 Marla Plot for Sale Sector L,0.62,"Bahria Town Phase 8 - Block L, Bahria Town Phase 8",https://www.zameen.com/Property/bahria_town_phase_8_bahria_town_phase_8_-_block_l_5_marla_plot_for_sale_sector_l-54735799-3061-2.html,80,Rawalpindi,Bahria Town Phase 8 - Block L,5.0,33.4862,73.0874
Reserve A Residential Plot Now In Bahria Town Phase 8 - Block K,0.6,"Bahria Town Phase 8 - Block K, Bahria Town Phase 8",https://www.zameen.com/Property/bahria_town_phase_8_bahria_town_phase_8_-_block_k_reserve_a_residential_plot_now_in_bahria_town_phase_8_-_block_k-54563771-3060-2.html,80,Rawalpindi,Bahria Town Phase 8 - Block K,10.9,33.4862,73.0874
Buy A Residential Plot Of 10 Marla In Bahria Town Phase 8 - Sector F-1,1.18,"Bahria Town Phase 8 - Sector F-1, Bahria Town Phase 8",https://www.zameen.com/Property/bahria_town_phase_8_bahria_town_phase_8_-_sector_f-1_buy_a_residential_plot_of_10_marla_in_bahria_town_phase_8_-_sector_f-1-54693121-3095-2.html,80,Rawalpindi,Bahria Town Phase 8 - Sector F-1,10.0,33.4855018,73.0971219
"8 Marla Plot For Sale In Phase 8, Bahria Town",0.42,"Bahria Town Phase 8 - Block K, Bahria Town Phase 8",https://www.zameen.com/Property/bahria_town_phase_8_bahria_town_phase_8_-_block_k_8_marla_plot_for_sale_in_phase_8_bahria_town-54616067-3060-2.html,80,Rawalpindi,Bahria Town Phase 8 - Block K,8.0,33.4862,73.0874
Sawa 5 Marla Residential Plot In Lane 5 Near Peshawar Road,1.68,"Peshawar Road, Rawalpindi",https://www.zameen.com/Property/rawalpindi_peshawar_road_sawa_5_marla_residential_plot_in_lane_5_near_peshawar_road-54048747-517-2.html,80,Rawalpindi,Peshawar Road,5.0,33.61362,72.9960127
10 Marla Residential Corner Plot In Lane 6 Near Peshawar Road,2.95,"Peshawar Road, Rawalpindi",https://www.zameen.com/Property/rawalpindi_peshawar_road_10_marla_residential_corner_plot_in_lane_6_near_peshawar_road-54017027-517-2.html,80,Rawalpindi,Peshawar Road,10.0,33.61362,72.9960127
10 Marla Plot Secter L Is Available For Sale In Bahria Town Phase 8 Rawalpindi,0.75,"Bahria Town Phase 8, Bahria Town Rawalpindi",https://www.zameen.com/Property/bahria_town_rawalpindi_bahria_town_phase_8_10_marla_plot_secter_l_is_available_for_sale_in_bahria_town_phase_8_rawalpindi-53688057-3048-2.html,81,Rawalpindi,Bahria Town Phase 8,10.0,33.5012685,73.0872635
10 Marla Plot Sector I Is Available For Sale In Bahria Town Phase 8 Rawalpindi,0.85,"Bahria Town Phase 8, Bahria Town Rawalpindi",https://www.zameen.com/Property/bahria_town_rawalpindi_bahria_town_phase_8_10_marla_plot_sector_i_is_available_for_sale_in_bahria_town_phase_8_rawalpindi-53702110-3048-2.html,81,Rawalpindi,Bahria Town Phase 8,10.0,33.5012685,73.0872635
5 Marla Plot Sector Ali Is Available For Sale In Bahria Town Phase 8 Rawalpindi,0.65,"Bahria Town Phase 8 - Ali Block, Bahria Town Phase 8 - Safari Valley",https://www.zameen.com/Property/bahria_town_phase_8_safari_valley_bahria_town_phase_8_-_ali_block_5_marla_plot_sector_ali_is_available_for_sale_in_bahria_town_phase_8_rawalpindi-53723616-3070-2.html,81,Rawalpindi,Bahria Town Phase 8 - Ali Block,5.0,33.4862,73.0874
7 Marla Plot Usman Block Is Available For Sale In Bahria Town Phase 8 Rawalpindi,0.88,"Bahria Town Phase 8 - Usman Block, Bahria Town Phase 8 - Safari Valley",https://www.zameen.com/Property/bahria_town_phase_8_safari_valley_bahria_town_phase_8_-_usman_block_7_marla_plot_usman_block_is_available_for_sale_in_bahria_town_phase_8_rawalpindi-53723653-3068-2.html,81,Rawalpindi,Bahria Town Phase 8 - Usman Block,7.0,33.4848621,73.096708
10 Marla Plot Sector A Is Available For Sale In Bahria Town Phase 8 Rawalpindi,0.85,"Bahria Town Phase 8 - Block A, Bahria Town Phase 8",https://www.zameen.com/Property/bahria_town_phase_8_bahria_town_phase_8_-_block_a_10_marla_plot_sector_a_is_available_for_sale_in_bahria_town_phase_8_rawalpindi-53757078-3049-2.html,81,Rawalpindi,Bahria Town Phase 8 - Block A,10.0,33.4862,73.0874
10 Marla Plot Sector L Is Available For Sale In Bahria Town Phase 8 Rawalpindi,0.75,"Bahria Town Phase 8 - Block L, Bahria Town Phase 8",https://www.zameen.com/Property/bahria_town_phase_8_bahria_town_phase_8_-_block_l_10_marla_plot_sector_l_is_available_for_sale_in_bahria_town_phase_8_rawalpindi-53757059-3061-2.html,81,Rawalpindi,Bahria Town Phase 8 - Block L,10.0,33.4862,73.0874
7 Marla Plot Is Available For Sale In Bahria Town Phase 8 Rawalpindi,0.95,"Bahria Town Phase 8 - Usman Block, Bahria Town Phase 8 - Safari Valley",https://www.zameen.com/Property/bahria_town_phase_8_safari_valley_bahria_town_phase_8_-_usman_block_7_marla_plot_is_available_for_sale_in_bahria_town_phase_8_rawalpindi-53782049-3068-2.html,81,Rawalpindi,Bahria Town Phase 8 - Usman Block,7.0,33.4848621,73.096708
Commerical Plot for Sale 16.5Marla,9.5,"7th Road, Rawalpindi",https://www.zameen.com/Property/rawalpindi_7th_road_commerical_plot_for_sale_16_5marla-54599321-8410-2.html,81,Rawalpindi,7th Road,16.0,33.5457403,73.0537983
17 Marla Proper Corner Ready For Construction Plot For Sale On Easy Instalment Plan,1.49,"Bahria Town Phase 7, Bahria Town Rawalpindi",https://www.zameen.com/Property/bahria_town_rawalpindi_bahria_town_phase_7_17_marla_proper_corner_ready_for_construction_plot_for_sale_on_easy_instalment_plan-51932998-3047-2.html,81,Rawalpindi,Bahria Town Phase 7,17.0,33.5701202,73.1163357
19 Marla Corner Plot With More Extra Land For Sale,1.47,"Bahria Town Phase 7, Bahria Town Rawalpindi",https://www.zameen.com/Property/bahria_town_rawalpindi_bahria_town_phase_7_19_marla_corner_plot_with_more_extra_land_for_sale-51936685-3047-2.html,81,Rawalpindi,Bahria Town Phase 7,19.0,33.5701202,73.1163357
14 Marla Plot For Sale At Easy Instalment Plan,1.4,"Bahria Town Phase 7, Bahria Town Rawalpindi",https://www.zameen.com/Property/bahria_town_rawalpindi_bahria_town_phase_7_14_marla_plot_for_sale_at_easy_instalment_plan-53240931-3047-2.html,81,Rawalpindi,Bahria Town Phase 7,14.0,33.5701202,73.1163357
New Cutting 10 Marla 5 Plots In A Row With Solid Land,1.1,"Bahria Town Phase 7, Bahria Town Rawalpindi",https://www.zameen.com/Property/bahria_town_rawalpindi_bahria_town_phase_7_new_cutting_10_marla_5_plots_in_a_row_with_solid_land-53524838-3047-2.html,81,Rawalpindi,Bahria Town Phase 7,10.0,33.5701202,73.1163357
New Cutting 10 Marla 5 Plots In A Row With Solid Land,1.1,"Bahria Greens - Overseas Enclave, Bahria Town Phase 8",https://www.zameen.com/Property/bahria_town_phase_8_bahria_greens_-_overseas_enclave_new_cutting_10_marla_5_plots_in_a_row_with_solid_land-53525022-3081-2.html,81,Rawalpindi,Bahria Greens - Overseas Enclave,10.0,33.4735,73.091
Ready Plot For Urgent Sale At Investor Rate,0.99,"Bahria Town Phase 7, Bahria Town Rawalpindi",https://www.zameen.com/Property/bahria_town_rawalpindi_bahria_town_phase_7_ready_plot_for_urgent_sale_at_investor_rate-53743002-3047-2.html,81,Rawalpindi,Bahria Town Phase 7,10.0,33.5701202,73.1163357
12 Marla Plot At Investor Rate,1.0,"Bahria Town Phase 7, Bahria Town Rawalpindi",https://www.zameen.com/Property/bahria_town_rawalpindi_bahria_town_phase_7_12_marla_plot_at_investor_rate-53743081-3047-2.html,81,Rawalpindi,Bahria Town Phase 7,12.0,33.5701202,73.1163357
10 MARLA PLOT AVAILABLE FOR SALE ON INVESTOR RATE AT PRIME LOCATION,0.85,"Bahria Town Phase 8, Bahria Town Rawalpindi",https://www.zameen.com/Property/bahria_town_rawalpindi_bahria_town_phase_8_10_marla_plot_available_for_sale_on_investor_rate_at_prime_location-54430495-3048-2.html,81,Rawalpindi,Bahria Town Phase 8,10.0,33.5012685,73.0872635
Bahria Town 10 Marla Ready For Construction Plot Is Avalible For Sale,1.1,"Bahria Town Phase 7, Bahria Town Rawalpindi",https://www.zameen.com/Property/bahria_town_rawalpindi_bahria_town_phase_7_bahria_town_10_marla_ready_for_construction_plot_is_avalible_for_sale-54510440-3047-2.html,82,Rawalpindi,Bahria Town Phase 7,10.0,33.5701202,73.1163357
10 MARLA PLOT AVAILABLE FOR SALE IN BAHRIA SECTOR F 3 AT PRIME LOCATION,0.97,"Bahria Town Phase 8, Bahria Town Rawalpindi",https://www.zameen.com/Property/bahria_town_rawalpindi_bahria_town_phase_8_10_marla_plot_available_for_sale_in_bahria_sector_f_3_at_prime_location-54533418-3048-2.html,82,Rawalpindi,Bahria Town Phase 8,10.0,33.5012685,73.0872635
20 Marla Plot For Sale At Very Reasonable Price,2.5,"Bahria Town Phase 7, Bahria Town Rawalpindi",https://www.zameen.com/Property/bahria_town_rawalpindi_bahria_town_phase_7_20_marla_plot_for_sale_at_very_reasonable_price-54541619-3047-2.html,82,Rawalpindi,Bahria Town Phase 7,20.0,33.5701202,73.1163357
"5 Marla Corner Residential Plot Bahria Town Phase 8, Rawalpindi At Investor Rate",0.65,"Bahria Town Phase 8, Bahria Town Rawalpindi",https://www.zameen.com/Property/bahria_town_rawalpindi_bahria_town_phase_8_5_marla_corner_residential_plot_bahria_town_phase_8_rawalpindi_at_investor_rate-54542075-3048-2.html,82,Rawalpindi,Bahria Town Phase 8,5.0,33.5012685,73.0872635
Level Plot,3.6,"Bahria Greens - Overseas Enclave - Sector 5, Bahria Greens - Overseas Enclave",https://www.zameen.com/Property/bahria_greens_overseas_enclave_bahria_greens_-_overseas_enclave_-_sector_5_level_plot-54778503-8304-2.html,82,Rawalpindi,Bahria Greens - Overseas Enclave - Sector 5,30.0,33.4735,73.091
5marla Parkface Plot,0.32,"UpCountry Enclosures Society - Block F, UpCountry Enclosures Housing Society",https://www.zameen.com/Property/upcountry_enclosures_housing_society_upcountry_enclosures_society_-_block_f_5marla_parkface_plot-54778245-16295-2.html,82,Rawalpindi,UpCountry Enclosures Society - Block F,5.0,33.5412,72.8845
5 Marla Plot For Sale In Capital Smart City Phase,0.23,"Capital Smart City, Rawalpindi",https://www.zameen.com/Property/rawalpindi_capital_smart_city_5_marla_plot_for_sale_in_capital_smart_city_phase-54236403-11891-2.html,82,Rawalpindi,Capital Smart City,5.0,33.4407844,72.8587589
In Bahria Town Phase 8 - Block J 8 Marla Residential Plot For Sale,0.92,"Bahria Town Phase 8 - Block J, Bahria Town Phase 8",https://www.zameen.com/Property/bahria_town_phase_8_bahria_town_phase_8_-_block_j_in_bahria_town_phase_8_-_block_j_8_marla_residential_plot_for_sale-54626140-3058-2.html,82,Rawalpindi,Bahria Town Phase 8 - Block J,8.0,33.4862,73.0874
10 Marla Residential Plot For Sale In Bahria Greens - Overseas Enclave - Sector 5 Rawalpindi,1.8,"Bahria Greens - Overseas Enclave - Sector 5, Bahria Greens - Overseas Enclave",https://www.zameen.com/Property/bahria_greens_overseas_enclave_bahria_greens_-_overseas_enclave_-_sector_5_10_marla_residential_plot_for_sale_in_bahria_greens_-_overseas_enclave_-_sector_5_rawalpindi-54626141-8304-2.html,82,Rawalpindi,Bahria Greens - Overseas Enclave - Sector 5,10.0,33.4735,73.091
Boulevard Corner Extra Land Front Back Open Plot For Sale,25.0,"Bahria Business District, Bahria Town Phase 8",https://www.zameen.com/Property/bahria_town_phase_8_bahria_business_district_boulevard_corner_extra_land_front_back_open_plot_for_sale-54542532-9033-2.html,82,Rawalpindi,Bahria Business District,26.0,33.5024751,73.069744
5 Marla Possession Plot For Sale,0.2,"Blue World City - Sector 1, Blue World City",https://www.zameen.com/Property/blue_world_city_blue_world_city_-_sector_1_5_marla_possession_plot_for_sale-54669207-17825-2.html,82,Rawalpindi,Blue World City - Sector 1,5.0,33.3644138,72.843123
5 Marla Possession Able Plot,0.2,"Blue World City - Sector 1, Blue World City",https://www.zameen.com/Property/blue_world_city_blue_world_city_-_sector_1_5_marla_possession_able_plot-54669222-17825-2.html,82,Rawalpindi,Blue World City - Sector 1,5.0,33.3644138,72.843123
5 Marla Possession Able Plot,0.2,"Blue World City - Sector 1, Blue World City",https://www.zameen.com/Property/blue_world_city_blue_world_city_-_sector_1_5_marla_possession_able_plot-54669258-17825-2.html,82,Rawalpindi,Blue World City - Sector 1,5.0,33.3644138,72.843123
10 Marla possession plot for sale,0.3,"Blue World City - Sector 1, Blue World City",https://www.zameen.com/Property/blue_world_city_blue_world_city_-_sector_1_10_marla_possession_plot_for_sale-54669271-17825-2.html,82,Rawalpindi,Blue World City - Sector 1,10.0,33.3644138,72.843123
5 Marla Possession Able Plot,0.13,"Blue World City, Chakri Road",https://www.zameen.com/Property/chakri_road_blue_world_city_5_marla_possession_able_plot-54669366-11768-2.html,82,Rawalpindi,Blue World City,5.0,33.3674961,72.8668694
5 Marla Possession Able Plot,0.2,"Blue World City, Chakri Road",https://www.zameen.com/Property/chakri_road_blue_world_city_5_marla_possession_able_plot-54676889-11768-2.html,82,Rawalpindi,Blue World City,5.0,33.3674961,72.8668694
5 Marla Possession Able Plot,0.14,"Blue World City, Chakri Road",https://www.zameen.com/Property/chakri_road_blue_world_city_5_marla_possession_able_plot-54676898-11768-2.html,83,Rawalpindi,Blue World City,5.0,33.3674961,72.8668694
10 Marla possession plot for sale,0.26,"Blue World City, Chakri Road",https://www.zameen.com/Property/chakri_road_blue_world_city_10_marla_possession_plot_for_sale-54676904-11768-2.html,83,Rawalpindi,Blue World City,10.0,33.3674961,72.8668694
10 MARLA LEVEL PLOT FOR SALE,0.75,"Bahria Town Phase 8 - Block J, Bahria Town Phase 8",https://www.zameen.com/Property/bahria_town_phase_8_bahria_town_phase_8_-_block_j_10_marla_level_plot_for_sale-53885929-3058-2.html,83,Rawalpindi,Bahria Town Phase 8 - Block J,10.0,33.4862,73.0874
PRIME LOCATION 5 MARLA PLOT BEST LAND FOR SALE,0.5,"Rose Garden, Bahria Town Phase 8",https://www.zameen.com/Property/bahria_town_phase_8_rose_garden_prime_location_5_marla_plot_best_land_for_sale-53960510-12363-2.html,83,Rawalpindi,Rose Garden,5.0,33.5874801,73.0857514
B BLOCK GOOD LOCATION PLOT FOR SALE,1.15,"Bahria Town Phase 8 - Block B, Bahria Town Phase 8",https://www.zameen.com/Property/bahria_town_phase_8_bahria_town_phase_8_-_block_b_b_block_good_location_plot_for_sale-54363913-3050-2.html,83,Rawalpindi,Bahria Town Phase 8 - Block B,10.0,33.4848621,73.096708
H BLOCK PLOT FOR SALE,0.97,"Bahria Town Phase 8 - Block H, Bahria Town Phase 8",https://www.zameen.com/Property/bahria_town_phase_8_bahria_town_phase_8_-_block_h_h_block_plot_for_sale-54363961-3056-2.html,83,Rawalpindi,Bahria Town Phase 8 - Block H,10.0,33.4862,73.0874
PRIME LOCATION SOLID LAND PLOT FOR SALE,1.12,"Bahria Town Phase 8 - Block I, Bahria Town Phase 8",https://www.zameen.com/Property/bahria_town_phase_8_bahria_town_phase_8_-_block_i_prime_location_solid_land_plot_for_sale-54365227-3057-2.html,83,Rawalpindi,Bahria Town Phase 8 - Block I,10.0,33.4862,73.0874
PRIME LOCATION LEVEL PLOT FOR SALE,0.74,"Bahria Town Phase 8 - Block M, Bahria Town Phase 8",https://www.zameen.com/Property/bahria_town_phase_8_bahria_town_phase_8_-_block_m_prime_location_level_plot_for_sale-54412834-3062-2.html,83,Rawalpindi,Bahria Town Phase 8 - Block M,5.0,33.4862,73.0874
5 Marla Possession Able Plot,0.2,"Blue World City - Sector 1, Blue World City",https://www.zameen.com/Property/blue_world_city_blue_world_city_-_sector_1_5_marla_possession_able_plot-54725627-17825-2.html,83,Rawalpindi,Blue World City - Sector 1,5.0,33.3644138,72.843123
5 Marla Possession Able Plot,0.13,"Blue World City, Chakri Road",https://www.zameen.com/Property/chakri_road_blue_world_city_5_marla_possession_able_plot-54725587-11768-2.html,83,Rawalpindi,Blue World City,5.0,33.3674961,72.8668694
Beautiful Level Plot Block D Reasonable Price,2.7,"Media Town, Rawalpindi",https://www.zameen.com/Property/rawalpindi_media_town_beautiful_level_plot_block_d_reasonable_price-54127300-8157-2.html,83,Rawalpindi,Media Town,12.0,33.5639764,73.1222157
"Ideal Location, Main Service Road Back, Level Plot",2.95,"Media Town, Rawalpindi",https://www.zameen.com/Property/rawalpindi_media_town_ideal_location_main_service_road_back_level_plot-54156740-8157-2.html,83,Rawalpindi,Media Town,12.0,33.5639764,73.1222157
Plot For Sale Block D On Reasonable Price,2.45,"Media Town, Rawalpindi",https://www.zameen.com/Property/rawalpindi_media_town_plot_for_sale_block_d_on_reasonable_price-54430896-8157-2.html,83,Rawalpindi,Media Town,12.0,33.5639764,73.1222157
Prime Location 5 Marla Residential Plot For Sale In The Perfect Location Of Punjab Government Servant Housing Foundation (PGSHF),0.8,"Punjab Government Servant Housing Foundation (PGSHF), Rawalpindi",https://www.zameen.com/Property/rawalpindi_punjab_government_servant_housing_foundation_pgshf_prime_location_5_marla_residential_plot_for_sale_in_the_perfect_location_of_punjab_government_servant_housing_foundation_pgshf-54776467-10424-2.html,83,Rawalpindi,Punjab Government Servant Housing Foundation (PGSHF),5.0,33.4542,72.9515
Prime Location 7 Marla Residential Plot For sale In Punjab Government Servant Housing Foundation (PGSHF),0.92,"Punjab Government Servant Housing Foundation (PGSHF), Rawalpindi",https://www.zameen.com/Property/rawalpindi_punjab_government_servant_housing_foundation_pgshf_prime_location_7_marla_residential_plot_for_sale_in_punjab_government_servant_housing_foundation_pgshf-54776468-10424-2.html,83,Rawalpindi,Punjab Government Servant Housing Foundation (PGSHF),7.0,33.4542,72.9515
Prime Location Residential Plot For sale In Beautiful Punjab Government Servant Housing Foundation (PGSHF),0.75,"Punjab Government Servant Housing Foundation (PGSHF), Rawalpindi",https://www.zameen.com/Property/rawalpindi_punjab_government_servant_housing_foundation_pgshf_prime_location_residential_plot_for_sale_in_beautiful_punjab_government_servant_housing_foundation_pgshf-54776465-10424-2.html,83,Rawalpindi,Punjab Government Servant Housing Foundation (PGSHF),5.0,33.4542,72.9515
Centrally Located Prime Location Residential Plot For Sale In Punjab Government Servant Housing Foundation (PGSHF) Available,1.1,"Punjab Government Servant Housing Foundation (PGSHF), Rawalpindi",https://www.zameen.com/Property/rawalpindi_punjab_government_servant_housing_foundation_pgshf_centrally_located_prime_location_residential_plot_for_sale_in_punjab_government_servant_housing_foundation_pgshf_available-54776463-10424-2.html,83,Rawalpindi,Punjab Government Servant Housing Foundation (PGSHF),10.0,33.4542,72.9515
Ideally Located Main Double Road Residential Plot Of 2 Kanal Is Available For Sale In Rawalpindi,6.4,"Bahria Greens - Overseas Enclave - Sector 3, Bahria Greens - Overseas Enclave",https://www.zameen.com/Property/bahria_greens_overseas_enclave_bahria_greens_-_overseas_enclave_-_sector_3_ideally_located_main_double_road_residential_plot_of_2_kanal_is_available_for_sale_in_rawalpindi-54195119-8302-2.html,84,Rawalpindi,Bahria Greens - Overseas Enclave - Sector 3,40.0,33.4735,73.091
Blvd Corner Extra Land Top Location Plot For Sale,3.0,"Bahria Hamlet, Bahria Town Phase 8",https://www.zameen.com/Property/bahria_town_phase_8_bahria_hamlet_blvd_corner_extra_land_top_location_plot_for_sale-54269922-10354-2.html,84,Rawalpindi,Bahria Hamlet,30.0,33.4891,73.1232
16 Marla Open Transfer Plot 913d Bahria Phase 7,1.2,"Bahria Town Phase 7, Bahria Town Rawalpindi",https://www.zameen.com/Property/bahria_town_rawalpindi_bahria_town_phase_7_16_marla_open_transfer_plot_913d_bahria_phase_7-54273244-3047-2.html,84,Rawalpindi,Bahria Town Phase 7,16.2,33.5701202,73.1163357
Marina Cimmercial Blvd Corner Back Open 6 Marla Pair Plots For Sale,14.0,"Bahria Town Phase 4, Bahria Town Rawalpindi",https://www.zameen.com/Property/bahria_town_rawalpindi_bahria_town_phase_4_marina_cimmercial_blvd_corner_back_open_6_marla_pair_plots_for_sale-54312065-3041-2.html,84,Rawalpindi,Bahria Town Phase 4,12.1,33.5701202,73.1163357
1 Kanal Plot Phase 7 Near 1st D,2.95,"Bahria Town Phase 7, Bahria Town Rawalpindi",https://www.zameen.com/Property/bahria_town_rawalpindi_bahria_town_phase_7_1_kanal_plot_phase_7_near_1st_d-54361525-3047-2.html,84,Rawalpindi,Bahria Town Phase 7,20.0,33.5701202,73.1163357
Still Looking For Right Location To Build Your Dream Home?,2.25,"Bahria Town Phase 7, Bahria Town Rawalpindi",https://www.zameen.com/Property/bahria_town_rawalpindi_bahria_town_phase_7_still_looking_for_right_location_to_build_your_dream_home-54390964-3047-2.html,84,Rawalpindi,Bahria Town Phase 7,15.0,33.5701202,73.1163357
Front Open Full Heighted Area,3.25,"Bahria Greens - Overseas Enclave - Sector 5, Bahria Greens - Overseas Enclave",https://www.zameen.com/Property/bahria_greens_overseas_enclave_bahria_greens_-_overseas_enclave_-_sector_5_front_open_full_heighted_area-54411184-8304-2.html,84,Rawalpindi,Bahria Greens - Overseas Enclave - Sector 5,20.0,33.4735,73.091
P Block 1 Kanal Pair Plots For Sale,1.4,"Bahria Town Phase 8 - Block P, Bahria Town Phase 8",https://www.zameen.com/Property/bahria_town_phase_8_bahria_town_phase_8_-_block_p_p_block_1_kanal_pair_plots_for_sale-54507969-3065-2.html,84,Rawalpindi,Bahria Town Phase 8 - Block P,20.0,33.4862,73.0874
Investor Rate Kanal Plot For Sale With All Dues Clear Plot,4.25,"Bahria Town Phase 2, Bahria Town Rawalpindi",https://www.zameen.com/Property/bahria_town_rawalpindi_bahria_town_phase_2_investor_rate_kanal_plot_for_sale_with_all_dues_clear_plot-52134479-3035-2.html,84,Rawalpindi,Bahria Town Phase 2,22.0,33.5701202,73.1163357
Investor Rate 10 Marla Plot For Sale Parkface With All Dues Clear,2.1,"Bahria Town Phase 6, Bahria Town Rawalpindi",https://www.zameen.com/Property/bahria_town_rawalpindi_bahria_town_phase_6_investor_rate_10_marla_plot_for_sale_parkface_with_all_dues_clear-52149436-3046-2.html,84,Rawalpindi,Bahria Town Phase 6,11.0,33.5701202,73.1163357
Investor Rate 10 Marla Plot For Sale Top Height All Dues Clear Plot,2.25,"Bahria Town Phase 2, Bahria Town Rawalpindi",https://www.zameen.com/Property/bahria_town_rawalpindi_bahria_town_phase_2_investor_rate_10_marla_plot_for_sale_top_height_all_dues_clear_plot-52149444-3035-2.html,84,Rawalpindi,Bahria Town Phase 2,11.0,33.5701202,73.1163357
2 Kanal Plot For Sale In Club City Phase 8,3.2,"Bahria Town Phase 8 - Club City, Bahria Town Phase 8",https://www.zameen.com/Property/bahria_town_phase_8_bahria_town_phase_8_-_club_city_2_kanal_plot_for_sale_in_club_city_phase_8-54735239-12591-2.html,84,Rawalpindi,Bahria Town Phase 8 - Club City,40.0,33.4862,73.0874
10 Marla Prime Location Plot For Sale In A Block Phase 8,0.85,"Bahria Town Phase 8 - Block A, Bahria Town Phase 8",https://www.zameen.com/Property/bahria_town_phase_8_bahria_town_phase_8_-_block_a_10_marla_prime_location_plot_for_sale_in_a_block_phase_8-54740691-3049-2.html,84,Rawalpindi,Bahria Town Phase 8 - Block A,10.0,33.4862,73.0874
"10 Marla Plot For Sale In Orchard Phase 8 Bahria Town, Rawalpindi",0.23,"Bahria Town Phase 8 - Bahria Orchard, Bahria Town Phase 8",https://www.zameen.com/Property/bahria_town_phase_8_bahria_town_phase_8_-_bahria_orchard_10_marla_plot_for_sale_in_orchard_phase_8_bahria_town_rawalpindi-54738204-9584-2.html,84,Rawalpindi,Bahria Town Phase 8 - Bahria Orchard,10.0,33.4862,73.0874
Residential Plot In Bahria Town Phase 8 - Block L Sized 5 Marla Is Available,0.58,"Bahria Town Phase 8 - Block L, Bahria Town Phase 8",https://www.zameen.com/Property/bahria_town_phase_8_bahria_town_phase_8_-_block_l_residential_plot_in_bahria_town_phase_8_-_block_l_sized_5_marla_is_available-54714945-3061-2.html,84,Rawalpindi,Bahria Town Phase 8 - Block L,5.0,33.4862,73.0874
5 Marla Residential Plot In Bahria Town Phase 8 - Block L Best Option,0.65,"Bahria Town Phase 8 - Block L, Bahria Town Phase 8",https://www.zameen.com/Property/bahria_town_phase_8_bahria_town_phase_8_-_block_l_5_marla_residential_plot_in_bahria_town_phase_8_-_block_l_best_option-54714948-3061-2.html,84,Rawalpindi,Bahria Town Phase 8 - Block L,5.0,33.4862,73.0874
Get In Touch Now To Buy A 10 Marla Residential Plot In Bahria Town Phase 8 - Block L Rawalpindi,0.8,"Bahria Town Phase 8 - Block L, Bahria Town Phase 8",https://www.zameen.com/Property/bahria_town_phase_8_bahria_town_phase_8_-_block_l_get_in_touch_now_to_buy_a_10_marla_residential_plot_in_bahria_town_phase_8_-_block_l_rawalpindi-54714950-3061-2.html,85,Rawalpindi,Bahria Town Phase 8 - Block L,10.0,33.4862,73.0874
5 Marla Residential Plot Situated In Bahria Town Phase 8 - Block M For sale,0.75,"Bahria Town Phase 8 - Block M, Bahria Town Phase 8",https://www.zameen.com/Property/bahria_town_phase_8_bahria_town_phase_8_-_block_m_5_marla_residential_plot_situated_in_bahria_town_phase_8_-_block_m_for_sale-54714944-3062-2.html,85,Rawalpindi,Bahria Town Phase 8 - Block M,5.0,33.4862,73.0874
1 Kanal + 6.5 Marla + Corner 3 Side Open Plot For Sale In Bahria Town Phase 5,4.85,"Bahria Town Phase 5, Bahria Town Rawalpindi",https://www.zameen.com/Property/bahria_town_rawalpindi_bahria_town_phase_5_1_kanal_6_5_marla_corner_3_side_open_plot_for_sale_in_bahria_town_phase_5-49970409-3045-2.html,85,Rawalpindi,Bahria Town Phase 5,20.0,33.5701202,73.1163357
Corner 28 Marla Plot At A Prime Location In Sector A,4.0,"Bahria Town Phase 8 - Block A, Bahria Town Phase 8",https://www.zameen.com/Property/bahria_town_phase_8_bahria_town_phase_8_-_block_a_corner_28_marla_plot_at_a_prime_location_in_sector_a-54421661-3049-2.html,85,Rawalpindi,Bahria Town Phase 8 - Block A,28.0,33.4862,73.0874
Investor Price 2 Kanal Plot For Sale Near Masjid & Park,3.25,"Bahria Town Phase 8 - Club City, Bahria Town Phase 8",https://www.zameen.com/Property/bahria_town_phase_8_bahria_town_phase_8_-_club_city_investor_price_2_kanal_plot_for_sale_near_masjid_park-54421443-12591-2.html,85,Rawalpindi,Bahria Town Phase 8 - Club City,40.0,33.4862,73.0874
Back Open Plot With Huge Extra Land For Lawn At Back The Constructable,4.25,"Bahria Greens - Overseas Enclave - Sector 1, Bahria Greens - Overseas Enclave",https://www.zameen.com/Property/bahria_greens_overseas_enclave_bahria_greens_-_overseas_enclave_-_sector_1_back_open_plot_with_huge_extra_land_for_lawn_at_back_the_constructable-54163862-8300-2.html,85,Rawalpindi,Bahria Greens - Overseas Enclave - Sector 1,40.0,33.4735,73.091
Industrial Land Is Available In Rawat Industrial Estate,2.55,"Rawat Industrial Estate, Rawalpindi",https://www.zameen.com/Property/rawalpindi_rawat_industrial_estate_industrial_land_is_available_in_rawat_industrial_estate-37143421-9051-2.html,85,Rawalpindi,Rawat Industrial Estate,40.0,33.5184144,73.2387894
Rawat Industrial Estate 2 Kanal Industrial Land Mattle Road,2.8,"Rawat Industrial Estate, Rawalpindi",https://www.zameen.com/Property/rawalpindi_rawat_industrial_estate_rawat_industrial_estate_2_kanal_industrial_land_mattle_road-46165526-9051-2.html,85,Rawalpindi,Rawat Industrial Estate,40.0,33.5184144,73.2387894
5 Marla Plot For Sale Overseas 5 Block,0.8,"Bahria Greens - Overseas Enclave - Sector 5, Bahria Greens - Overseas Enclave",https://www.zameen.com/Property/bahria_greens_overseas_enclave_bahria_greens_-_overseas_enclave_-_sector_5_5_marla_plot_for_sale_overseas_5_block-54732327-8304-2.html,85,Rawalpindi,Bahria Greens - Overseas Enclave - Sector 5,5.0,33.4735,73.091
Lake View 10 Marla Plot For Sale Premium Location 1.85 Crore,1.85,"Bahria Town Phase 8 - Eden Lake View Block, Bahria Town Phase 8",https://www.zameen.com/Property/bahria_town_phase_8_bahria_town_phase_8_-_eden_lake_view_block_lake_view_10_marla_plot_for_sale_premium_location_1_85_crore-54713121-3073-2.html,85,Rawalpindi,Bahria Town Phase 8 - Eden Lake View Block,10.0,33.4862,73.0874
Plot For Sale In Bahria Town Phase 8 Sector M,0.65,"Bahria Town Phase 8 - Block M, Bahria Town Phase 8",https://www.zameen.com/Property/bahria_town_phase_8_bahria_town_phase_8_-_block_m_plot_for_sale_in_bahria_town_phase_8_sector_m-54710256-3062-2.html,85,Rawalpindi,Bahria Town Phase 8 - Block M,5.0,33.4862,73.0874
10 MARLA DEVELOPED PLOT FOR SALE,0.45,"Chakri Road, Rawalpindi",https://www.zameen.com/Property/rawalpindi_chakri_road_10_marla_developed_plot_for_sale-54380905-467-2.html,85,Rawalpindi,Chakri Road,10.0,33.5591325,73.0149542
LOWEST PRICE!! 10 MARLA PLOT SECTOR G PHASE 8,1.0,"Bahria Town Phase 8 - Block G, Bahria Town Phase 8",https://www.zameen.com/Property/bahria_town_phase_8_bahria_town_phase_8_-_block_g_lowest_price_10_marla_plot_sector_g_phase_8-53184379-3055-2.html,85,Rawalpindi,Bahria Town Phase 8 - Block G,10.0,33.4862,73.0874
CORNER PLOT FOR SALE,0.95,"Bahria Town Phase 8 - Rafi Block, Bahria Town Phase 8",https://www.zameen.com/Property/bahria_town_phase_8_bahria_town_phase_8_-_rafi_block_corner_plot_for_sale-54675116-3071-2.html,85,Rawalpindi,Bahria Town Phase 8 - Rafi Block,6.0,33.4862,73.0874
Plot For Sale,1.7,"Bahria Greens - Overseas Enclave - Sector 6, Bahria Greens - Overseas Enclave",https://www.zameen.com/Property/bahria_greens_overseas_enclave_bahria_greens_-_overseas_enclave_-_sector_6_plot_for_sale-54697035-8305-2.html,85,Rawalpindi,Bahria Greens - Overseas Enclave - Sector 6,10.0,33.4735,73.091
5-Marla Plot For Sale Ali Block Phase-8 Bahria Town.,0.65,"Bahria Town Phase 8 - Ali Block, Bahria Town Phase 8 - Safari Valley",https://www.zameen.com/Property/bahria_town_phase_8_safari_valley_bahria_town_phase_8_-_ali_block_5-marla_plot_for_sale_ali_block_phase-8_bahria_town-54773633-3070-2.html,85,Rawalpindi,Bahria Town Phase 8 - Ali Block,5.0,33.4862,73.0874
PLOT FOR SALE / SINGLE STORY CONSTRUCTED !,4.0,"Adiala Road, Rawalpindi",https://www.zameen.com/Property/rawalpindi_adiala_road_plot_for_sale_single_story_constructed-54736984-478-2.html,85,Rawalpindi,Adiala Road,20.0,33.5778124,73.0650131
8 Marla Residential Plot Is Available In Bahria Town Phase 8 - Block K,0.45,"Bahria Town Phase 8 - Block K, Bahria Town Phase 8",https://www.zameen.com/Property/bahria_town_phase_8_bahria_town_phase_8_-_block_k_8_marla_residential_plot_is_available_in_bahria_town_phase_8_-_block_k-54714957-3060-2.html,85,Rawalpindi,Bahria Town Phase 8 - Block K,8.0,33.4862,73.0874
Residential Plot Of 8 Marla Is Available In Contemporary Neighborhood Of Bahria Town Rawalpindi,0.78,"Bahria Town Phase 8 - Block J, Bahria Town Phase 8",https://www.zameen.com/Property/bahria_town_phase_8_bahria_town_phase_8_-_block_j_residential_plot_of_8_marla_is_available_in_contemporary_neighborhood_of_bahria_town_rawalpindi-54714954-3058-2.html,85,Rawalpindi,Bahria Town Phase 8 - Block J,8.0,33.4862,73.0874
Residential Plot Spread Over 10 Marla In Bahria Town Phase 8 - Block K Available,0.55,"Bahria Town Phase 8 - Block K, Bahria Town Phase 8",https://www.zameen.com/Property/bahria_town_phase_8_bahria_town_phase_8_-_block_k_residential_plot_spread_over_10_marla_in_bahria_town_phase_8_-_block_k_available-54714959-3060-2.html,86,Rawalpindi,Bahria Town Phase 8 - Block K,10.0,33.4862,73.0874
Bahria Town Rwp/Isb Phase1 10 Marla with Extra Land Plot Available For Sale,1.75,"Bahria Town Phase 1, Bahria Town Rawalpindi",https://www.zameen.com/Property/bahria_town_rawalpindi_bahria_town_phase_1_bahria_town_rwp_isb_phase1_10_marla_with_extra_land_plot_available_for_sale-54673639-3033-2.html,86,Rawalpindi,Bahria Town Phase 1,10.0,33.5701202,73.1163357
5 Marla Plot Registry Intiqaal On Down payment,0.06,"Chakri, Rawalpindi",https://www.zameen.com/Property/rawalpindi_chakri_5_marla_plot_registry_intiqaal_on_down_payment-54125938-10921-2.html,86,Rawalpindi,Chakri,5.0,32.6835327,73.3517852
5 Marla Plot For Sale On Chakri Road,0.13,"Chakri Road, Rawalpindi",https://www.zameen.com/Property/rawalpindi_chakri_road_5_marla_plot_for_sale_on_chakri_road-54392551-467-2.html,86,Rawalpindi,Chakri Road,5.0,33.5591325,73.0149542
2 Kanal Industrial Plot For Sale,2.5,"Rawat Industrial Estate, Rawalpindi",https://www.zameen.com/Property/rawalpindi_rawat_industrial_estate_2_kanal_industrial_plot_for_sale-54076169-9051-2.html,86,Rawalpindi,Rawat Industrial Estate,40.0,33.5184144,73.2387894
2 Kanal Industrial Plot For Sale,3.1,"Rawat Industrial Estate, Rawalpindi",https://www.zameen.com/Property/rawalpindi_rawat_industrial_estate_2_kanal_industrial_plot_for_sale-54076095-9051-2.html,86,Rawalpindi,Rawat Industrial Estate,40.0,33.5184144,73.2387894
A Centrally Located Residential Plot Is Available For sale In Rawalpindi,1.08,"Bahria Town Phase 8 - Usman Block, Bahria Town Phase 8 - Safari Valley",https://www.zameen.com/Property/bahria_town_phase_8_safari_valley_bahria_town_phase_8_-_usman_block_a_centrally_located_residential_plot_is_available_for_sale_in_rawalpindi-54719566-3068-2.html,86,Rawalpindi,Bahria Town Phase 8 - Usman Block,7.0,33.4848621,73.096708
"12 Marla Investor Price Plot For Sale In Media Town Block A,B,C,D Rawalpindi.",2.9,"Media Town, Rawalpindi",https://www.zameen.com/Property/rawalpindi_media_town_12_marla_investor_price_plot_for_sale_in_media_town_block_a_b_c_d_rawalpindi-54676394-8157-2.html,86,Rawalpindi,Media Town,12.0,33.5639764,73.1222157
Prominently-Located 8 Marla Residential Plot Available In Taj Residencia - Daffodils Block,0.9,"Taj Residencia - Daffodils Block, Taj Residencia",https://www.zameen.com/Property/taj_residencia_taj_residencia_-_daffodils_block_prominently-located_8_marla_residential_plot_available_in_taj_residencia_-_daffodils_block-54771468-18990-2.html,86,Rawalpindi,Taj Residencia - Daffodils Block,8.0,33.5855,72.9348
1 Kanal Plot For Sale Chakri Road Al Haram City Rawalpindi,0.5,"Al-Haram City - Phase 1, Al-Haram City",https://www.zameen.com/Property/al_haram_city_al-haram_city_-_phase_1_1_kanal_plot_for_sale_chakri_road_al_haram_city_rawalpindi-54771259-11256-2.html,86,Rawalpindi,Al-Haram City - Phase 1,20.0,33.5025799,72.9570594
5 Marla Plot For Sale Chakri Road Rawalpindi,0.12,"Chakri Road, Rawalpindi",https://www.zameen.com/Property/rawalpindi_chakri_road_5_marla_plot_for_sale_chakri_road_rawalpindi-54771247-467-2.html,86,Rawalpindi,Chakri Road,5.0,33.5591325,73.0149542
5 Marla Plot For Sale Chakri Road Al Haram City,0.2,"Al-Haram City, Chakri Road",https://www.zameen.com/Property/chakri_road_al-haram_city_5_marla_plot_for_sale_chakri_road_al_haram_city-54771243-17290-2.html,86,Rawalpindi,Al-Haram City,5.0,33.5025799,72.9570594
5 Marla Plot For Sale Chakri Road Al Haram City,0.2,"Al-Haram City, Chakri Road",https://www.zameen.com/Property/chakri_road_al-haram_city_5_marla_plot_for_sale_chakri_road_al_haram_city-54771250-17290-2.html,86,Rawalpindi,Al-Haram City,5.0,33.5025799,72.9570594
5 Marla Plot For Sale Chakri Road Al Haram City,0.12,"Al-Haram City, Chakri Road",https://www.zameen.com/Property/chakri_road_al-haram_city_5_marla_plot_for_sale_chakri_road_al_haram_city-54771245-17290-2.html,86,Rawalpindi,Al-Haram City,5.0,33.5025799,72.9570594
5 Marla Corner Plot For Sale Chakri Road Al Haram City Rawalpindi,0.16,"Al-Haram City, Chakri Road",https://www.zameen.com/Property/chakri_road_al-haram_city_5_marla_corner_plot_for_sale_chakri_road_al_haram_city_rawalpindi-54771221-17290-2.html,86,Rawalpindi,Al-Haram City,5.0,33.5025799,72.9570594
5 Marla Plot For Sale Chakri Road Al Haram City Rawalpindi,0.15,"Al-Haram City, Chakri Road",https://www.zameen.com/Property/chakri_road_al-haram_city_5_marla_plot_for_sale_chakri_road_al_haram_city_rawalpindi-54771220-17290-2.html,86,Rawalpindi,Al-Haram City,5.0,33.5025799,72.9570594
Prime Location In Peshawar Road Residential Plot Sized 14 Marla For Sale,6.3,"Peshawar Road, Rawalpindi",https://www.zameen.com/Property/rawalpindi_peshawar_road_prime_location_in_peshawar_road_residential_plot_sized_14_marla_for_sale-54771116-517-2.html,86,Rawalpindi,Peshawar Road,14.0,33.61362,72.9960127
"Residential Plot Of 10 Marla Is Available For sale In Bahria Town Phase 8 - Block D, Rawalpindi",1.0,"Bahria Town Phase 8 - Block D, Bahria Town Phase 8",https://www.zameen.com/Property/bahria_town_phase_8_bahria_town_phase_8_-_block_d_residential_plot_of_10_marla_is_available_for_sale_in_bahria_town_phase_8_-_block_d_rawalpindi-54770985-3052-2.html,86,Rawalpindi,Bahria Town Phase 8 - Block D,10.0,33.4862,73.0874
Residential Plot Of 10 Marla Available For sale In Bahria Town Phase 8 - Block B,1.3,"Bahria Town Phase 8 - Block B, Bahria Town Phase 8",https://www.zameen.com/Property/bahria_town_phase_8_bahria_town_phase_8_-_block_b_residential_plot_of_10_marla_available_for_sale_in_bahria_town_phase_8_-_block_b-54770987-3050-2.html,86,Rawalpindi,Bahria Town Phase 8 - Block B,10.0,33.4848621,73.096708
10 Marla Residential Plot Is Available For sale In Bahria Town Phase 8 - Block A,0.95,"Bahria Town Phase 8 - Block A, Bahria Town Phase 8",https://www.zameen.com/Property/bahria_town_phase_8_bahria_town_phase_8_-_block_a_10_marla_residential_plot_is_available_for_sale_in_bahria_town_phase_8_-_block_a-54770988-3049-2.html,86,Rawalpindi,Bahria Town Phase 8 - Block A,10.0,33.4862,73.0874
10 Marla Residential Plot In Bahria Town Phase 8 - Block E Is Available For sale,1.1,"Bahria Town Phase 8 - Block E, Bahria Town Phase 8",https://www.zameen.com/Property/bahria_town_phase_8_bahria_town_phase_8_-_block_e_10_marla_residential_plot_in_bahria_town_phase_8_-_block_e_is_available_for_sale-54770983-3053-2.html,86,Rawalpindi,Bahria Town Phase 8 - Block E,10.0,33.4862,73.0874
Get In Touch Now To Buy A Residential Plot In Bahria Town Phase 8 - Block C,1.4,"Bahria Town Phase 8 - Block C, Bahria Town Phase 8",https://www.zameen.com/Property/bahria_town_phase_8_bahria_town_phase_8_-_block_c_get_in_touch_now_to_buy_a_residential_plot_in_bahria_town_phase_8_-_block_c-54770986-3051-2.html,86,Rawalpindi,Bahria Town Phase 8 - Block C,10.0,33.4862,73.0874
Looking For A Residential Plot In Bahria Town Phase 8 - Block E Rawalpindi,1.2,"Bahria Town Phase 8 - Block E, Bahria Town Phase 8",https://www.zameen.com/Property/bahria_town_phase_8_bahria_town_phase_8_-_block_e_looking_for_a_residential_plot_in_bahria_town_phase_8_-_block_e_rawalpindi-54770982-3053-2.html,86,Rawalpindi,Bahria Town Phase 8 - Block E,10.0,33.4862,73.0874
Affordable Residential Plot For sale In Bahria Town Phase 8 - Sector F-2,1.1,"Bahria Town Phase 8 - Sector F-2, Bahria Town Phase 8",https://www.zameen.com/Property/bahria_town_phase_8_bahria_town_phase_8_-_sector_f-2_affordable_residential_plot_for_sale_in_bahria_town_phase_8_-_sector_f-2-54770980-8250-2.html,87,Rawalpindi,Bahria Town Phase 8 - Sector F-2,10.0,33.4855018,73.0971219
"10 Marla Residential Plot available for sale in Bahria Town Phase 8 - Sector F-2, Rawalpindi",1.2,"Bahria Town Phase 8 - Sector F-2, Bahria Town Phase 8",https://www.zameen.com/Property/bahria_town_phase_8_bahria_town_phase_8_-_sector_f-2_10_marla_residential_plot_available_for_sale_in_bahria_town_phase_8_-_sector_f-2_rawalpindi-54770981-8250-2.html,87,Rawalpindi,Bahria Town Phase 8 - Sector F-2,10.0,33.4855018,73.0971219
8 Marla Residential Plot For sale Is Available In Bahria Town Phase 8 - Block J,0.85,"Bahria Town Phase 8 - Block J, Bahria Town Phase 8",https://www.zameen.com/Property/bahria_town_phase_8_bahria_town_phase_8_-_block_j_8_marla_residential_plot_for_sale_is_available_in_bahria_town_phase_8_-_block_j-54770964-3058-2.html,87,Rawalpindi,Bahria Town Phase 8 - Block J,8.0,33.4862,73.0874
Bahria Town Phase 8 Umar Block 7 Marla Pair Plots Available For Sale,0.85,"Bahria Town Phase 8 - Umer Block, Bahria Town Phase 8 - Safari Valley",https://www.zameen.com/Property/bahria_town_phase_8_safari_valley_bahria_town_phase_8_-_umer_block_bahria_town_phase_8_umar_block_7_marla_pair_plots_available_for_sale-54258368-3067-2.html,87,Rawalpindi,Bahria Town Phase 8 - Umer Block,7.0,33.4862,73.0874
13 Marla Heighted Plot For Sale in Overseas 2,1.85,"Bahria Greens - Overseas Enclave - Sector 2, Bahria Greens - Overseas Enclave",https://www.zameen.com/Property/bahria_greens_overseas_enclave_bahria_greens_-_overseas_enclave_-_sector_2_13_marla_heighted_plot_for_sale_in_overseas_2-54075428-8301-2.html,87,Rawalpindi,Bahria Greens - Overseas Enclave - Sector 2,10.0,33.4735,73.091
10 Marla Plot Near to SLS School - Sector F2,1.05,"Bahria Town Phase 8 - Sector F-2, Bahria Town Phase 8",https://www.zameen.com/Property/bahria_town_phase_8_bahria_town_phase_8_-_sector_f-2_10_marla_plot_near_to_sls_school_-_sector_f2-54366149-8250-2.html,87,Rawalpindi,Bahria Town Phase 8 - Sector F-2,10.0,33.4855018,73.0971219
Corner Plot For Sale Overseas Enclave Sector 7 Bahria Town Phase 8,1.8,"Bahria Greens - Overseas Enclave - Sector 7, Bahria Greens - Overseas Enclave",https://www.zameen.com/Property/bahria_greens_overseas_enclave_bahria_greens_-_overseas_enclave_-_sector_7_corner_plot_for_sale_overseas_enclave_sector_7_bahria_town_phase_8-54706291-8306-2.html,87,Rawalpindi,Bahria Greens - Overseas Enclave - Sector 7,10.0,33.4735,73.091
Affordable Residential Plot For Sale In Bahria Town Phase 8 - Block K,0.67,"Bahria Town Phase 8 - Block K, Bahria Town Phase 8",https://www.zameen.com/Property/bahria_town_phase_8_bahria_town_phase_8_-_block_k_affordable_residential_plot_for_sale_in_bahria_town_phase_8_-_block_k-54706376-3060-2.html,87,Rawalpindi,Bahria Town Phase 8 - Block K,10.0,33.4862,73.0874
1 Kanal Plot For Sale In Block D Bahria Town,1.8,"Bahria Town Phase 8 - Block D, Bahria Town Phase 8",https://www.zameen.com/Property/bahria_town_phase_8_bahria_town_phase_8_-_block_d_1_kanal_plot_for_sale_in_block_d_bahria_town-54713128-3052-2.html,87,Rawalpindi,Bahria Town Phase 8 - Block D,20.0,33.4862,73.0874
Buying A Corner Residential Plot In Rawalpindi?,3.3,"Bahria Hamlet, Bahria Town Phase 8",https://www.zameen.com/Property/bahria_town_phase_8_bahria_hamlet_buying_a_corner_residential_plot_in_rawalpindi-54713133-10354-2.html,87,Rawalpindi,Bahria Hamlet,40.0,33.4891,73.1232
10 Marla Extra Land Plot For Sale In Phase 3 Bahria Town Rawalpindi,2.99,"Bahria Town Phase 3, Bahria Town Rawalpindi",https://www.zameen.com/Property/bahria_town_rawalpindi_bahria_town_phase_3_10_marla_extra_land_plot_for_sale_in_phase_3_bahria_town_rawalpindi-54463504-3036-2.html,87,Rawalpindi,Bahria Town Phase 3,10.0,33.5701202,73.1163357
10 Marla Level Soild Land Plot Gulshan-E-Abad Sector 4 Kalyal,0.75,"Gulshan Abad, Rawalpindi",https://www.zameen.com/Property/rawalpindi_gulshan_abad_10_marla_level_soild_land_plot_gulshan-e-abad_sector_4_kalyal-54568250-1058-2.html,87,Rawalpindi,Gulshan Abad,10.0,33.6603777,73.0830223
1 Kanal Park Face Plot Club City For Sale,1.6,"Bahria Town Phase 8 - Club City, Bahria Town Phase 8",https://www.zameen.com/Property/bahria_town_phase_8_bahria_town_phase_8_-_club_city_1_kanal_park_face_plot_club_city_for_sale-54309401-12591-2.html,87,Rawalpindi,Bahria Town Phase 8 - Club City,20.0,33.4862,73.0874
Bahria Town Phase 2 Plot For Sale,5.0,"Bahria Town Phase 2, Bahria Town Rawalpindi",https://www.zameen.com/Property/bahria_town_rawalpindi_bahria_town_phase_2_bahria_town_phase_2_plot_for_sale-47493017-3035-2.html,87,Rawalpindi,Bahria Town Phase 2,20.0,33.5701202,73.1163357
Residential Plot In Bahria Town Phase 3 For Sale,4.5,"Bahria Town Phase 3, Bahria Town Rawalpindi",https://www.zameen.com/Property/bahria_town_rawalpindi_bahria_town_phase_3_residential_plot_in_bahria_town_phase_3_for_sale-47464284-3036-2.html,87,Rawalpindi,Bahria Town Phase 3,20.0,33.5701202,73.1163357
5 Marla Plot For Sale In A Or B Block,0.32,"Saffron City, GT Road",https://www.zameen.com/Property/gt_road_saffron_city_5_marla_plot_for_sale_in_a_or_b_block-54248780-21050-2.html,87,Rawalpindi,Saffron City,5.0,33.6520202,73.076983
5 Marla LOP ( 2550) Plot Alotmnt And Regstry In Snober City RDA Approved Adiala Road Rwp,0.75,"Adiala Road, Rawalpindi",https://www.zameen.com/Property/rawalpindi_adiala_road_5_marla_lop_2550_plot_alotmnt_and_regstry_in_snober_city_rda_approved_adiala_road_rwp-52149698-478-2.html,87,Rawalpindi,Adiala Road,5.0,33.5778124,73.0650131
Chaklala Scheme 3 Walaite Colony Plot For Sale 7 Marla Near To Main Road Good Location Near And Clean,1.8,"Chaklala Scheme 3, Chaklala Scheme",https://www.zameen.com/Property/chaklala_scheme_chaklala_scheme_3_chaklala_scheme_3_walaite_colony_plot_for_sale_7_marla_near_to_main_road_good_location_near_and_clean-54767454-1312-2.html,87,Rawalpindi,Chaklala Scheme 3,7.2,33.5695006,73.0667911
Chaklala Scheme 3 Walaite Colony Plot For Sale 7 Marla Near To Main Road Good Location Near And Clean,1.8,"Chaklala Scheme 3, Chaklala Scheme",https://www.zameen.com/Property/chaklala_scheme_chaklala_scheme_3_chaklala_scheme_3_walaite_colony_plot_for_sale_7_marla_near_to_main_road_good_location_near_and_clean-54767455-1312-2.html,88,Rawalpindi,Chaklala Scheme 3,7.2,33.5695006,73.0667911
HOT DEAL!!! 8 MARLA PLOT BAHRIA TOWN,0.9,"Bahria Town Phase 8 - Block J, Bahria Town Phase 8",https://www.zameen.com/Property/bahria_town_phase_8_bahria_town_phase_8_-_block_j_hot_deal_8_marla_plot_bahria_town-54418820-3058-2.html,88,Rawalpindi,Bahria Town Phase 8 - Block J,8.0,33.4862,73.0874
BAHRIA TOWN PHASE 8 F2 BLOCK 10 MARLA PLOT SALE,0.95,"Bahria Town Phase 8 - Sector F-2, Bahria Town Phase 8",https://www.zameen.com/Property/bahria_town_phase_8_bahria_town_phase_8_-_sector_f-2_bahria_town_phase_8_f2_block_10_marla_plot_sale-54522897-8250-2.html,88,Rawalpindi,Bahria Town Phase 8 - Sector F-2,10.0,33.4855018,73.0971219
21 Marla Excellent Location Plot Bahria Town,1.7,"Bahria Town Phase 8 - Block P, Bahria Town Phase 8",https://www.zameen.com/Property/bahria_town_phase_8_bahria_town_phase_8_-_block_p_21_marla_excellent_location_plot_bahria_town-54700566-3065-2.html,88,Rawalpindi,Bahria Town Phase 8 - Block P,20.0,33.4862,73.0874
Overseas-2 Back Open 10-Marla Ideal Location Plot Available For Sale,1.65,"Bahria Greens - Overseas Enclave - Sector 2, Bahria Greens - Overseas Enclave",https://www.zameen.com/Property/bahria_greens_overseas_enclave_bahria_greens_-_overseas_enclave_-_sector_2_overseas-2_back_open_10-marla_ideal_location_plot_available_for_sale-53900210-8301-2.html,88,Rawalpindi,Bahria Greens - Overseas Enclave - Sector 2,10.0,33.4735,73.091
10 Marla Park Facing Plot For Sale Prime Location,1.05,"Bahria Town Phase 8 - Block I, Bahria Town Phase 8",https://www.zameen.com/Property/bahria_town_phase_8_bahria_town_phase_8_-_block_i_10_marla_park_facing_plot_for_sale_prime_location-54165051-3057-2.html,88,Rawalpindi,Bahria Town Phase 8 - Block I,10.0,33.4862,73.0874
Residential Plot For sale In Rawalpindi,0.88,"Bahria Town Phase 8 - Block I, Bahria Town Phase 8",https://www.zameen.com/Property/bahria_town_phase_8_bahria_town_phase_8_-_block_i_residential_plot_for_sale_in_rawalpindi-53556165-3057-2.html,88,Rawalpindi,Bahria Town Phase 8 - Block I,10.0,33.4862,73.0874
"5 Marla Boulevard Plot For Sale Ali Block, Bahria Town Phase 8",0.82,"Bahria Town Phase 8 - Ali Block, Bahria Town Phase 8 - Safari Valley",https://www.zameen.com/Property/bahria_town_phase_8_safari_valley_bahria_town_phase_8_-_ali_block_5_marla_boulevard_plot_for_sale_ali_block_bahria_town_phase_8-54531224-3070-2.html,88,Rawalpindi,Bahria Town Phase 8 - Ali Block,5.0,33.4862,73.0874
"10 Marla Prime Location Plot For Sale In Bahria Town Phase 8, Rawalpindi",1.15,"Bahria Town Phase 8, Bahria Town Rawalpindi",https://www.zameen.com/Property/bahria_town_rawalpindi_bahria_town_phase_8_10_marla_prime_location_plot_for_sale_in_bahria_town_phase_8_rawalpindi-54706651-3048-2.html,88,Rawalpindi,Bahria Town Phase 8,10.0,33.5012685,73.0872635
7 Marla Solid Land Builder Location Plot,0.9,"Bahria Town Phase 8 - Umer Block, Bahria Town Phase 8 - Safari Valley",https://www.zameen.com/Property/bahria_town_phase_8_safari_valley_bahria_town_phase_8_-_umer_block_7_marla_solid_land_builder_location_plot-54533164-3067-2.html,88,Rawalpindi,Bahria Town Phase 8 - Umer Block,7.0,33.4862,73.0874
Get In Touch Now To Buy A 5 Marla Residential Plot In Bahria Town Phase 8 - Ali Block,0.6,"Bahria Town Phase 8 - Ali Block, Bahria Town Phase 8 - Safari Valley",https://www.zameen.com/Property/bahria_town_phase_8_safari_valley_bahria_town_phase_8_-_ali_block_get_in_touch_now_to_buy_a_5_marla_residential_plot_in_bahria_town_phase_8_-_ali_block-54500381-3070-2.html,88,Rawalpindi,Bahria Town Phase 8 - Ali Block,5.0,33.4862,73.0874
"8 Marla Developed Plot For Sale In Block K, Bahria Town Phase 8 Rawalpindi",0.53,"Bahria Town Phase 8 - Block K, Bahria Town Phase 8",https://www.zameen.com/Property/bahria_town_phase_8_bahria_town_phase_8_-_block_k_8_marla_developed_plot_for_sale_in_block_k_bahria_town_phase_8_rawalpindi-54531226-3060-2.html,88,Rawalpindi,Bahria Town Phase 8 - Block K,8.0,33.4862,73.0874
10 Marla High Location Plot Available For Sale In Bharia Town Phase 8 Sector F 1.,1.15,"Bahria Town Phase 8, Bahria Town Rawalpindi",https://www.zameen.com/Property/bahria_town_rawalpindi_bahria_town_phase_8_10_marla_high_location_plot_available_for_sale_in_bharia_town_phase_8_sector_f_1-54555676-3048-2.html,88,Rawalpindi,Bahria Town Phase 8,10.0,33.5012685,73.0872635
UP COUNTRY ENCLOSURE REQUIRED PLOTS 5 MARLA PLOT ON CASH PAYMENT,0.28,"UpCountry Enclosures Society - Block F, UpCountry Enclosures Housing Society",https://www.zameen.com/Property/upcountry_enclosures_housing_society_upcountry_enclosures_society_-_block_f_up_country_enclosure_required_plots_5_marla_plot_on_cash_payment-54121969-16295-2.html,88,Rawalpindi,UpCountry Enclosures Society - Block F,5.0,33.5412,72.8845
5 Marla Plot File For Sale Registry,0.07,"Mandra - Chakwal Road, Mandra",https://www.zameen.com/Property/mandra_mandra_-_chakwal_road_5_marla_plot_file_for_sale_registry-54764947-17417-2.html,88,Rawalpindi,Mandra - Chakwal Road,5.0,32.9560989,72.8664466
Good Location Plot For Sale Good For Investment,6.75,"Satellite Town - Block A, Satellite Town",https://www.zameen.com/Property/satellite_town_satellite_town_-_block_a_good_location_plot_for_sale_good_for_investment-54764814-10237-2.html,88,Rawalpindi,Satellite Town - Block A,9.0,33.6455173,73.0591648
Kanal Park Face Plot For Sale Sector F-4,1.25,"Bahria Town Phase 8 - Sector F-4, Bahria Town Phase 8",https://www.zameen.com/Property/bahria_town_phase_8_bahria_town_phase_8_-_sector_f-4_kanal_park_face_plot_for_sale_sector_f-4-54294817-8252-2.html,88,Rawalpindi,Bahria Town Phase 8 - Sector F-4,20.0,33.4855018,73.0971219
Premium 10 Marla Residential Plot Is Available For Sale In Rawalpindi,1.35,"Bahria Town Phase 8 - Block C, Bahria Town Phase 8",https://www.zameen.com/Property/bahria_town_phase_8_bahria_town_phase_8_-_block_c_premium_10_marla_residential_plot_is_available_for_sale_in_rawalpindi-54671528-3051-2.html,88,Rawalpindi,Bahria Town Phase 8 - Block C,10.0,33.4862,73.0874
D Block 5 Marla Plot For Sale Prime Location,0.9,"Airport Housing Society - Sector 4, Airport Housing Society",https://www.zameen.com/Property/airport_housing_society_airport_housing_society_-_sector_4_d_block_5_marla_plot_for_sale_prime_location-54654611-9155-2.html,89,Rawalpindi,Airport Housing Society - Sector 4,5.0,33.5941022,73.1307386
5m Residential Plot For Sale In Overseas Seas 5,0.8,"Bahria Greens - Overseas Enclave, Bahria Town Phase 8",https://www.zameen.com/Property/bahria_town_phase_8_bahria_greens_-_overseas_enclave_5m_residential_plot_for_sale_in_overseas_seas_5-54745031-3081-2.html,89,Rawalpindi,Bahria Greens - Overseas Enclave,5.0,33.4735,73.091
5 Marla Pair Plots For Sale Ready For Construction Silver City Rawalpindi -RDA Approved Housing Project,0.23,"Silver City, Girja Road",https://www.zameen.com/Property/girja_road_silver_city_5_marla_pair_plots_for_sale_ready_for_construction_silver_city_rawalpindi_-rda_approved_housing_project-50587661-11949-2.html,89,Rawalpindi,Silver City,5.0,33.5469406,72.9455761
Hot Deal! 5 Marla Developed Plot Near Main Gate | Ready for Immediate Construction | RDA Approved | High Investment Potential,0.18,"Silver City, Girja Road",https://www.zameen.com/Property/girja_road_silver_city_hot_deal_5_marla_developed_plot_near_main_gate_ready_for_immediate_construction_rda_approved_high_investment_potential-53847583-11949-2.html,89,Rawalpindi,Silver City,5.0,33.5469406,72.9455761
Prime 5 Marla Plot For Sale In Silver City Ideal Location,0.23,"Silver City, Girja Road",https://www.zameen.com/Property/girja_road_silver_city_prime_5_marla_plot_for_sale_in_silver_city_ideal_location-53847634-11949-2.html,89,Rawalpindi,Silver City,5.0,33.5469406,72.9455761
10M DEVELOPED POSSESSION PRIME 1 BLOCK G Street -4 99ft Road Prime Location Paid,0.62,"Capital Smart City, Rawalpindi",https://www.zameen.com/Property/rawalpindi_capital_smart_city_10m_developed_possession_prime_1_block_g_street_-4_99ft_road_prime_location_paid-54100845-11891-2.html,89,Rawalpindi,Capital Smart City,10.0,33.4407844,72.8587589
1 Kanal Plot For Sale Judicial coloney,4.5,"Judicial Colony, Rawalpindi",https://www.zameen.com/Property/rawalpindi_judicial_colony_1_kanal_plot_for_sale_judicial_coloney-53848067-1266-2.html,89,Rawalpindi,Judicial Colony,20.0,33.5952136,73.1352538
10 Marla Plot For Sale In Block I - Bahria Town Phase 8 - Rawalpindi,1.35,"Bahria Town Phase 8 - Block I, Bahria Town Phase 8",https://www.zameen.com/Property/bahria_town_phase_8_bahria_town_phase_8_-_block_i_10_marla_plot_for_sale_in_block_i_-_bahria_town_phase_8_-_rawalpindi-49890537-3057-2.html,89,Rawalpindi,Bahria Town Phase 8 - Block I,10.0,33.4862,73.0874
"5 Marla Residential Plot For Sale In M Block, Bahria Town Phase 8, Rawalpindi | Prime Location",0.8,"Bahria Town Phase 8 - Block M, Bahria Town Phase 8",https://www.zameen.com/Property/bahria_town_phase_8_bahria_town_phase_8_-_block_m_5_marla_residential_plot_for_sale_in_m_block_bahria_town_phase_8_rawalpindi_prime_location-54527599-3062-2.html,89,Rawalpindi,Bahria Town Phase 8 - Block M,5.0,33.4862,73.0874
"10 Marla Residential Plot For Sale Sector I, Bahria Town Phase 8, Rawalpindi",1.2,"Bahria Town Phase 8, Bahria Town Rawalpindi",https://www.zameen.com/Property/bahria_town_rawalpindi_bahria_town_phase_8_10_marla_residential_plot_for_sale_sector_i_bahria_town_phase_8_rawalpindi-54536773-3048-2.html,89,Rawalpindi,Bahria Town Phase 8,10.0,33.5012685,73.0872635
"10 Marla Plot For Sale Block I, Bahria Town Phase 8, Rawalpind",1.1,"Bahria Town Phase 8 - Block I, Bahria Town Phase 8",https://www.zameen.com/Property/bahria_town_phase_8_bahria_town_phase_8_-_block_i_10_marla_plot_for_sale_block_i_bahria_town_phase_8_rawalpind-54558841-3057-2.html,89,Rawalpindi,Bahria Town Phase 8 - Block I,10.0,33.4862,73.0874
5 Marla Pot For Sale In Gulistan Colony Rawalpindi,0.6,"Gulistan Colony, Rawalpindi",https://www.zameen.com/Property/rawalpindi_gulistan_colony_5_marla_pot_for_sale_in_gulistan_colony_rawalpindi-54764070-739-2.html,89,Rawalpindi,Gulistan Colony,5.0,33.570708,73.0920455
UpCountry Block F 5 Marla Plot For Sale,0.35,"UpCountry Enclosures Society - Block F, UpCountry Enclosures Housing Society",https://www.zameen.com/Property/upcountry_enclosures_housing_society_upcountry_enclosures_society_-_block_f_upcountry_block_f_5_marla_plot_for_sale-54705988-16295-2.html,89,Rawalpindi,UpCountry Enclosures Society - Block F,5.0,33.5412,72.8845
Up Country Block H 5 Marla Corner Plot For Sale,0.41,"UpCountry Enclosures Society - Block H, UpCountry Enclosures Housing Society",https://www.zameen.com/Property/upcountry_enclosures_housing_society_upcountry_enclosures_society_-_block_h_up_country_block_h_5_marla_corner_plot_for_sale-54705989-16297-2.html,89,Rawalpindi,UpCountry Enclosures Society - Block H,5.0,33.5412,72.8845
UpCountry Block F 5 Marla Pair Plot For Sale,0.3,"UpCountry Enclosures Society - Block F, UpCountry Enclosures Housing Society",https://www.zameen.com/Property/upcountry_enclosures_housing_society_upcountry_enclosures_society_-_block_f_upcountry_block_f_5_marla_pair_plot_for_sale-54705993-16295-2.html,89,Rawalpindi,UpCountry Enclosures Society - Block F,5.0,33.5412,72.8845
UpCountry Block G 1 kanal Plot for sale,1.15,"UpCountry Enclosures Society - Block G, UpCountry Enclosures Housing Society",https://www.zameen.com/Property/upcountry_enclosures_housing_society_upcountry_enclosures_society_-_block_g_upcountry_block_g_1_kanal_plot_for_sale-54706503-16296-2.html,89,Rawalpindi,UpCountry Enclosures Society - Block G,20.0,33.5412,72.8845
UpCountry Block F Pair Plot For Sale Each Plot Demand 35 Lac,0.35,"UpCountry Enclosures Society - Block F, UpCountry Enclosures Housing Society",https://www.zameen.com/Property/upcountry_enclosures_housing_society_upcountry_enclosures_society_-_block_f_upcountry_block_f_pair_plot_for_sale_each_plot_demand_35_lac-54706530-16295-2.html,89,Rawalpindi,UpCountry Enclosures Society - Block F,5.0,33.5412,72.8845
Sector D 20 Marla Plot For Sale Boulevard Back Ideal Location Sun Face,2.0,"Bahria Town Phase 8 - Block D, Bahria Town Phase 8",https://www.zameen.com/Property/bahria_town_phase_8_bahria_town_phase_8_-_block_d_sector_d_20_marla_plot_for_sale_boulevard_back_ideal_location_sun_face-49768225-3052-2.html,90,Rawalpindi,Bahria Town Phase 8 - Block D,20.0,33.4862,73.0874
INVESTOR PRICE PLOT IN SECTOR A,1.65,"Bahria Town Phase 8 - Block A, Bahria Town Phase 8",https://www.zameen.com/Property/bahria_town_phase_8_bahria_town_phase_8_-_block_a_investor_price_plot_in_sector_a-53391199-3049-2.html,90,Rawalpindi,Bahria Town Phase 8 - Block A,20.0,33.4862,73.0874
10 Marla Plot For Sale With Extra Land Top Location Overseas Sector Sun Face,1.25,"Bahria Greens - Overseas Enclave - Sector 2, Bahria Greens - Overseas Enclave",https://www.zameen.com/Property/bahria_greens_overseas_enclave_bahria_greens_-_overseas_enclave_-_sector_2_10_marla_plot_for_sale_with_extra_land_top_location_overseas_sector_sun_face-52594213-8301-2.html,90,Rawalpindi,Bahria Greens - Overseas Enclave - Sector 2,10.0,33.4735,73.091
10 Marla Street Corner Plot For Sale With Extra Land Sun Face Back Open Most Prime Location Near To All Facilities Available,1.4,"Bahria Greens - Overseas Enclave - Sector 6, Bahria Greens - Overseas Enclave",https://www.zameen.com/Property/bahria_greens_overseas_enclave_bahria_greens_-_overseas_enclave_-_sector_6_10_marla_street_corner_plot_for_sale_with_extra_land_sun_face_back_open_most_prime_location_near_to_all_facilities_available-52594373-8305-2.html,90,Rawalpindi,Bahria Greens - Overseas Enclave - Sector 6,10.0,33.4735,73.091
Overseas Sector 3 10 Marla Plot For Sale Most Prime Location Sun Face Solid Land Heighted Location,1.5,"Bahria Greens - Overseas Enclave - Sector 3, Bahria Greens - Overseas Enclave",https://www.zameen.com/Property/bahria_greens_overseas_enclave_bahria_greens_-_overseas_enclave_-_sector_3_overseas_sector_3_10_marla_plot_for_sale_most_prime_location_sun_face_solid_land_heighted_location-52594436-8302-2.html,90,Rawalpindi,Bahria Greens - Overseas Enclave - Sector 3,10.0,33.4735,73.091
5 MARLA CORNER PLOT MOST DEMANDING LOCATION,3.0,"Bahria Town Phase 8 - Hill Top Commercial, Bahria Town Phase 8",https://www.zameen.com/Property/bahria_town_phase_8_bahria_town_phase_8_-_hill_top_commercial_5_marla_corner_plot_most_demanding_location-54672808-21460-2.html,90,Rawalpindi,Bahria Town Phase 8 - Hill Top Commercial,5.0,33.4862,73.0874
Ready To Contraction 10 Marla Plot Adiala Road Punjab Housing Society,0.95,"Punjab Government Servant Housing Foundation (PGSHF), Rawalpindi",https://www.zameen.com/Property/rawalpindi_punjab_government_servant_housing_foundation_pgshf_ready_to_contraction_10_marla_plot_adiala_road_punjab_housing_society-54466882-10424-2.html,90,Rawalpindi,Punjab Government Servant Housing Foundation (PGSHF),10.0,33.4542,72.9515
5.5 Marla Residential Plot Available,1.8,"Peshawar Road, Rawalpindi",https://www.zameen.com/Property/rawalpindi_peshawar_road_5_5_marla_residential_plot_available-54594579-517-2.html,90,Rawalpindi,Peshawar Road,5.5,33.61362,72.9960127
Kanal Plot For Sale In Bahria Town Rawalpindi,4.0,"Bahria Town Phase 3, Bahria Town Rawalpindi",https://www.zameen.com/Property/bahria_town_rawalpindi_bahria_town_phase_3_kanal_plot_for_sale_in_bahria_town_rawalpindi-49664455-3036-2.html,90,Rawalpindi,Bahria Town Phase 3,20.0,33.5701202,73.1163357
Kanal Plot For Sale In Bahria Town Rawalpindi,4.65,"Bahria Town Phase 5, Bahria Town Rawalpindi",https://www.zameen.com/Property/bahria_town_rawalpindi_bahria_town_phase_5_kanal_plot_for_sale_in_bahria_town_rawalpindi-49666179-3045-2.html,90,Rawalpindi,Bahria Town Phase 5,26.0,33.5701202,73.1163357
Kanal Corner Extra Land Plot For Sale In Phase 1 Bahria Town Rawalpindi,4.4,"Bahria Town Phase 1, Bahria Town Rawalpindi",https://www.zameen.com/Property/bahria_town_rawalpindi_bahria_town_phase_1_kanal_corner_extra_land_plot_for_sale_in_phase_1_bahria_town_rawalpindi-51965515-3033-2.html,90,Rawalpindi,Bahria Town Phase 1,26.0,33.5701202,73.1163357
Kanal Plot For Sale In Phase 3 Bahria Town Rawalpindi,3.9,"Bahria Town Phase 3, Bahria Town Rawalpindi",https://www.zameen.com/Property/bahria_town_rawalpindi_bahria_town_phase_3_kanal_plot_for_sale_in_phase_3_bahria_town_rawalpindi-48857146-3036-2.html,90,Rawalpindi,Bahria Town Phase 3,20.0,33.5701202,73.1163357
Kanal Plot For Sale In Bahria Town Rawalpindi,3.9,"Bahria Town Phase 3, Bahria Town Rawalpindi",https://www.zameen.com/Property/bahria_town_rawalpindi_bahria_town_phase_3_kanal_plot_for_sale_in_bahria_town_rawalpindi-52329251-3036-2.html,90,Rawalpindi,Bahria Town Phase 3,20.0,33.5701202,73.1163357
10 Marla Plot For Sale In Phase 3 Bahria Town Rawalpindi,2.5,"Bahria Town Phase 3, Bahria Town Rawalpindi",https://www.zameen.com/Property/bahria_town_rawalpindi_bahria_town_phase_3_10_marla_plot_for_sale_in_phase_3_bahria_town_rawalpindi-52582856-3036-2.html,90,Rawalpindi,Bahria Town Phase 3,10.0,33.5701202,73.1163357
End Your Search For Residential Plot Here And sale Now,0.57,"UpCountry Enclosures Housing Society, Rawalpindi",https://www.zameen.com/Property/rawalpindi_upcountry_enclosures_housing_society_end_your_search_for_residential_plot_here_and_sale_now-54547053-11752-2.html,90,Rawalpindi,UpCountry Enclosures Housing Society,10.0,33.5412,72.8845
4500 Square Feet Residential Plot available for sale in UpCountry Enclosures Housing Society if you hurry,0.95,"UpCountry Enclosures Housing Society, Rawalpindi",https://www.zameen.com/Property/rawalpindi_upcountry_enclosures_housing_society_4500_square_feet_residential_plot_available_for_sale_in_upcountry_enclosures_housing_society_if_you_hurry-54547055-11752-2.html,90,Rawalpindi,UpCountry Enclosures Housing Society,20.0,33.5412,72.8845
10 Marla Plot For Sale In Bahria Town Rawalpindi,2.5,"Bahria Town Phase 3, Bahria Town Rawalpindi",https://www.zameen.com/Property/bahria_town_rawalpindi_bahria_town_phase_3_10_marla_plot_for_sale_in_bahria_town_rawalpindi-53811147-3036-2.html,90,Rawalpindi,Bahria Town Phase 3,10.0,33.5701202,73.1163357
10 Marla Plot For Sale In Phase 5 Bahria Town Rawalpindi,1.95,"Bahria Town Phase 5, Bahria Town Rawalpindi",https://www.zameen.com/Property/bahria_town_rawalpindi_bahria_town_phase_5_10_marla_plot_for_sale_in_phase_5_bahria_town_rawalpindi-54218174-3045-2.html,90,Rawalpindi,Bahria Town Phase 5,10.0,33.5701202,73.1163357
Residential 05 Marla (30ft X 40ft) Plot For Sale,0.68,"Bahria Town Phase 8, Bahria Town Rawalpindi",https://www.zameen.com/Property/bahria_town_rawalpindi_bahria_town_phase_8_residential_05_marla_30ft_x_40ft_plot_for_sale-54471756-3048-2.html,91,Rawalpindi,Bahria Town Phase 8,5.0,33.5012685,73.0872635
B Block 15 Marla Plot For Sale.,1.5,"Bahria Town Phase 8, Bahria Town Rawalpindi",https://www.zameen.com/Property/bahria_town_rawalpindi_bahria_town_phase_8_b_block_15_marla_plot_for_sale-54752260-3048-2.html,91,Rawalpindi,Bahria Town Phase 8,15.0,33.5012685,73.0872635
Reserve A Residential Plot Of 24 Marla Now In Bahria Town Phase 7,4.85,"Bahria Town Phase 7, Bahria Town Rawalpindi",https://www.zameen.com/Property/bahria_town_rawalpindi_bahria_town_phase_7_reserve_a_residential_plot_of_24_marla_now_in_bahria_town_phase_7-54761142-3047-2.html,91,Rawalpindi,Bahria Town Phase 7,24.0,33.5701202,73.1163357
10 Marla Residential Plot In Bahria Town Phase 7 Is Available For Sale,2.05,"Bahria Town Phase 7, Bahria Town Rawalpindi",https://www.zameen.com/Property/bahria_town_rawalpindi_bahria_town_phase_7_10_marla_residential_plot_in_bahria_town_phase_7_is_available_for_sale-54761149-3047-2.html,91,Rawalpindi,Bahria Town Phase 7,10.0,33.5701202,73.1163357
Gorgeous 10 Marla Residential Plot For sale Available In Bahria Town Phase 7,2.05,"Bahria Town Phase 7, Bahria Town Rawalpindi",https://www.zameen.com/Property/bahria_town_rawalpindi_bahria_town_phase_7_gorgeous_10_marla_residential_plot_for_sale_available_in_bahria_town_phase_7-54761147-3047-2.html,91,Rawalpindi,Bahria Town Phase 7,10.0,33.5701202,73.1163357
Residential Plot For Sale In Bahria Town Phase 7 Rawalpindi,3.25,"Bahria Town Phase 7, Bahria Town Rawalpindi",https://www.zameen.com/Property/bahria_town_rawalpindi_bahria_town_phase_7_residential_plot_for_sale_in_bahria_town_phase_7_rawalpindi-54761144-3047-2.html,91,Rawalpindi,Bahria Town Phase 7,20.0,33.5701202,73.1163357
Buy A Centrally Located 10 Marla Residential Plot In Bahria Town Phase 7,1.7,"Bahria Town Phase 7, Bahria Town Rawalpindi",https://www.zameen.com/Property/bahria_town_rawalpindi_bahria_town_phase_7_buy_a_centrally_located_10_marla_residential_plot_in_bahria_town_phase_7-54761151-3047-2.html,91,Rawalpindi,Bahria Town Phase 7,10.0,33.5701202,73.1163357
Residential Plot Of 18 Marla Is Available For sale,3.2,"Bahria Town Phase 7, Bahria Town Rawalpindi",https://www.zameen.com/Property/bahria_town_rawalpindi_bahria_town_phase_7_residential_plot_of_18_marla_is_available_for_sale-54761146-3047-2.html,91,Rawalpindi,Bahria Town Phase 7,18.0,33.5701202,73.1163357
10 Marla Plot Available For Sale Sector I,1.05,"Bahria Town Phase 8 - Block I, Bahria Town Phase 8",https://www.zameen.com/Property/bahria_town_phase_8_bahria_town_phase_8_-_block_i_10_marla_plot_available_for_sale_sector_i-54357567-3057-2.html,91,Rawalpindi,Bahria Town Phase 8 - Block I,10.0,33.4862,73.0874
10 Marla Plot Available For Sale  Ready For Construction,0.95,"Bahria Town Phase 8 - Sector F-1, Bahria Town Phase 8",https://www.zameen.com/Property/bahria_town_phase_8_bahria_town_phase_8_-_sector_f-1_10_marla_plot_available_for_sale_ready_for_construction-54357253-3095-2.html,91,Rawalpindi,Bahria Town Phase 8 - Sector F-1,10.0,33.4855018,73.0971219
10 Marla Ready-To-Construct Plot Available For Sale,1.25,"Bahria Town Phase 8 - Block D, Bahria Town Phase 8",https://www.zameen.com/Property/bahria_town_phase_8_bahria_town_phase_8_-_block_d_10_marla_ready-to-construct_plot_available_for_sale-54514271-3052-2.html,91,Rawalpindi,Bahria Town Phase 8 - Block D,10.0,33.4862,73.0874
10 Marla Ready-To-Construct Plot Available For Sale,0.85,"Bahria Town Phase 8 - Block A, Bahria Town Phase 8",https://www.zameen.com/Property/bahria_town_phase_8_bahria_town_phase_8_-_block_a_10_marla_ready-to-construct_plot_available_for_sale-54514273-3049-2.html,91,Rawalpindi,Bahria Town Phase 8 - Block A,10.0,33.4862,73.0874
10 Marla Ready-To-Construct Plot Available For SALE SECTOR D,0.9,"Bahria Town Phase 8 - Block D, Bahria Town Phase 8",https://www.zameen.com/Property/bahria_town_phase_8_bahria_town_phase_8_-_block_d_10_marla_ready-to-construct_plot_available_for_sale_sector_d-54514268-3052-2.html,91,Rawalpindi,Bahria Town Phase 8 - Block D,10.0,33.4862,73.0874
10 Marla Ready-to-Construct Plot Available For Sale,0.75,"Bahria Town Phase 8 - Sector F-3, Bahria Town Phase 8",https://www.zameen.com/Property/bahria_town_phase_8_bahria_town_phase_8_-_sector_f-3_10_marla_ready-to-construct_plot_available_for_sale-54451717-8251-2.html,91,Rawalpindi,Bahria Town Phase 8 - Sector F-3,10.0,33.4855018,73.0971219
7 Marla Plot Available For Sale Sector K,0.45,"Bahria Town Phase 8 - Block K, Bahria Town Phase 8",https://www.zameen.com/Property/bahria_town_phase_8_bahria_town_phase_8_-_block_k_7_marla_plot_available_for_sale_sector_k-54425193-3060-2.html,91,Rawalpindi,Bahria Town Phase 8 - Block K,7.0,33.4862,73.0874
5 Marla Plot Available For Sale,0.48,"Rose Garden, Bahria Town Phase 8",https://www.zameen.com/Property/bahria_town_phase_8_rose_garden_5_marla_plot_available_for_sale-54424887-12363-2.html,91,Rawalpindi,Rose Garden,5.0,33.5874801,73.0857514
10 Marla Ready-To-Construct Plot Available For Sale Sector I,0.85,"Bahria Town Phase 8 - Block I, Bahria Town Phase 8",https://www.zameen.com/Property/bahria_town_phase_8_bahria_town_phase_8_-_block_i_10_marla_ready-to-construct_plot_available_for_sale_sector_i-54514278-3057-2.html,91,Rawalpindi,Bahria Town Phase 8 - Block I,10.0,33.4862,73.0874
5 Marla Plot Available For Sale Sector Rose Garden,0.55,"Rose Garden, Bahria Town Phase 8",https://www.zameen.com/Property/bahria_town_phase_8_rose_garden_5_marla_plot_available_for_sale_sector_rose_garden-54636743-12363-2.html,91,Rawalpindi,Rose Garden,5.0,33.5874801,73.0857514
7 Marla Plot Available FOR Sale Saffari Velly,0.7,"Bahria Town Phase 8 - Safari Valley, Bahria Town Phase 8",https://www.zameen.com/Property/bahria_town_phase_8_bahria_town_phase_8_-_safari_valley_7_marla_plot_available_for_sale_saffari_velly-54636740-3074-2.html,91,Rawalpindi,Bahria Town Phase 8 - Safari Valley,7.0,33.4848621,73.096708
7 Marla Usman Block Plot Available For Sale,0.75,"Bahria Town Phase 8 - Usman Block, Bahria Town Phase 8 - Safari Valley",https://www.zameen.com/Property/bahria_town_phase_8_safari_valley_bahria_town_phase_8_-_usman_block_7_marla_usman_block_plot_available_for_sale-54636739-3068-2.html,91,Rawalpindi,Bahria Town Phase 8 - Usman Block,7.0,33.4848621,73.096708
5 Marla Plot Available FOR Sale M Block,0.65,"Bahria Town Phase 8 - Block M, Bahria Town Phase 8",https://www.zameen.com/Property/bahria_town_phase_8_bahria_town_phase_8_-_block_m_5_marla_plot_available_for_sale_m_block-54636737-3062-2.html,91,Rawalpindi,Bahria Town Phase 8 - Block M,5.0,33.4862,73.0874
6 Marla Plot Available For Sale,0.75,"Bahria Town Phase 8 - Sector E-1, Bahria Town Phase 8",https://www.zameen.com/Property/bahria_town_phase_8_bahria_town_phase_8_-_sector_e-1_6_marla_plot_available_for_sale-54636736-8360-2.html,91,Rawalpindi,Bahria Town Phase 8 - Sector E-1,6.0,33.4855018,73.0971219
10 Marla Ready-To-Construct Plot Available For Sale Sector E,0.95,"Bahria Town Phase 8 - Block E, Bahria Town Phase 8",https://www.zameen.com/Property/bahria_town_phase_8_bahria_town_phase_8_-_block_e_10_marla_ready-to-construct_plot_available_for_sale_sector_e-54636734-3053-2.html,92,Rawalpindi,Bahria Town Phase 8 - Block E,10.0,33.4862,73.0874
10 Marla Plot Available For Sale Sector L,0.85,"Bahria Town Phase 8 - Block L, Bahria Town Phase 8",https://www.zameen.com/Property/bahria_town_phase_8_bahria_town_phase_8_-_block_l_10_marla_plot_available_for_sale_sector_l-54636733-3061-2.html,92,Rawalpindi,Bahria Town Phase 8 - Block L,10.0,33.4862,73.0874
Residential Plot Of 1 Kanal Available For sale In Bahria Town Phase 7,3.2,"Bahria Town Phase 7, Bahria Town Rawalpindi",https://www.zameen.com/Property/bahria_town_rawalpindi_bahria_town_phase_7_residential_plot_of_1_kanal_available_for_sale_in_bahria_town_phase_7-54760564-3047-2.html,92,Rawalpindi,Bahria Town Phase 7,20.0,33.5701202,73.1163357
Residential Plot For Grabs In 10 Marla Rawalpindi,1.95,"Bahria Town Phase 5, Bahria Town Rawalpindi",https://www.zameen.com/Property/bahria_town_rawalpindi_bahria_town_phase_5_residential_plot_for_grabs_in_10_marla_rawalpindi-54760563-3045-2.html,92,Rawalpindi,Bahria Town Phase 5,10.0,33.5701202,73.1163357
Bahria Town Phase 7 Residential Plot For sale Sized 1 Kanal,3.7,"Bahria Town Phase 7, Bahria Town Rawalpindi",https://www.zameen.com/Property/bahria_town_rawalpindi_bahria_town_phase_7_bahria_town_phase_7_residential_plot_for_sale_sized_1_kanal-54760565-3047-2.html,92,Rawalpindi,Bahria Town Phase 7,20.0,33.5701202,73.1163357
Plot For Sale In Bahria Town Phase 8 7 Marla Plot Best Investment Opportunity,0.97,"Bahria Town Phase 8 - Umer Block, Bahria Town Phase 8 - Safari Valley",https://www.zameen.com/Property/bahria_town_phase_8_safari_valley_bahria_town_phase_8_-_umer_block_plot_for_sale_in_bahria_town_phase_8_7_marla_plot_best_investment_opportunity-54760401-3067-2.html,92,Rawalpindi,Bahria Town Phase 8 - Umer Block,7.0,33.4862,73.0874
Main Double Road Residential Plot For Grabs In 24 Marla Rawalpindi,1.75,"Bahria Town Phase 8 - Block P, Bahria Town Phase 8",https://www.zameen.com/Property/bahria_town_phase_8_bahria_town_phase_8_-_block_p_main_double_road_residential_plot_for_grabs_in_24_marla_rawalpindi-54145535-3065-2.html,92,Rawalpindi,Bahria Town Phase 8 - Block P,24.0,33.4862,73.0874
Reserve A Centrally Located Residential Plot Of 12 Marla In Bahria Town Phase 8,0.85,"Bahria Town Phase 8, Bahria Town Rawalpindi",https://www.zameen.com/Property/bahria_town_rawalpindi_bahria_town_phase_8_reserve_a_centrally_located_residential_plot_of_12_marla_in_bahria_town_phase_8-54286643-3048-2.html,92,Rawalpindi,Bahria Town Phase 8,12.0,33.5012685,73.0872635
Main Double Road Residential Plot For Grabs In 20 Marla Rawalpindi,1.32,"Bahria Town Phase 8 - Block P, Bahria Town Phase 8",https://www.zameen.com/Property/bahria_town_phase_8_bahria_town_phase_8_-_block_p_main_double_road_residential_plot_for_grabs_in_20_marla_rawalpindi-54286645-3065-2.html,92,Rawalpindi,Bahria Town Phase 8 - Block P,20.0,33.4862,73.0874
A Perfect Near To Mosque Residential Plot Awaits You In Bahria Town Phase 8 - Safari Homes Rawalpindi,1.05,"Bahria Town Phase 8 - Safari Homes, Bahria Town Phase 8",https://www.zameen.com/Property/bahria_town_phase_8_bahria_town_phase_8_-_safari_homes_a_perfect_near_to_mosque_residential_plot_awaits_you_in_bahria_town_phase_8_-_safari_homes_rawalpindi-54532587-10610-2.html,92,Rawalpindi,Bahria Town Phase 8 - Safari Homes,8.0,33.4862,73.0874
Ready To Buy A Residential Plot In Bahria Town Phase 8 - Block L Rawalpindi,0.6,"Bahria Town Phase 8 - Block L, Bahria Town Phase 8",https://www.zameen.com/Property/bahria_town_phase_8_bahria_town_phase_8_-_block_l_ready_to_buy_a_residential_plot_in_bahria_town_phase_8_-_block_l_rawalpindi-54640433-3061-2.html,92,Rawalpindi,Bahria Town Phase 8 - Block L,8.0,33.4862,73.0874
BTR Phase 8 Sect G Plot 58J 10m + 3marla 5marla Extra Land Pu Paid 120 Ft Bulward Walking Distance Park Masjud,1.1,"Bahria Town Phase 8 - Block G, Bahria Town Phase 8",https://www.zameen.com/Property/bahria_town_phase_8_bahria_town_phase_8_-_block_g_btr_phase_8_sect_g_plot_58j_10m_3marla_5marla_extra_land_pu_paid_120_ft_bulward_walking_distance_park_masjud-54627082-3055-2.html,92,Rawalpindi,Bahria Town Phase 8 - Block G,18.0,33.4862,73.0874
Kanal Plot For Sale In Bahria Town Rawalpindi Phase 4,4.0,"Bahria Town Phase 4, Bahria Town Rawalpindi",https://www.zameen.com/Property/bahria_town_rawalpindi_bahria_town_phase_4_kanal_plot_for_sale_in_bahria_town_rawalpindi_phase_4-54221026-3041-2.html,92,Rawalpindi,Bahria Town Phase 4,20.0,33.5701202,73.1163357
Get An Attractive Residential Plot In Rawalpindi,0.9,"Bahria Town Phase 8 - Ali Block, Bahria Town Phase 8 - Safari Valley",https://www.zameen.com/Property/bahria_town_phase_8_safari_valley_bahria_town_phase_8_-_ali_block_get_an_attractive_residential_plot_in_rawalpindi-54706414-3070-2.html,92,Rawalpindi,Bahria Town Phase 8 - Ali Block,7.0,33.4862,73.0874
10 Marla Prime Location Plot In Phase 7 For Sale,2.0,"Bahria Town Phase 7, Bahria Town Rawalpindi",https://www.zameen.com/Property/bahria_town_rawalpindi_bahria_town_phase_7_10_marla_prime_location_plot_in_phase_7_for_sale-54405068-3047-2.html,92,Rawalpindi,Bahria Town Phase 7,10.0,33.5701202,73.1163357
10 Marla Prime Location Plot In Phase 7 For Sale,1.55,"Bahria Town Phase 7, Bahria Town Rawalpindi",https://www.zameen.com/Property/bahria_town_rawalpindi_bahria_town_phase_7_10_marla_prime_location_plot_in_phase_7_for_sale-54405061-3047-2.html,92,Rawalpindi,Bahria Town Phase 7,10.0,33.5701202,73.1163357
10 Marla Corner Plot For Sale In Phase 7,2.1,"Bahria Town Phase 7, Bahria Town Rawalpindi",https://www.zameen.com/Property/bahria_town_rawalpindi_bahria_town_phase_7_10_marla_corner_plot_for_sale_in_phase_7-54404971-3047-2.html,92,Rawalpindi,Bahria Town Phase 7,10.0,33.5701202,73.1163357
10 Marla Solid Land Heighted Location Plot For Sale,2.2,"Bahria Town Phase 7, Bahria Town Rawalpindi",https://www.zameen.com/Property/bahria_town_rawalpindi_bahria_town_phase_7_10_marla_solid_land_heighted_location_plot_for_sale-54404952-3047-2.html,92,Rawalpindi,Bahria Town Phase 7,10.0,33.5701202,73.1163357
5 Marla Corner Plot For Sale In Overseas sector,1.06,"Bahria Town Phase 7, Bahria Town Rawalpindi",https://www.zameen.com/Property/bahria_town_rawalpindi_bahria_town_phase_7_5_marla_corner_plot_for_sale_in_overseas_sector-54501355-3047-2.html,92,Rawalpindi,Bahria Town Phase 7,5.0,33.5701202,73.1163357
5 Marla Hot Location Plot For Sale In Overseas Sector,0.85,"Bahria Town Phase 7, Bahria Town Rawalpindi",https://www.zameen.com/Property/bahria_town_rawalpindi_bahria_town_phase_7_5_marla_hot_location_plot_for_sale_in_overseas_sector-54501337-3047-2.html,92,Rawalpindi,Bahria Town Phase 7,5.0,33.5701202,73.1163357
5 Marla Top Notch Location Plot For Sale In Sector Overseas 5,0.9,"Bahria Town Phase 7, Bahria Town Rawalpindi",https://www.zameen.com/Property/bahria_town_rawalpindi_bahria_town_phase_7_5_marla_top_notch_location_plot_for_sale_in_sector_overseas_5-54500605-3047-2.html,92,Rawalpindi,Bahria Town Phase 7,5.0,33.5701202,73.1163357
10 Marla Prime location Plot for sale,1.6,"Bahria Town Phase 7, Bahria Town Rawalpindi",https://www.zameen.com/Property/bahria_town_rawalpindi_bahria_town_phase_7_10_marla_prime_location_plot_for_sale-54405094-3047-2.html,92,Rawalpindi,Bahria Town Phase 7,10.0,33.5701202,73.1163357
8 Marla Hot Location Plot For Sale In Overseas Sector,1.15,"Bahria Town Phase 7, Bahria Town Rawalpindi",https://www.zameen.com/Property/bahria_town_rawalpindi_bahria_town_phase_7_8_marla_hot_location_plot_for_sale_in_overseas_sector-54501374-3047-2.html,92,Rawalpindi,Bahria Town Phase 7,8.0,33.5701202,73.1163357
A 14Marla Residential Plot At Affordable Price Awaits You in Lake Garden (Overseas Enclave Sector-3),1.58,"Bahria Town Phase 8 - Eden Lake View Block, Bahria Town Phase 8",https://www.zameen.com/Property/bahria_town_phase_8_bahria_town_phase_8_-_eden_lake_view_block_a_14marla_residential_plot_at_affordable_price_awaits_you_in_lake_garden_overseas_enclave_sector-3-54493140-3073-2.html,92,Rawalpindi,Bahria Town Phase 8 - Eden Lake View Block,14.0,33.4862,73.0874
Taj Residencia 8 Marla Plot Available For Sale,1.15,"Taj Residencia, Rawalpindi",https://www.zameen.com/Property/rawalpindi_taj_residencia_taj_residencia_8_marla_plot_available_for_sale-54291699-11491-2.html,93,Rawalpindi,Taj Residencia,8.0,33.589782,72.9679336
Possession Plot in Gardenia Block Taj Residencia,0.85,"Taj Residencia, Rawalpindi",https://www.zameen.com/Property/rawalpindi_taj_residencia_possession_plot_in_gardenia_block_taj_residencia-54621786-11491-2.html,93,Rawalpindi,Taj Residencia,5.0,33.589782,72.9679336
Taj Residencia 5 Marla Possession in Gardenia Block,0.82,"Taj Residencia, Rawalpindi",https://www.zameen.com/Property/rawalpindi_taj_residencia_taj_residencia_5_marla_possession_in_gardenia_block-54621746-11491-2.html,93,Rawalpindi,Taj Residencia,5.0,33.589782,72.9679336
Taj Residencia Possession Plot in Gardenia Sector,0.91,"Taj Residencia, Rawalpindi",https://www.zameen.com/Property/rawalpindi_taj_residencia_taj_residencia_possession_plot_in_gardenia_sector-54621693-11491-2.html,93,Rawalpindi,Taj Residencia,5.0,33.589782,72.9679336
Taj Residencia 8 Marla Plot Available For Sale,0.85,"Taj Residencia, Rawalpindi",https://www.zameen.com/Property/rawalpindi_taj_residencia_taj_residencia_8_marla_plot_available_for_sale-54482323-11491-2.html,93,Rawalpindi,Taj Residencia,8.0,33.589782,72.9679336
Taj Residencia 8 Marla Plot Available For Sale,1.27,"Taj Residencia, Rawalpindi",https://www.zameen.com/Property/rawalpindi_taj_residencia_taj_residencia_8_marla_plot_available_for_sale-54291591-11491-2.html,93,Rawalpindi,Taj Residencia,8.0,33.589782,72.9679336
10 Marla Plot Available For Sale In Taj Residencia,1.15,"Taj Residencia, Rawalpindi",https://www.zameen.com/Property/rawalpindi_taj_residencia_10_marla_plot_available_for_sale_in_taj_residencia-54291552-11491-2.html,93,Rawalpindi,Taj Residencia,10.0,33.589782,72.9679336
10 Marla Plot Available In Rose Sector For Sale,1.14,"Taj Residencia, Rawalpindi",https://www.zameen.com/Property/rawalpindi_taj_residencia_10_marla_plot_available_in_rose_sector_for_sale-54291459-11491-2.html,93,Rawalpindi,Taj Residencia,10.0,33.589782,72.9679336
10 Marla Plot Is Available In Orchid Sector Taj Residencia,1.39,"Taj Residencia, Rawalpindi",https://www.zameen.com/Property/rawalpindi_taj_residencia_10_marla_plot_is_available_in_orchid_sector_taj_residencia-54291419-11491-2.html,93,Rawalpindi,Taj Residencia,10.0,33.589782,72.9679336
Taj Residencia 10 Marla Plot Available For Sale,1.35,"Taj Residencia, Rawalpindi",https://www.zameen.com/Property/rawalpindi_taj_residencia_taj_residencia_10_marla_plot_available_for_sale-54291378-11491-2.html,93,Rawalpindi,Taj Residencia,10.0,33.589782,72.9679336
Residential Plot Spread Over 5 Marla In Bahria Town Phase 8 - Bahria Orchard Available,0.14,"Bahria Town Phase 8 - Bahria Orchard, Bahria Town Phase 8",https://www.zameen.com/Property/bahria_town_phase_8_bahria_town_phase_8_-_bahria_orchard_residential_plot_spread_over_5_marla_in_bahria_town_phase_8_-_bahria_orchard_available-54758156-9584-2.html,93,Rawalpindi,Bahria Town Phase 8 - Bahria Orchard,5.0,33.4862,73.0874
10 Marla Plot Available In Taj Residencia,1.36,"Taj Residencia, Rawalpindi",https://www.zameen.com/Property/rawalpindi_taj_residencia_10_marla_plot_available_in_taj_residencia-54291306-11491-2.html,93,Rawalpindi,Taj Residencia,10.0,33.589782,72.9679336
Buying A Corner Residential Plot In Bahria Town Phase 8 - Block B Rawalpindi?,1.7,"Bahria Town Phase 8 - Block B, Bahria Town Phase 8",https://www.zameen.com/Property/bahria_town_phase_8_bahria_town_phase_8_-_block_b_buying_a_corner_residential_plot_in_bahria_town_phase_8_-_block_b_rawalpindi-54758071-3050-2.html,93,Rawalpindi,Bahria Town Phase 8 - Block B,10.0,33.4848621,73.096708
55x100 Plot For Sale Saidpur Road,26.0,"Saidpur Road, Rawalpindi",https://www.zameen.com/Property/rawalpindi_saidpur_road_55x100_plot_for_sale_saidpur_road-53552981-8134-2.html,93,Rawalpindi,Saidpur Road,24.0,33.6248533,73.0618024
55x100 Plot For Sale Saidpur Road,26.0,"Saidpur Road, Rawalpindi",https://www.zameen.com/Property/rawalpindi_saidpur_road_55x100_plot_for_sale_saidpur_road-53704719-8134-2.html,93,Rawalpindi,Saidpur Road,20.0,33.6248533,73.0618024
10 Marla Residential Plot For Sale Bahria Town Phase 2 Prime Location,2.65,"Bahria Town Phase 2, Bahria Town Rawalpindi",https://www.zameen.com/Property/bahria_town_rawalpindi_bahria_town_phase_2_10_marla_residential_plot_for_sale_bahria_town_phase_2_prime_location-54717943-3035-2.html,93,Rawalpindi,Bahria Town Phase 2,10.0,33.5701202,73.1163357
1 Kanal Plot For Sale In Block A Bahria Town Phase 8,1.7,"Bahria Town Phase 8 - Block A, Bahria Town Phase 8",https://www.zameen.com/Property/bahria_town_phase_8_bahria_town_phase_8_-_block_a_1_kanal_plot_for_sale_in_block_a_bahria_town_phase_8-54717947-3049-2.html,93,Rawalpindi,Bahria Town Phase 8 - Block A,20.0,33.4862,73.0874
5 MARLA PLOT ROSE GARDEN ZONE 1,0.4,"Rose Garden, Bahria Town Phase 8",https://www.zameen.com/Property/bahria_town_phase_8_rose_garden_5_marla_plot_rose_garden_zone_1-53256860-12363-2.html,93,Rawalpindi,Rose Garden,5.0,33.5874801,73.0857514
1 Kanal Solid Level Plot At Very Prime Location,2.15,"Bahria Town Phase 8 - Block A, Bahria Town Phase 8",https://www.zameen.com/Property/bahria_town_phase_8_bahria_town_phase_8_-_block_a_1_kanal_solid_level_plot_at_very_prime_location-54697646-3049-2.html,93,Rawalpindi,Bahria Town Phase 8 - Block A,20.0,33.4862,73.0874
"2 Kanal solid Plot's at very Prime Location, St Park Facing",2.99,"Bahria Town Phase 8 - Block P, Bahria Town Phase 8",https://www.zameen.com/Property/bahria_town_phase_8_bahria_town_phase_8_-_block_p_2_kanal_solid_plot_s_at_very_prime_location_st_park_facing-54697615-3065-2.html,93,Rawalpindi,Bahria Town Phase 8 - Block P,40.0,33.4862,73.0874
1 Kanal Solid & Level Plot At Prime Location Of Bahria Hamlet,1.8,"Bahria Hamlet, Bahria Town Phase 8",https://www.zameen.com/Property/bahria_town_phase_8_bahria_hamlet_1_kanal_solid_level_plot_at_prime_location_of_bahria_hamlet-54697536-10354-2.html,93,Rawalpindi,Bahria Hamlet,20.0,33.4891,73.1232
10 Marla Registry Inteqal Corner Plot Available For Sale Near Gelani Mart,1.5,"Adiala Road, Rawalpindi",https://www.zameen.com/Property/rawalpindi_adiala_road_10_marla_registry_inteqal_corner_plot_available_for_sale_near_gelani_mart-54756933-478-2.html,93,Rawalpindi,Adiala Road,10.0,33.5778124,73.0650131
Satlight Town A Black Good Location Plot Size 52*48,7.2,"Satellite Town - Block A, Satellite Town",https://www.zameen.com/Property/satellite_town_satellite_town_-_block_a_satlight_town_a_black_good_location_plot_size_52_48-54138186-10237-2.html,93,Rawalpindi,Satellite Town - Block A,9.0,33.6455173,73.0591648
10 Marla Plot For Sale In Very Ideal Location Of PH2,2.3,"Bahria Town Phase 2, Bahria Town Rawalpindi",https://www.zameen.com/Property/bahria_town_rawalpindi_bahria_town_phase_2_10_marla_plot_for_sale_in_very_ideal_location_of_ph2-54202749-3035-2.html,94,Rawalpindi,Bahria Town Phase 2,10.0,33.5701202,73.1163357
Residential Plot For sale Is Readily Available In Prime Location Of Bahria Town Phase 8 - Block K,0.35,"Bahria Town Phase 8 - Block K, Bahria Town Phase 8",https://www.zameen.com/Property/bahria_town_phase_8_bahria_town_phase_8_-_block_k_residential_plot_for_sale_is_readily_available_in_prime_location_of_bahria_town_phase_8_-_block_k-54756019-3060-2.html,94,Rawalpindi,Bahria Town Phase 8 - Block K,11.0,33.4862,73.0874
"Ideal 10 Marla Residential Plot Available In Bahria Town Phase 8 - Block B, Rawalpindi",1.5,"Bahria Town Phase 8 - Block B, Bahria Town Phase 8",https://www.zameen.com/Property/bahria_town_phase_8_bahria_town_phase_8_-_block_b_ideal_10_marla_residential_plot_available_in_bahria_town_phase_8_-_block_b_rawalpindi-54755915-3050-2.html,94,Rawalpindi,Bahria Town Phase 8 - Block B,10.0,33.4848621,73.096708
Buy A Centrally Located 10 Marla Residential Plot In Bahria Greens - Overseas Enclave - Sector 2,1.65,"Bahria Greens - Overseas Enclave - Sector 2, Bahria Greens - Overseas Enclave",https://www.zameen.com/Property/bahria_greens_overseas_enclave_bahria_greens_-_overseas_enclave_-_sector_2_buy_a_centrally_located_10_marla_residential_plot_in_bahria_greens_-_overseas_enclave_-_sector_2-54755917-8301-2.html,94,Rawalpindi,Bahria Greens - Overseas Enclave - Sector 2,10.0,33.4735,73.091
Residential Plot For Sale,1.28,"Bahria Town Phase 8 - Block D, Bahria Town Phase 8",https://www.zameen.com/Property/bahria_town_phase_8_bahria_town_phase_8_-_block_d_residential_plot_for_sale-54755914-3052-2.html,94,Rawalpindi,Bahria Town Phase 8 - Block D,8.0,33.4862,73.0874
"Residential Plot Of 7 Marla Is Available For sale In Bahria Town Phase 8 - Usman Block, Rawalpindi",0.95,"Bahria Town Phase 8 - Usman Block, Bahria Town Phase 8 - Safari Valley",https://www.zameen.com/Property/bahria_town_phase_8_safari_valley_bahria_town_phase_8_-_usman_block_residential_plot_of_7_marla_is_available_for_sale_in_bahria_town_phase_8_-_usman_block_rawalpindi-54755916-3068-2.html,94,Rawalpindi,Bahria Town Phase 8 - Usman Block,7.0,33.4848621,73.096708
Ideally Located Residential Plot Of 10 Marla Is Available For sale In Rawalpindi,1.7,"Bahria Greens - Overseas Enclave - Sector 6, Bahria Greens - Overseas Enclave",https://www.zameen.com/Property/bahria_greens_overseas_enclave_bahria_greens_-_overseas_enclave_-_sector_6_ideally_located_residential_plot_of_10_marla_is_available_for_sale_in_rawalpindi-54755912-8305-2.html,94,Rawalpindi,Bahria Greens - Overseas Enclave - Sector 6,10.0,33.4735,73.091
Residential Plot For sale In Rawalpindi,0.68,"Bahria Town Phase 8 - Block L, Bahria Town Phase 8",https://www.zameen.com/Property/bahria_town_phase_8_bahria_town_phase_8_-_block_l_residential_plot_for_sale_in_rawalpindi-54755913-3061-2.html,94,Rawalpindi,Bahria Town Phase 8 - Block L,5.0,33.4862,73.0874
25 Marla Residential Plot For Sale In Bahria Town Phase 8 - Block A Rawalpindi,2.65,"Bahria Town Phase 8 - Block A, Bahria Town Phase 8",https://www.zameen.com/Property/bahria_town_phase_8_bahria_town_phase_8_-_block_a_25_marla_residential_plot_for_sale_in_bahria_town_phase_8_-_block_a_rawalpindi-54755911-3049-2.html,94,Rawalpindi,Bahria Town Phase 8 - Block A,24.0,33.4862,73.0874
Bahria Town Phase 8 - Sector F-2 Residential Plot Sized 10 Marla Is Available,1.2,"Bahria Town Phase 8 - Sector F-2, Bahria Town Phase 8",https://www.zameen.com/Property/bahria_town_phase_8_bahria_town_phase_8_-_sector_f-2_bahria_town_phase_8_-_sector_f-2_residential_plot_sized_10_marla_is_available-54755910-8250-2.html,94,Rawalpindi,Bahria Town Phase 8 - Sector F-2,10.0,33.4855018,73.0971219
Prime Location Residential Plot For Sale In Airport Housing Society - Sector 4,0.85,"Airport Housing Society - Sector 4, Airport Housing Society",https://www.zameen.com/Property/airport_housing_society_airport_housing_society_-_sector_4_prime_location_residential_plot_for_sale_in_airport_housing_society_-_sector_4-54755801-9155-2.html,94,Rawalpindi,Airport Housing Society - Sector 4,6.0,33.5941022,73.1307386
Prime Location 5 Marla Residential Plot Ideally Situated In Airport Housing Society - Sector 4,0.75,"Airport Housing Society - Sector 4, Airport Housing Society",https://www.zameen.com/Property/airport_housing_society_airport_housing_society_-_sector_4_prime_location_5_marla_residential_plot_ideally_situated_in_airport_housing_society_-_sector_4-54755802-9155-2.html,94,Rawalpindi,Airport Housing Society - Sector 4,5.0,33.5941022,73.1307386
Residential Plot Is Available For Sale In Bahria Town Phase 8 - Sector F-2,1.1,"Bahria Town Phase 8 - Sector F-2, Bahria Town Phase 8",https://www.zameen.com/Property/bahria_town_phase_8_bahria_town_phase_8_-_sector_f-2_residential_plot_is_available_for_sale_in_bahria_town_phase_8_-_sector_f-2-54755788-8250-2.html,94,Rawalpindi,Bahria Town Phase 8 - Sector F-2,10.0,33.4855018,73.0971219
Aesthetic Residential Plot Of 1 Kanal For Sale Is Available,1.7,"Bahria Town Phase 8 - Block E, Bahria Town Phase 8",https://www.zameen.com/Property/bahria_town_phase_8_bahria_town_phase_8_-_block_e_aesthetic_residential_plot_of_1_kanal_for_sale_is_available-54755791-3053-2.html,94,Rawalpindi,Bahria Town Phase 8 - Block E,20.0,33.4862,73.0874
Residential Plot In Bahria Town Phase 8 - Sector F-3 For sale,1.25,"Bahria Town Phase 8 - Sector F-3, Bahria Town Phase 8",https://www.zameen.com/Property/bahria_town_phase_8_bahria_town_phase_8_-_sector_f-3_residential_plot_in_bahria_town_phase_8_-_sector_f-3_for_sale-54755789-8251-2.html,94,Rawalpindi,Bahria Town Phase 8 - Sector F-3,10.0,33.4855018,73.0971219
Get Your Hands On Residential Plot In Rawalpindi Best Area,0.98,"Bahria Town Phase 8 - Ali Block, Bahria Town Phase 8 - Safari Valley",https://www.zameen.com/Property/bahria_town_phase_8_safari_valley_bahria_town_phase_8_-_ali_block_get_your_hands_on_residential_plot_in_rawalpindi_best_area-54755793-3070-2.html,94,Rawalpindi,Bahria Town Phase 8 - Ali Block,7.0,33.4862,73.0874
Ideal Residential Plot For Sale In Bahria Town Phase 8 - Sector F-3,0.7,"Bahria Town Phase 8 - Sector F-3, Bahria Town Phase 8",https://www.zameen.com/Property/bahria_town_phase_8_bahria_town_phase_8_-_sector_f-3_ideal_residential_plot_for_sale_in_bahria_town_phase_8_-_sector_f-3-54755790-8251-2.html,94,Rawalpindi,Bahria Town Phase 8 - Sector F-3,10.0,33.4855018,73.0971219
Residential Plot Sized 7 Marla Available In Bahria Town Phase 8 - Abu Bakar Block,0.81,"Bahria Town Phase 8 - Abu Bakar Block, Bahria Town Phase 8 - Safari Valley",https://www.zameen.com/Property/bahria_town_phase_8_safari_valley_bahria_town_phase_8_-_abu_bakar_block_residential_plot_sized_7_marla_available_in_bahria_town_phase_8_-_abu_bakar_block-54755787-3069-2.html,94,Rawalpindi,Bahria Town Phase 8 - Abu Bakar Block,7.0,33.4862,73.0874
"Ideal 10 Marla Residential Plot Has Landed On Market In Bahria Town Phase 8 - Bahria Orchard, Rawalpindi",0.6,"Bahria Town Phase 8 - Bahria Orchard, Bahria Town Phase 8",https://www.zameen.com/Property/bahria_town_phase_8_bahria_town_phase_8_-_bahria_orchard_ideal_10_marla_residential_plot_has_landed_on_market_in_bahria_town_phase_8_-_bahria_orchard_rawalpindi-54755786-9584-2.html,94,Rawalpindi,Bahria Town Phase 8 - Bahria Orchard,10.0,33.4862,73.0874
10 Marla Level Plot Builders location For Sale,1.35,"Bahria Town Phase 8 - Block H, Bahria Town Phase 8",https://www.zameen.com/Property/bahria_town_phase_8_bahria_town_phase_8_-_block_h_10_marla_level_plot_builders_location_for_sale-54265936-3056-2.html,94,Rawalpindi,Bahria Town Phase 8 - Block H,10.0,33.4862,73.0874
M Block 10 Marla Plot Back Park For Sale,1.4,"Bahria Town Phase 8 - Block M, Bahria Town Phase 8",https://www.zameen.com/Property/bahria_town_phase_8_bahria_town_phase_8_-_block_m_m_block_10_marla_plot_back_park_for_sale-53326340-3062-2.html,94,Rawalpindi,Bahria Town Phase 8 - Block M,10.0,33.4862,73.0874
10 Marla Solid Land Plot On Builders Location For Sale,1.45,"Bahria Town Phase 8 - Block E, Bahria Town Phase 8",https://www.zameen.com/Property/bahria_town_phase_8_bahria_town_phase_8_-_block_e_10_marla_solid_land_plot_on_builders_location_for_sale-53752061-3053-2.html,94,Rawalpindi,Bahria Town Phase 8 - Block E,10.0,33.4862,73.0874
10 Marla Level Plot For Sale,1.45,"Bahria Town Phase 8 - Block C, Bahria Town Phase 8",https://www.zameen.com/Property/bahria_town_phase_8_bahria_town_phase_8_-_block_c_10_marla_level_plot_for_sale-54297284-3051-2.html,95,Rawalpindi,Bahria Town Phase 8 - Block C,10.0,33.4862,73.0874
Very Beautiful Residential Plot For Sale,0.75,"Punjab Government Servant Housing Foundation (PGSHF), Rawalpindi",https://www.zameen.com/Property/rawalpindi_punjab_government_servant_housing_foundation_pgshf_very_beautiful_residential_plot_for_sale-54638119-10424-2.html,95,Rawalpindi,Punjab Government Servant Housing Foundation (PGSHF),5.0,33.4542,72.9515
Get In Touch Now To Buy A 7 Marla Residential Plot In Rawalpindi,0.9,"Bahria Town Phase 8 - Ali Block, Bahria Town Phase 8 - Safari Valley",https://www.zameen.com/Property/bahria_town_phase_8_safari_valley_bahria_town_phase_8_-_ali_block_get_in_touch_now_to_buy_a_7_marla_residential_plot_in_rawalpindi-54671527-3070-2.html,95,Rawalpindi,Bahria Town Phase 8 - Ali Block,7.0,33.4862,73.0874
7 Marla Plot For Sale Khan Vellage,0.17,"Khan Village, Chakri Road",https://www.zameen.com/Property/chakri_road_khan_village_7_marla_plot_for_sale_khan_vellage-53559149-22325-2.html,95,Rawalpindi,Khan Village,7.0,33.4891881,72.9569085
5 Marla Plot For Sale Chakri Road Kohala Rawalpindi,0.18,"Kohala, Rawalpindi",https://www.zameen.com/Property/rawalpindi_kohala_5_marla_plot_for_sale_chakri_road_kohala_rawalpindi-54498008-12086-2.html,95,Rawalpindi,Kohala,5.0,33.5291308,72.9725297
5 Marla Plot For Sale Chakri Road Al Haram City Rawalpindi,0.18,"Al-Haram City - Phase 2, Al-Haram City",https://www.zameen.com/Property/al_haram_city_al-haram_city_-_phase_2_5_marla_plot_for_sale_chakri_road_al_haram_city_rawalpindi-54498010-8818-2.html,95,Rawalpindi,Al-Haram City - Phase 2,5.0,33.5025799,72.9570594
In Al-Haram City 5 Marla Residential Plot For Sale,0.2,"Al-Haram City, Chakri Road",https://www.zameen.com/Property/chakri_road_al-haram_city_in_al-haram_city_5_marla_residential_plot_for_sale-54498011-17290-2.html,95,Rawalpindi,Al-Haram City,5.0,33.5025799,72.9570594
10 Marla Plot For Sale Al Haram City,0.22,"Al-Haram City, Chakri Road",https://www.zameen.com/Property/chakri_road_al-haram_city_10_marla_plot_for_sale_al_haram_city-52107240-17290-2.html,95,Rawalpindi,Al-Haram City,10.0,33.5025799,72.9570594
Investors Should sale This Residential Plot Located Ideally In Chakri Road,0.24,"Al-Haram City - Phase 1, Al-Haram City",https://www.zameen.com/Property/al_haram_city_al-haram_city_-_phase_1_investors_should_sale_this_residential_plot_located_ideally_in_chakri_road-51093558-11256-2.html,95,Rawalpindi,Al-Haram City - Phase 1,5.0,33.5025799,72.9570594
5 Marla Plot For Sale Chakri Road Kohala Rawalpindi,0.15,"Kohala, Rawalpindi",https://www.zameen.com/Property/rawalpindi_kohala_5_marla_plot_for_sale_chakri_road_kohala_rawalpindi-53606737-12086-2.html,95,Rawalpindi,Kohala,5.0,33.5291308,72.9725297
10 Marla Plot For Sale Chakri Road Al Haram City,0.25,"Al-Haram City - Phase 2, Al-Haram City",https://www.zameen.com/Property/al_haram_city_al-haram_city_-_phase_2_10_marla_plot_for_sale_chakri_road_al_haram_city-53589012-8818-2.html,95,Rawalpindi,Al-Haram City - Phase 2,5.0,33.5025799,72.9570594
10 Marla Plot For Sale Chakri Road Han Village,0.17,"Khan Village, Chakri Road",https://www.zameen.com/Property/chakri_road_khan_village_10_marla_plot_for_sale_chakri_road_han_village-53590344-22325-2.html,95,Rawalpindi,Khan Village,7.0,33.4891881,72.9569085
5 Marla Plot For Sale Chakri Road Al Haram City,0.25,"Al-Haram City - Phase 1, Al-Haram City",https://www.zameen.com/Property/al_haram_city_al-haram_city_-_phase_1_5_marla_plot_for_sale_chakri_road_al_haram_city-53448697-11256-2.html,95,Rawalpindi,Al-Haram City - Phase 1,5.0,33.5025799,72.9570594
4 Marla 250sq. Ft 21 Feet Front 50 Feet Back For Sale In National Housing Scheme 1 Near Gulshanabad Gate 1,0.46,"Adiala Road, Rawalpindi",https://www.zameen.com/Property/rawalpindi_adiala_road_4_marla_250sq_ft_21_feet_front_50_feet_back_for_sale_in_national_housing_scheme_1_near_gulshanabad_gate_1-54754760-478-2.html,95,Rawalpindi,Adiala Road,4.0,33.5778124,73.0650131
Bahria Town Phase 7 10 Marla Plot For Sale Open Transfer Ready To Construct. Plot 792-e,1.35,"Bahria Town Phase 7, Bahria Town Rawalpindi",https://www.zameen.com/Property/bahria_town_rawalpindi_bahria_town_phase_7_bahria_town_phase_7_10_marla_plot_for_sale_open_transfer_ready_to_construct_plot_792-e-50454344-3047-2.html,95,Rawalpindi,Bahria Town Phase 7,10.0,33.5701202,73.1163357
Urgent Sale 5.5 Marla Plot Rose Garden,0.38,"Rose Garden, Bahria Town Phase 8",https://www.zameen.com/Property/bahria_town_phase_8_rose_garden_urgent_sale_5_5_marla_plot_rose_garden-39148048-12363-2.html,95,Rawalpindi,Rose Garden,5.3,33.5874801,73.0857514
10 Marla Beautiful Plot Urgent Sale Block A,0.83,"Bahria Town Phase 8 - Block A, Bahria Town Phase 8",https://www.zameen.com/Property/bahria_town_phase_8_bahria_town_phase_8_-_block_a_10_marla_beautiful_plot_urgent_sale_block_a-39147731-3049-2.html,95,Rawalpindi,Bahria Town Phase 8 - Block A,10.0,33.4862,73.0874
Urgent Sale Rose Garden 5.5 Marla Plot,0.36,"Bahria Town Phase 8, Bahria Town Rawalpindi",https://www.zameen.com/Property/bahria_town_rawalpindi_bahria_town_phase_8_urgent_sale_rose_garden_5_5_marla_plot-48887732-3048-2.html,95,Rawalpindi,Bahria Town Phase 8,5.3,33.5012685,73.0872635
5.5 Marla Plot Urgent Sale Ready For Construction Bahria Ph 8,0.39,"Rose Garden, Bahria Town Phase 8",https://www.zameen.com/Property/bahria_town_phase_8_rose_garden_5_5_marla_plot_urgent_sale_ready_for_construction_bahria_ph_8-47011845-12363-2.html,95,Rawalpindi,Rose Garden,5.5,33.5874801,73.0857514
Prime 5.5 Marla Residential Plot For Sale Construction Ready | Bahria Phase 8,0.38,"Rose Garden, Bahria Town Phase 8",https://www.zameen.com/Property/bahria_town_phase_8_rose_garden_prime_5_5_marla_residential_plot_for_sale_construction_ready_bahria_phase_8-53642113-12363-2.html,96,Rawalpindi,Rose Garden,5.5,33.5874801,73.0857514
Urgent Sale 10 m Prime Location Plot + Extra Land Bahria Ph 7,1.45,"Bahria Town Phase 7, Bahria Town Rawalpindi",https://www.zameen.com/Property/bahria_town_rawalpindi_bahria_town_phase_7_urgent_sale_10_m_prime_location_plot_extra_land_bahria_ph_7-54615979-3047-2.html,96,Rawalpindi,Bahria Town Phase 7,12.0,33.5701202,73.1163357
Urgent sale com plot 2.5m Lake View near rafi com,0.88,"Bahria Town Phase 8 - Block D, Bahria Town Phase 8",https://www.zameen.com/Property/bahria_town_phase_8_bahria_town_phase_8_-_block_d_urgent_sale_com_plot_2_5m_lake_view_near_rafi_com-54616073-3052-2.html,96,Rawalpindi,Bahria Town Phase 8 - Block D,2.7,33.4862,73.0874
Corner Plot For Sale Usman Block,1.05,"Bahria Town Phase 7, Bahria Town Rawalpindi",https://www.zameen.com/Property/bahria_town_rawalpindi_bahria_town_phase_7_corner_plot_for_sale_usman_block-54540338-3047-2.html,96,Rawalpindi,Bahria Town Phase 7,7.0,33.5701202,73.1163357
100% 8 Marla Solid Land Back Open Plot For Sale,1.28,"Bahria Town Phase 8 - Block D, Bahria Town Phase 8",https://www.zameen.com/Property/bahria_town_phase_8_bahria_town_phase_8_-_block_d_100_8_marla_solid_land_back_open_plot_for_sale-54593307-3052-2.html,96,Rawalpindi,Bahria Town Phase 8 - Block D,8.0,33.4862,73.0874
Bahria Town 10 Marla Plot For Sale,1.35,"Bahria Town Phase 8 - Block H, Bahria Town Phase 8",https://www.zameen.com/Property/bahria_town_phase_8_bahria_town_phase_8_-_block_h_bahria_town_10_marla_plot_for_sale-53955651-3056-2.html,96,Rawalpindi,Bahria Town Phase 8 - Block H,10.0,33.4862,73.0874
Gulshanabad 10 Marla Plot For Sale,0.75,"Gulshan Abad, Rawalpindi",https://www.zameen.com/Property/rawalpindi_gulshan_abad_gulshanabad_10_marla_plot_for_sale-54170726-1058-2.html,96,Rawalpindi,Gulshan Abad,10.0,33.6603777,73.0830223
Bahria town 24 marla plot for sale sector A,1.95,"Bahria Town Phase 8 - Block A, Bahria Town Phase 8",https://www.zameen.com/Property/bahria_town_phase_8_bahria_town_phase_8_-_block_a_bahria_town_24_marla_plot_for_sale_sector_a-54518926-3049-2.html,96,Rawalpindi,Bahria Town Phase 8 - Block A,24.0,33.4862,73.0874
A Residential Plot At Affordable Price Awaits You,0.45,"Silver City, Girja Road",https://www.zameen.com/Property/girja_road_silver_city_a_residential_plot_at_affordable_price_awaits_you-54501049-11949-2.html,96,Rawalpindi,Silver City,10.0,33.5469406,72.9455761
Get Your Hands On Residential Plot In Rawalpindi Best Area,0.17,"Silver City, Girja Road",https://www.zameen.com/Property/girja_road_silver_city_get_your_hands_on_residential_plot_in_rawalpindi_best_area-54501048-11949-2.html,96,Rawalpindi,Silver City,5.0,33.5469406,72.9455761
Bahria Town Phase 8; Overseas 5  10m Plot For Sale 1602,1.7,"Bahria Greens - Overseas Enclave - Sector 5, Bahria Greens - Overseas Enclave",https://www.zameen.com/Property/bahria_greens_overseas_enclave_bahria_greens_-_overseas_enclave_-_sector_5_bahria_town_phase_8_overseas_5_10m_plot_for_sale_1602-54374717-8304-2.html,96,Rawalpindi,Bahria Greens - Overseas Enclave - Sector 5,10.0,33.4735,73.091
ABU BAKR BLOCK 7 MARLA PLOT FOR SALE,1.05,"Bahria Town Phase 8 - Abu Bakar Block, Bahria Town Phase 8 - Safari Valley",https://www.zameen.com/Property/bahria_town_phase_8_safari_valley_bahria_town_phase_8_-_abu_bakar_block_abu_bakr_block_7_marla_plot_for_sale-54753324-3069-2.html,96,Rawalpindi,Bahria Town Phase 8 - Abu Bakar Block,7.0,33.4862,73.0874
10 Marla Corner Xtra Land Plot For Sale In Overseas 6 Phase 8,1.55,"Bahria Greens - Overseas Enclave - Sector 3, Bahria Greens - Overseas Enclave",https://www.zameen.com/Property/bahria_greens_overseas_enclave_bahria_greens_-_overseas_enclave_-_sector_3_10_marla_corner_xtra_land_plot_for_sale_in_overseas_6_phase_8-54753101-8302-2.html,96,Rawalpindi,Bahria Greens - Overseas Enclave - Sector 3,10.0,33.4735,73.091
Builders Location Plot Available For Sale,1.0,"Bahria Town Phase 8 - Abu Bakar Block, Bahria Town Phase 8 - Safari Valley",https://www.zameen.com/Property/bahria_town_phase_8_safari_valley_bahria_town_phase_8_-_abu_bakar_block_builders_location_plot_available_for_sale-54753072-3069-2.html,96,Rawalpindi,Bahria Town Phase 8 - Abu Bakar Block,7.0,33.4862,73.0874
Ideally Located Residential Plot For sale In Bahria Town Phase 8 - Block B Available,1.15,"Bahria Town Phase 8 - Block B, Bahria Town Phase 8",https://www.zameen.com/Property/bahria_town_phase_8_bahria_town_phase_8_-_block_b_ideally_located_residential_plot_for_sale_in_bahria_town_phase_8_-_block_b_available-54752812-3050-2.html,96,Rawalpindi,Bahria Town Phase 8 - Block B,10.0,33.4848621,73.096708
Investors Should Sale This Residential Plot Located Ideally In Bahria Town Rawalpindi,0.65,"Bahria Town Phase 8 - Block K, Bahria Town Phase 8",https://www.zameen.com/Property/bahria_town_phase_8_bahria_town_phase_8_-_block_k_investors_should_sale_this_residential_plot_located_ideally_in_bahria_town_rawalpindi-54752529-3060-2.html,96,Rawalpindi,Bahria Town Phase 8 - Block K,10.9,33.4862,73.0874
Residential Plot For Sale In Beautiful Saffron City,0.45,"Saffron City, GT Road",https://www.zameen.com/Property/gt_road_saffron_city_residential_plot_for_sale_in_beautiful_saffron_city-54752476-21050-2.html,96,Rawalpindi,Saffron City,5.0,33.6520202,73.076983
Prominently-Located 8 Marla Residential Plot Available In Taj Residencia - Daffodils Block,0.95,"Taj Residencia - Daffodils Block, Taj Residencia",https://www.zameen.com/Property/taj_residencia_taj_residencia_-_daffodils_block_prominently-located_8_marla_residential_plot_available_in_taj_residencia_-_daffodils_block-54532155-18990-2.html,97,Rawalpindi,Taj Residencia - Daffodils Block,8.0,33.5855,72.9348
10 Marla Plot On Investor Rate,1.1,"Taj Residencia - Rose Block, Taj Residencia",https://www.zameen.com/Property/taj_residencia_taj_residencia_-_rose_block_10_marla_plot_on_investor_rate-54114814-18999-2.html,97,Rawalpindi,Taj Residencia - Rose Block,10.0,33.5855,72.9348
"Residential Plot Of 10 Marla Is Available For Sale In Taj Residencia - Orchard Block, Rawalpindi",1.35,"Taj Residencia - Orchard Block, Taj Residencia",https://www.zameen.com/Property/taj_residencia_taj_residencia_-_orchard_block_residential_plot_of_10_marla_is_available_for_sale_in_taj_residencia_-_orchard_block_rawalpindi-54620376-18998-2.html,97,Rawalpindi,Taj Residencia - Orchard Block,10.0,33.5855,72.9348
Prominently-Located 8 Marla Residential Plot Available In Taj Residencia - Daffodils Block,0.95,"Taj Residencia - Daffodils Block, Taj Residencia",https://www.zameen.com/Property/taj_residencia_taj_residencia_-_daffodils_block_prominently-located_8_marla_residential_plot_available_in_taj_residencia_-_daffodils_block-54620381-18990-2.html,97,Rawalpindi,Taj Residencia - Daffodils Block,8.0,33.5855,72.9348
Prominently-Located Residential Plot Available In Taj Residencia - Orchard Block For sale,1.3,"Taj Residencia - Orchard Block, Taj Residencia",https://www.zameen.com/Property/taj_residencia_taj_residencia_-_orchard_block_prominently-located_residential_plot_available_in_taj_residencia_-_orchard_block_for_sale-54620375-18998-2.html,97,Rawalpindi,Taj Residencia - Orchard Block,10.0,33.5855,72.9348
Ideal Location Plot Is For Sale,1.15,"Taj Residencia - Rose Block, Taj Residencia",https://www.zameen.com/Property/taj_residencia_taj_residencia_-_rose_block_ideal_location_plot_is_for_sale-54620377-18999-2.html,97,Rawalpindi,Taj Residencia - Rose Block,10.0,33.5855,72.9348
Residential Plot Of 5 Marla Is Available For Sale In Taj Residencia - Gardenia Block,0.82,"Taj Residencia - Gardenia Block, Taj Residencia",https://www.zameen.com/Property/taj_residencia_taj_residencia_-_gardenia_block_residential_plot_of_5_marla_is_available_for_sale_in_taj_residencia_-_gardenia_block-54620392-18992-2.html,97,Rawalpindi,Taj Residencia - Gardenia Block,5.0,33.5855,72.9348
1 Kanal Residential Plot In Central Taj Residencia - Orchard Block For sale,2.0,"Taj Residencia - Orchard Block, Taj Residencia",https://www.zameen.com/Property/taj_residencia_taj_residencia_-_orchard_block_1_kanal_residential_plot_in_central_taj_residencia_-_orchard_block_for_sale-54620390-18998-2.html,97,Rawalpindi,Taj Residencia - Orchard Block,20.0,33.5855,72.9348
5 Marla Residential Plot Is Available For Sale In Taj Residencia - Daffodils Block,0.7,"Taj Residencia - Daffodils Block, Taj Residencia",https://www.zameen.com/Property/taj_residencia_taj_residencia_-_daffodils_block_5_marla_residential_plot_is_available_for_sale_in_taj_residencia_-_daffodils_block-54620393-18990-2.html,97,Rawalpindi,Taj Residencia - Daffodils Block,5.0,33.5855,72.9348
8 Marla Residential Plot For Grabs In Taj Residencia,0.64,"Taj Residencia - Iris Block, Taj Residencia",https://www.zameen.com/Property/taj_residencia_taj_residencia_-_iris_block_8_marla_residential_plot_for_grabs_in_taj_residencia-54620395-18994-2.html,97,Rawalpindi,Taj Residencia - Iris Block,8.0,33.5855,72.9348
Get In Touch Now To Buy A 8 Marla Residential Plot In Rawalpindi,0.96,"Taj Residencia - Daffodils Block, Taj Residencia",https://www.zameen.com/Property/taj_residencia_taj_residencia_-_daffodils_block_get_in_touch_now_to_buy_a_8_marla_residential_plot_in_rawalpindi-54620397-18990-2.html,97,Rawalpindi,Taj Residencia - Daffodils Block,8.0,33.5855,72.9348
Taj Residencia - Gardenia Block Residential Plot Sized 5 Marla Is Available,0.83,"Taj Residencia - Gardenia Block, Taj Residencia",https://www.zameen.com/Property/taj_residencia_taj_residencia_-_gardenia_block_taj_residencia_-_gardenia_block_residential_plot_sized_5_marla_is_available-54620399-18992-2.html,97,Rawalpindi,Taj Residencia - Gardenia Block,5.0,33.5855,72.9348
Taj Residencia - Gardenia Block 5 Marla Residential Plot Up For Sale,0.86,"Taj Residencia - Gardenia Block, Taj Residencia",https://www.zameen.com/Property/taj_residencia_taj_residencia_-_gardenia_block_taj_residencia_-_gardenia_block_5_marla_residential_plot_up_for_sale-54620400-18992-2.html,97,Rawalpindi,Taj Residencia - Gardenia Block,5.0,33.5855,72.9348
8 Marla Residential Plot In Taj Residencia - Daffodils Block Is Best Option,0.85,"Taj Residencia - Daffodils Block, Taj Residencia",https://www.zameen.com/Property/taj_residencia_taj_residencia_-_daffodils_block_8_marla_residential_plot_in_taj_residencia_-_daffodils_block_is_best_option-54659665-18990-2.html,97,Rawalpindi,Taj Residencia - Daffodils Block,8.0,33.5855,72.9348
Get In Touch Now To Buy A Residential Plot In Taj Residencia - Gardenia Block Rawalpindi,1.45,"Taj Residencia - Gardenia Block, Taj Residencia",https://www.zameen.com/Property/taj_residencia_taj_residencia_-_gardenia_block_get_in_touch_now_to_buy_a_residential_plot_in_taj_residencia_-_gardenia_block_rawalpindi-54659666-18992-2.html,97,Rawalpindi,Taj Residencia - Gardenia Block,10.0,33.5855,72.9348
Ready To Buy A Prime Location Residential Plot 9 Marla In Tulsa Road,2.88,"Tulsa Road, Rawalpindi",https://www.zameen.com/Property/rawalpindi_tulsa_road_ready_to_buy_a_prime_location_residential_plot_9_marla_in_tulsa_road-54508289-11163-2.html,97,Rawalpindi,Tulsa Road,9.0,33.5640665,73.0353835
URGENT PLOT FOR SALE,39.0,"Peshawar Road, Rawalpindi",https://www.zameen.com/Property/rawalpindi_peshawar_road_urgent_plot_for_sale-54686285-517-2.html,97,Rawalpindi,Peshawar Road,20.0,33.61362,72.9960127
5 Marla Prime Location Plot For Sale In Saffron City Block B,0.28,"Saffron City, GT Road",https://www.zameen.com/Property/gt_road_saffron_city_5_marla_prime_location_plot_for_sale_in_saffron_city_block_b-54705825-21050-2.html,97,Rawalpindi,Saffron City,5.0,33.6520202,73.076983
Investor Price 10 Marla Plot For Sale In Bahria Phase 8,0.65,"Bahria Town Phase 8, Bahria Town Rawalpindi",https://www.zameen.com/Property/bahria_town_rawalpindi_bahria_town_phase_8_investor_price_10_marla_plot_for_sale_in_bahria_phase_8-54651356-3048-2.html,97,Rawalpindi,Bahria Town Phase 8,10.0,33.5012685,73.0872635
Corner Plot Overseas 2 Bahria Town Ph8,2.15,"Bahria Greens - Overseas Enclave - Sector 2, Bahria Greens - Overseas Enclave",https://www.zameen.com/Property/bahria_greens_overseas_enclave_bahria_greens_-_overseas_enclave_-_sector_2_corner_plot_overseas_2_bahria_town_ph8-54706679-8301-2.html,97,Rawalpindi,Bahria Greens - Overseas Enclave - Sector 2,10.0,33.4735,73.091
"Plot For Sale Punj Sarki, Near Saddar Rawalpindi On Main Sarwar Road",22.0,"Sarwar Road, Rawalpindi",https://www.zameen.com/Property/rawalpindi_sarwar_road_plot_for_sale_punj_sarki_near_saddar_rawalpindi_on_main_sarwar_road-53595351-12100-2.html,98,Rawalpindi,Sarwar Road,40.0,33.5940526,73.0614768
Prime Location 5 Marla Residential Plot In Girja Road For sale At Good Location,0.2,"Girja Road, Rawalpindi",https://www.zameen.com/Property/rawalpindi_girja_road_prime_location_5_marla_residential_plot_in_girja_road_for_sale_at_good_location-53757616-9205-2.html,98,Rawalpindi,Girja Road,5.0,33.5596411,72.9684428
"Prime Location 6 Marla Residential Plot Available For Sale In Girja Road, Girja Road",0.32,"Girja Road, Rawalpindi",https://www.zameen.com/Property/rawalpindi_girja_road_prime_location_6_marla_residential_plot_available_for_sale_in_girja_road_girja_road-54172571-9205-2.html,98,Rawalpindi,Girja Road,6.0,33.5596411,72.9684428
Spacious Prime Location 6 Marla Residential Plot Available For sale In Girja Road,0.32,"Girja Road, Rawalpindi",https://www.zameen.com/Property/rawalpindi_girja_road_spacious_prime_location_6_marla_residential_plot_available_for_sale_in_girja_road-54576689-9205-2.html,98,Rawalpindi,Girja Road,6.0,33.5596411,72.9684428
"10 Marla Residential Plot For Sale In Abid Homes Phase 2, Adyala Road",0.6,"Adiala Road, Rawalpindi",https://www.zameen.com/Property/rawalpindi_adiala_road_10_marla_residential_plot_for_sale_in_abid_homes_phase_2_adyala_road-54375838-478-2.html,98,Rawalpindi,Adiala Road,10.0,33.5778124,73.0650131
Looking For A Residential Plot In Rawalpindi,0.85,"Gulshan Abad Sector 1, Gulshan Abad",https://www.zameen.com/Property/gulshan_abad_gulshan_abad_sector_1_looking_for_a_residential_plot_in_rawalpindi-43783915-14736-2.html,98,Rawalpindi,Gulshan Abad Sector 1,10.0,33.6536015,73.0795873
To Sale You Can Find Spacious Residential Plot In Gulshan Abad Sector 3,1.25,"Gulshan Abad Sector 3, Gulshan Abad",https://www.zameen.com/Property/gulshan_abad_gulshan_abad_sector_3_to_sale_you_can_find_spacious_residential_plot_in_gulshan_abad_sector_3-47276738-14741-2.html,98,Rawalpindi,Gulshan Abad Sector 3,10.0,33.6536015,73.0795873
Prime Location Near Rawat &Amp; T-Chowk RDA Approved Housing Society  Flexible Installment Payment Plans,0.45,"Saffron City, GT Road",https://www.zameen.com/Property/gt_road_saffron_city_prime_location_near_rawat_amp_t-chowk_rda_approved_housing_society_flexible_installment_payment_plans-54229469-21050-2.html,98,Rawalpindi,Saffron City,5.0,33.6520202,73.076983
"1 Kanal Plot For Sale In Overseas Sector, Bahria Town Rawalpindi",3.0,"Bahria Greens - Overseas Enclave, Bahria Town Phase 8",https://www.zameen.com/Property/bahria_town_phase_8_bahria_greens_-_overseas_enclave_1_kanal_plot_for_sale_in_overseas_sector_bahria_town_rawalpindi-54531223-3081-2.html,98,Rawalpindi,Bahria Greens - Overseas Enclave,20.0,33.4735,73.091
8 Marla Prime Location Plot For Sale In Bahria Town Phase 8 Rawalpindi,0.9,"Bahria Town Phase 8, Bahria Town Rawalpindi",https://www.zameen.com/Property/bahria_town_rawalpindi_bahria_town_phase_8_8_marla_prime_location_plot_for_sale_in_bahria_town_phase_8_rawalpindi-54648665-3048-2.html,98,Rawalpindi,Bahria Town Phase 8,8.0,33.5012685,73.0872635
11 Marla Plot For Sale With 1 Marla Extra Land Back Open In Sector I Bahria Town Phase 8,0.95,"Bahria Town Phase 8, Bahria Town Rawalpindi",https://www.zameen.com/Property/bahria_town_rawalpindi_bahria_town_phase_8_11_marla_plot_for_sale_with_1_marla_extra_land_back_open_in_sector_i_bahria_town_phase_8-54531222-3048-2.html,98,Rawalpindi,Bahria Town Phase 8,11.0,33.5012685,73.0872635
10 Marla Plot For Sale Bharia Town Phase 8 Available At Investor Price,0.62,"Bahria Town Phase 8, Bahria Town Rawalpindi",https://www.zameen.com/Property/bahria_town_rawalpindi_bahria_town_phase_8_10_marla_plot_for_sale_bharia_town_phase_8_available_at_investor_price-53794546-3048-2.html,98,Rawalpindi,Bahria Town Phase 8,10.0,33.5012685,73.0872635
8 Marla Boulevard Plot For Sale | 40 Ft Front | Masjid Facing | Rafi Block,1.05,"Bahria Town Phase 8 - Rafi Block, Bahria Town Phase 8",https://www.zameen.com/Property/bahria_town_phase_8_bahria_town_phase_8_-_rafi_block_8_marla_boulevard_plot_for_sale_40_ft_front_masjid_facing_rafi_block-54022516-3071-2.html,98,Rawalpindi,Bahria Town Phase 8 - Rafi Block,8.0,33.4862,73.0874
Bahria Phase 2 Special Area,6.7,"Bahria Town Phase 2, Bahria Town Rawalpindi",https://www.zameen.com/Property/bahria_town_rawalpindi_bahria_town_phase_2_bahria_phase_2_special_area-54573185-3035-2.html,98,Rawalpindi,Bahria Town Phase 2,22.0,33.5701202,73.1163357
Plot For Sale,0.75,"Bahria Town Phase 8, Bahria Town Rawalpindi",https://www.zameen.com/Property/bahria_town_rawalpindi_bahria_town_phase_8_plot_for_sale-54654439-3048-2.html,98,Rawalpindi,Bahria Town Phase 8,10.0,33.5012685,73.0872635
Get In Touch Now To Buy A Residential Plot In Bahria Town Phase 3 Rawalpindi,1.85,"Bahria Town Phase 3, Bahria Town Rawalpindi",https://www.zameen.com/Property/bahria_town_rawalpindi_bahria_town_phase_3_get_in_touch_now_to_buy_a_residential_plot_in_bahria_town_phase_3_rawalpindi-54747211-3036-2.html,98,Rawalpindi,Bahria Town Phase 3,10.0,33.5701202,73.1163357
Beautifully Constructed Residential Plot Is Available For sale In Bahria Town Phase 8 - Block G,0.5,"Bahria Town Phase 8 - Block G, Bahria Town Phase 8",https://www.zameen.com/Property/bahria_town_phase_8_bahria_town_phase_8_-_block_g_beautifully_constructed_residential_plot_is_available_for_sale_in_bahria_town_phase_8_-_block_g-54747204-3055-2.html,98,Rawalpindi,Bahria Town Phase 8 - Block G,10.0,33.4862,73.0874
Ready To Buy A Residential Plot 7 Marla In Bahria Town Phase 8 - Usman Block,0.85,"Bahria Town Phase 8 - Usman Block, Bahria Town Phase 8 - Safari Valley",https://www.zameen.com/Property/bahria_town_phase_8_safari_valley_bahria_town_phase_8_-_usman_block_ready_to_buy_a_residential_plot_7_marla_in_bahria_town_phase_8_-_usman_block-54747202-3068-2.html,98,Rawalpindi,Bahria Town Phase 8 - Usman Block,7.0,33.4848621,73.096708
8 Marla Residential Plot In Stunning Bahria Town Phase 8 - Block G Is Available For sale,0.6,"Bahria Town Phase 8 - Block G, Bahria Town Phase 8",https://www.zameen.com/Property/bahria_town_phase_8_bahria_town_phase_8_-_block_g_8_marla_residential_plot_in_stunning_bahria_town_phase_8_-_block_g_is_available_for_sale-54747198-3055-2.html,98,Rawalpindi,Bahria Town Phase 8 - Block G,8.0,33.4862,73.0874
"8 Marla Residential Plot for Sale in Sector J, Bahria Town Phase 8 Rawalpindi",0.9,"Bahria Town Phase 8 - Block J, Bahria Town Phase 8",https://www.zameen.com/Property/bahria_town_phase_8_bahria_town_phase_8_-_block_j_8_marla_residential_plot_for_sale_in_sector_j_bahria_town_phase_8_rawalpindi-54648708-3058-2.html,98,Rawalpindi,Bahria Town Phase 8 - Block J,8.0,33.4862,73.0874
10 Marla Good Location Plot For Sale In Block A,2.75,"Media Town, Rawalpindi",https://www.zameen.com/Property/rawalpindi_media_town_10_marla_good_location_plot_for_sale_in_block_a-54747067-8157-2.html,99,Rawalpindi,Media Town,10.0,33.5639764,73.1222157
Get An Attractive Prime Location Residential Plot In Fazaia Housing Scheme Under Rs. 25000000,2.5,"Fazaia Housing Scheme, Rawalpindi",https://www.zameen.com/Property/rawalpindi_fazaia_housing_scheme_get_an_attractive_prime_location_residential_plot_in_fazaia_housing_scheme_under_rs_25000000-54747056-516-2.html,99,Rawalpindi,Fazaia Housing Scheme,10.0,33.6037128,72.8413436
Kanal Plot For Sale On Good Location,4.0,"Judicial Colony, Rawalpindi",https://www.zameen.com/Property/rawalpindi_judicial_colony_kanal_plot_for_sale_on_good_location-54747059-1266-2.html,99,Rawalpindi,Judicial Colony,20.0,33.5952136,73.1352538
1 Kanal Plot For Sale In Punjab Society Rwp,1.2,"Punjab Government Servant Housing Foundation (PGSHF), Rawalpindi",https://www.zameen.com/Property/rawalpindi_punjab_government_servant_housing_foundation_pgshf_1_kanal_plot_for_sale_in_punjab_society_rwp-54746969-10424-2.html,99,Rawalpindi,Punjab Government Servant Housing Foundation (PGSHF),20.0,33.4542,72.9515
5 Marla Plot For Sale,0.68,"Punjab Government Servant Housing Foundation (PGSHF), Rawalpindi",https://www.zameen.com/Property/rawalpindi_punjab_government_servant_housing_foundation_pgshf_5_marla_plot_for_sale-54746970-10424-2.html,99,Rawalpindi,Punjab Government Servant Housing Foundation (PGSHF),5.0,33.4542,72.9515
5 Marla For Sale PGSHF,0.7,"Punjab Government Servant Housing Foundation (PGSHF), Rawalpindi",https://www.zameen.com/Property/rawalpindi_punjab_government_servant_housing_foundation_pgshf_5_marla_for_sale_pgshf-54746967-10424-2.html,99,Rawalpindi,Punjab Government Servant Housing Foundation (PGSHF),5.0,33.4542,72.9515
7 Marla Plot For Sale,0.85,"Punjab Government Servant Housing Foundation (PGSHF), Rawalpindi",https://www.zameen.com/Property/rawalpindi_punjab_government_servant_housing_foundation_pgshf_7_marla_plot_for_sale-54746968-10424-2.html,99,Rawalpindi,Punjab Government Servant Housing Foundation (PGSHF),7.0,33.4542,72.9515
Plot In Satellite Town Rwp,2.9,"Satellite Town, Rawalpindi",https://www.zameen.com/Property/rawalpindi_satellite_town_plot_in_satellite_town_rwp-54746943-433-2.html,99,Rawalpindi,Satellite Town,4.0,33.63757,73.0733589
Get In Touch Now To Buy A 480 Square Feet Residential Plot In Satellite Town Satellite Town,1.5,"Satellite Town, Rawalpindi",https://www.zameen.com/Property/rawalpindi_satellite_town_get_in_touch_now_to_buy_a_480_square_feet_residential_plot_in_satellite_town_satellite_town-54746944-433-2.html,99,Rawalpindi,Satellite Town,2.1,33.63757,73.0733589
7 Marla Plot Is Available For Sale,0.9,"Punjab Government Servant Housing Foundation (PGSHF), Rawalpindi",https://www.zameen.com/Property/rawalpindi_punjab_government_servant_housing_foundation_pgshf_7_marla_plot_is_available_for_sale-54746783-10424-2.html,100,Rawalpindi,Punjab Government Servant Housing Foundation (PGSHF),7.0,33.4542,72.9515
Punjab Government Servant Housing Foundation (PGSHF) Residential Plot Sized 5 Marla Is Available,0.78,"Punjab Government Servant Housing Foundation (PGSHF), Rawalpindi",https://www.zameen.com/Property/rawalpindi_punjab_government_servant_housing_foundation_pgshf_punjab_government_servant_housing_foundation_pgshf_residential_plot_sized_5_marla_is_available-54746780-10424-2.html,100,Rawalpindi,Punjab Government Servant Housing Foundation (PGSHF),5.0,33.4542,72.9515
1 Kanal plot for sale in sector 3,2.0,"Airport Housing Society - Sector 3, Airport Housing Society",https://www.zameen.com/Property/airport_housing_society_airport_housing_society_-_sector_3_1_kanal_plot_for_sale_in_sector_3-54746587-9154-2.html,100,Rawalpindi,Airport Housing Society - Sector 3,20.0,33.5941022,73.1307386
A Great Choice For A 175 Square Yards Residential Plot Available In Blue World City,0.3,"Blue World City, Chakri Road",https://www.zameen.com/Property/chakri_road_blue_world_city_a_great_choice_for_a_175_square_yards_residential_plot_available_in_blue_world_city-54671516-11768-2.html,100,Rawalpindi,Blue World City,7.0,33.3674961,72.8668694
Residential Plot For sale In Rs. 3000000,0.3,"Blue World City, Chakri Road",https://www.zameen.com/Property/chakri_road_blue_world_city_residential_plot_for_sale_in_rs_3000000-54671517-11768-2.html,100,Rawalpindi,Blue World City,7.0,33.3674961,72.8668694
4 Marla Plots Near Foundation University New Lalazar Opp Ayoub National Park Rawalpindi Cantt.,0.74,"Lalazar, Rawalpindi",https://www.zameen.com/Property/rawalpindi_lalazar_4_marla_plots_near_foundation_university_new_lalazar_opp_ayoub_national_park_rawalpindi_cantt-54018934-576-2.html,100,Rawalpindi,Lalazar,4.0,33.5683596,73.0550925
5 Marla Premium Corner + Park Facing Plot For Sale Sector 1 General Block,0.35,"Blue World City - Sector 1, Blue World City",https://www.zameen.com/Property/blue_world_city_blue_world_city_-_sector_1_5_marla_premium_corner_park_facing_plot_for_sale_sector_1_general_block-54679548-17825-2.html,100,Rawalpindi,Blue World City - Sector 1,5.0,33.3644138,72.843123
Residential Plot Available For Sale,3.0,"Bahria Greens - Overseas Enclave - Sector 1, Bahria Greens - Overseas Enclave",https://www.zameen.com/Property/bahria_greens_overseas_enclave_bahria_greens_-_overseas_enclave_-_sector_1_residential_plot_available_for_sale-47204167-8300-2.html,100,Rawalpindi,Bahria Greens - Overseas Enclave - Sector 1,20.0,33.4735,73.091
Exclusive 1 Kanal Back Open Plot Ideal For Luxury Living,2.6,"Bahria Town Phase 8 - Block A, Bahria Town Phase 8",https://www.zameen.com/Property/bahria_town_phase_8_bahria_town_phase_8_-_block_a_exclusive_1_kanal_back_open_plot_ideal_for_luxury_living-54316341-3049-2.html,100,Rawalpindi,Bahria Town Phase 8 - Block A,22.0,33.4862,73.0874
Plot For Sale In Bahria Town Phase 2,2.8,"Bahria Town Phase 2, Bahria Town Rawalpindi",https://www.zameen.com/Property/bahria_town_rawalpindi_bahria_town_phase_2_plot_for_sale_in_bahria_town_phase_2-47977709-3035-2.html,100,Rawalpindi,Bahria Town Phase 2,10.0,33.5701202,73.1163357
Bahria Greens (Overseas Sector) 5 Plot#655 Size 5marla Posession Utility Paid,0.85,"Bahria Greens - Overseas Enclave - Sector 5, Bahria Greens - Overseas Enclave",https://www.zameen.com/Property/bahria_greens_overseas_enclave_bahria_greens_-_overseas_enclave_-_sector_5_bahria_greens_overseas_sector_5_plot_655_size_5marla_posession_utility_paid-54743891-8304-2.html,100,Rawalpindi,Bahria Greens - Overseas Enclave - Sector 5,5.0,33.4735,73.091
10 MARLA PLOT IN H BLOCK PHASE 8,1.4,"Bahria Town Phase 8 - Block H, Bahria Town Phase 8",https://www.zameen.com/Property/bahria_town_phase_8_bahria_town_phase_8_-_block_h_10_marla_plot_in_h_block_phase_8-53213696-3056-2.html,100,Rawalpindi,Bahria Town Phase 8 - Block H,10.0,33.4862,73.0874
Centrally Located Residential Plot For Sale In Bahria Town Phase 7 Available,3.05,"Bahria Town Phase 7, Bahria Town Rawalpindi",https://www.zameen.com/Property/bahria_town_rawalpindi_bahria_town_phase_7_centrally_located_residential_plot_for_sale_in_bahria_town_phase_7_available-54706386-3047-2.html,100,Rawalpindi,Bahria Town Phase 7,20.0,33.5701202,73.1163357
10 Marla Residential Plot For Sale On B Block Boulevard Prime Location,0.95,"Bahria Town Phase 8 - Block B, Bahria Town Phase 8",https://www.zameen.com/Property/bahria_town_phase_8_bahria_town_phase_8_-_block_b_10_marla_residential_plot_for_sale_on_b_block_boulevard_prime_location-54706446-3050-2.html,100,Rawalpindi,Bahria Town Phase 8 - Block B,10.0,33.4848621,73.096708
10 Marla Residential Plot For Sale In C Block Prime Location,1.05,"Bahria Town Phase 8 - Block C, Bahria Town Phase 8",https://www.zameen.com/Property/bahria_town_phase_8_bahria_town_phase_8_-_block_c_10_marla_residential_plot_for_sale_in_c_block_prime_location-54710221-3051-2.html,100,Rawalpindi,Bahria Town Phase 8 - Block C,10.0,33.4862,73.0874
"7 Marla Plot For Sale In K Block, Bahria Town Phase 8 Rawalpindi Main Boulevard Price 50 Lac5",0.5,"Bahria Town Phase 8 - Block K, Bahria Town Phase 8",https://www.zameen.com/Property/bahria_town_phase_8_bahria_town_phase_8_-_block_k_7_marla_plot_for_sale_in_k_block_bahria_town_phase_8_rawalpindi_main_boulevard_price_50_lac5-54710225-3060-2.html,100,Rawalpindi,Bahria Town Phase 8 - Block K,7.0,33.4862,73.0874
Get An Attractive Residential Plot In Rawalpindi For Sale,0.85,"Bahria Town Phase 8 - Block A, Bahria Town Phase 8",https://www.zameen.com/Property/bahria_town_phase_8_bahria_town_phase_8_-_block_a_get_an_attractive_residential_plot_in_rawalpindi_for_sale-54710231-3049-2.html,100,Rawalpindi,Bahria Town Phase 8 - Block A,10.0,33.4862,73.0874
Residential Plot For Sale Bahria Town Phase 8 Usman D Block,3.2,"Bahria Town Phase 8 - Usman D Block, Bahria Town Phase 8 - Safari Valley",https://www.zameen.com/Property/bahria_town_phase_8_safari_valley_bahria_town_phase_8_-_usman_d_block_residential_plot_for_sale_bahria_town_phase_8_usman_d_block-54710250-12179-2.html,100,Rawalpindi,Bahria Town Phase 8 - Usman D Block,34.0,33.4862,73.0874
In Bahria Town Phase 8 - Bahria Orchard 10 Marla Residential Plot For Sale,0.35,"Bahria Town Phase 8 - Bahria Orchard, Bahria Town Phase 8",https://www.zameen.com/Property/bahria_town_phase_8_bahria_town_phase_8_-_bahria_orchard_in_bahria_town_phase_8_-_bahria_orchard_10_marla_residential_plot_for_sale-54713132-9584-2.html,100,Rawalpindi,Bahria Town Phase 8 - Bahria Orchard,10.0,33.4862,73.0874
1 Kanal Plot For Sale In Overseas 3 Full Heighted Area,2.5,"Bahria Greens - Overseas Enclave - Sector 3, Bahria Greens - Overseas Enclave",https://www.zameen.com/Property/bahria_greens_overseas_enclave_bahria_greens_-_overseas_enclave_-_sector_3_1_kanal_plot_for_sale_in_overseas_3_full_heighted_area-54717959-8302-2.html,100,Rawalpindi,Bahria Greens - Overseas Enclave - Sector 3,20.0,33.4735,73.091
2 Kanal Plot For Sale In Overseas Block Main Boulevard Prime Location,6.25,"Bahria Greens - Overseas Enclave - Sector 3, Bahria Greens - Overseas Enclave",https://www.zameen.com/Property/bahria_greens_overseas_enclave_bahria_greens_-_overseas_enclave_-_sector_3_2_kanal_plot_for_sale_in_overseas_block_main_boulevard_prime_location-54717960-8302-2.html,100,Rawalpindi,Bahria Greens - Overseas Enclave - Sector 3,40.0,33.4735,73.091
F3 10 Marla Plot For Sale Best Investment Option,0.7,"Bahria Town Phase 8 - Sector F-3, Bahria Town Phase 8",https://www.zameen.com/Property/bahria_town_phase_8_bahria_town_phase_8_-_sector_f-3_f3_10_marla_plot_for_sale_best_investment_option-54717962-8251-2.html,101,Rawalpindi,Bahria Town Phase 8 - Sector F-3,10.0,33.4855018,73.0971219
Corner Residential Plot For Sale,1.2,"Bahria Town Phase 8 - Umer Block, Bahria Town Phase 8 - Safari Valley",https://www.zameen.com/Property/bahria_town_phase_8_safari_valley_bahria_town_phase_8_-_umer_block_corner_residential_plot_for_sale-54717976-3067-2.html,101,Rawalpindi,Bahria Town Phase 8 - Umer Block,11.0,33.4862,73.0874
Residential Plot For Sale In Bahria Town Phase 3 Rawalpindi,2.7,"Bahria Town Phase 3, Bahria Town Rawalpindi",https://www.zameen.com/Property/bahria_town_rawalpindi_bahria_town_phase_3_residential_plot_for_sale_in_bahria_town_phase_3_rawalpindi-54723042-3036-2.html,101,Rawalpindi,Bahria Town Phase 3,10.0,33.5701202,73.1163357
J-14 14 Marla Plot For Sale Excellent Investment Opportunity,1.35,"Bahria Town Phase 8 - Block J, Bahria Town Phase 8",https://www.zameen.com/Property/bahria_town_phase_8_bahria_town_phase_8_-_block_j_j-14_14_marla_plot_for_sale_excellent_investment_opportunity-54723043-3058-2.html,101,Rawalpindi,Bahria Town Phase 8 - Block J,14.0,33.4862,73.0874
Residential Plot For Sale Bahria Town Phase 8 Usman D Block,3.2,"Bahria Town Phase 8 - Usman D Block, Bahria Town Phase 8 - Safari Valley",https://www.zameen.com/Property/bahria_town_phase_8_safari_valley_bahria_town_phase_8_-_usman_d_block_residential_plot_for_sale_bahria_town_phase_8_usman_d_block-54732314-12179-2.html,101,Rawalpindi,Bahria Town Phase 8 - Usman D Block,34.0,33.4862,73.0874
1 Kanal Residential Plot For Sale,4.5,"Bahria Town Phase 4, Bahria Town Rawalpindi",https://www.zameen.com/Property/bahria_town_rawalpindi_bahria_town_phase_4_1_kanal_residential_plot_for_sale-54132147-3041-2.html,101,Rawalpindi,Bahria Town Phase 4,20.0,33.5701202,73.1163357
2800 Square Feet Residential Plot For sale In Media Town Media Town,3.0,"Media Town, Rawalpindi",https://www.zameen.com/Property/rawalpindi_media_town_2800_square_feet_residential_plot_for_sale_in_media_town_media_town-52816283-8157-2.html,101,Rawalpindi,Media Town,12.4,33.5639764,73.1222157
Affordable Prime Location Residential Plot Available For Sale In Punjab Government Servant Housing Foundation (PGSHF),0.8,"Punjab Government Servant Housing Foundation (PGSHF), Rawalpindi",https://www.zameen.com/Property/rawalpindi_punjab_government_servant_housing_foundation_pgshf_affordable_prime_location_residential_plot_available_for_sale_in_punjab_government_servant_housing_foundation_pgshf-54742776-10424-2.html,101,Rawalpindi,Punjab Government Servant Housing Foundation (PGSHF),5.0,33.4542,72.9515
Beautifully Constructed Corner Residential Plot Is Available For Sale In Punjab Government Servant Housing Foundation (PGSHF),0.72,"Punjab Government Servant Housing Foundation (PGSHF), Rawalpindi",https://www.zameen.com/Property/rawalpindi_punjab_government_servant_housing_foundation_pgshf_beautifully_constructed_corner_residential_plot_is_available_for_sale_in_punjab_government_servant_housing_foundation_pgshf-54742778-10424-2.html,101,Rawalpindi,Punjab Government Servant Housing Foundation (PGSHF),5.0,33.4542,72.9515
Prime Location Residential Plot For sale In Rs. 7500000,0.75,"Punjab Government Servant Housing Foundation (PGSHF), Rawalpindi",https://www.zameen.com/Property/rawalpindi_punjab_government_servant_housing_foundation_pgshf_prime_location_residential_plot_for_sale_in_rs_7500000-54742777-10424-2.html,101,Rawalpindi,Punjab Government Servant Housing Foundation (PGSHF),5.0,33.4542,72.9515
This Is Your Chance To Buy Corner Residential Plot In Punjab Government Servant Housing Foundation (PGSHF),0.92,"Punjab Government Servant Housing Foundation (PGSHF), Rawalpindi",https://www.zameen.com/Property/rawalpindi_punjab_government_servant_housing_foundation_pgshf_this_is_your_chance_to_buy_corner_residential_plot_in_punjab_government_servant_housing_foundation_pgshf-54742762-10424-2.html,101,Rawalpindi,Punjab Government Servant Housing Foundation (PGSHF),7.0,33.4542,72.9515
Buying A Prime Location Residential Plot In Punjab Government Servant Housing Foundation (PGSHF) Punjab Government Servant Housing Foundation (PGSHF)?,0.9,"Punjab Government Servant Housing Foundation (PGSHF), Rawalpindi",https://www.zameen.com/Property/rawalpindi_punjab_government_servant_housing_foundation_pgshf_buying_a_prime_location_residential_plot_in_punjab_government_servant_housing_foundation_pgshf_punjab_government_servant_housing_foundation_pgshf-54742763-10424-2.html,101,Rawalpindi,Punjab Government Servant Housing Foundation (PGSHF),7.0,33.4542,72.9515
Get In Touch Now To Buy A Prime Location 7 Marla Residential Plot In Punjab Government Servant Housing Foundation (PGSHF),0.95,"Punjab Government Servant Housing Foundation (PGSHF), Rawalpindi",https://www.zameen.com/Property/rawalpindi_punjab_government_servant_housing_foundation_pgshf_get_in_touch_now_to_buy_a_prime_location_7_marla_residential_plot_in_punjab_government_servant_housing_foundation_pgshf-54742760-10424-2.html,101,Rawalpindi,Punjab Government Servant Housing Foundation (PGSHF),7.0,33.4542,72.9515
Ready To Buy A Prime Location Residential Plot In Punjab Government Servant Housing Foundation (PGSHF) Punjab Government Servant Housing Foundation (PGSHF),1.0,"Punjab Government Servant Housing Foundation (PGSHF), Rawalpindi",https://www.zameen.com/Property/rawalpindi_punjab_government_servant_housing_foundation_pgshf_ready_to_buy_a_prime_location_residential_plot_in_punjab_government_servant_housing_foundation_pgshf_punjab_government_servant_housing_foundation_pgshf-54742759-10424-2.html,101,Rawalpindi,Punjab Government Servant Housing Foundation (PGSHF),7.0,33.4542,72.9515
Ready To Buy A Prime Location Residential Plot 7 Marla In Punjab Government Servant Housing Foundation (PGSHF),0.82,"Punjab Government Servant Housing Foundation (PGSHF), Rawalpindi",https://www.zameen.com/Property/rawalpindi_punjab_government_servant_housing_foundation_pgshf_ready_to_buy_a_prime_location_residential_plot_7_marla_in_punjab_government_servant_housing_foundation_pgshf-54742761-10424-2.html,101,Rawalpindi,Punjab Government Servant Housing Foundation (PGSHF),7.0,33.4542,72.9515
Corner Residential Plot Available For Sale In Punjab Government Servant Housing Foundation (PGSHF),1.6,"Punjab Government Servant Housing Foundation (PGSHF), Rawalpindi",https://www.zameen.com/Property/rawalpindi_punjab_government_servant_housing_foundation_pgshf_corner_residential_plot_available_for_sale_in_punjab_government_servant_housing_foundation_pgshf-54742736-10424-2.html,101,Rawalpindi,Punjab Government Servant Housing Foundation (PGSHF),22.0,33.4542,72.9515
"Prime Location 1 Kanal Residential Plot available for sale in Punjab Government Servant Housing Foundation (PGSHF), Punjab Government Servant Housing Foundation (PGSHF)",1.55,"Punjab Government Servant Housing Foundation (PGSHF), Rawalpindi",https://www.zameen.com/Property/rawalpindi_punjab_government_servant_housing_foundation_pgshf_prime_location_1_kanal_residential_plot_available_for_sale_in_punjab_government_servant_housing_foundation_pgshf_punjab_government_servant_housing_foundation_pgshf-54742735-10424-2.html,101,Rawalpindi,Punjab Government Servant Housing Foundation (PGSHF),20.0,33.4542,72.9515
Centrally Located Prime Location Residential Plot Available In Punjab Government Servant Housing Foundation (PGSHF) For Sale,1.4,"Punjab Government Servant Housing Foundation (PGSHF), Rawalpindi",https://www.zameen.com/Property/rawalpindi_punjab_government_servant_housing_foundation_pgshf_centrally_located_prime_location_residential_plot_available_in_punjab_government_servant_housing_foundation_pgshf_for_sale-54742738-10424-2.html,101,Rawalpindi,Punjab Government Servant Housing Foundation (PGSHF),20.0,33.4542,72.9515
Looking For A Prime Location Residential Plot In Punjab Government Servant Housing Foundation (PGSHF),1.35,"Punjab Government Servant Housing Foundation (PGSHF), Rawalpindi",https://www.zameen.com/Property/rawalpindi_punjab_government_servant_housing_foundation_pgshf_looking_for_a_prime_location_residential_plot_in_punjab_government_servant_housing_foundation_pgshf-54742737-10424-2.html,101,Rawalpindi,Punjab Government Servant Housing Foundation (PGSHF),20.0,33.4542,72.9515
Prime Location Residential Plot For sale In Beautiful Punjab Government Servant Housing Foundation (PGSHF),1.65,"Punjab Government Servant Housing Foundation (PGSHF), Rawalpindi",https://www.zameen.com/Property/rawalpindi_punjab_government_servant_housing_foundation_pgshf_prime_location_residential_plot_for_sale_in_beautiful_punjab_government_servant_housing_foundation_pgshf-54742734-10424-2.html,101,Rawalpindi,Punjab Government Servant Housing Foundation (PGSHF),22.0,33.4542,72.9515
"Rose Garden Zone 1, 5Marla Most Prime Location Plot For Sale.",0.47,"Bahria Town Phase 8, Bahria Town Rawalpindi",https://www.zameen.com/Property/bahria_town_rawalpindi_bahria_town_phase_8_rose_garden_zone_1_5marla_most_prime_location_plot_for_sale-54656804-3048-2.html,101,Rawalpindi,Bahria Town Phase 8,5.0,33.5012685,73.0872635
Spacious Prime Location Residential Plot Is Available In Punjab Government Servant Housing Foundation (PGSHF) For Sale,0.9,"Punjab Government Servant Housing Foundation (PGSHF), Rawalpindi",https://www.zameen.com/Property/rawalpindi_punjab_government_servant_housing_foundation_pgshf_spacious_prime_location_residential_plot_is_available_in_punjab_government_servant_housing_foundation_pgshf_for_sale-54742691-10424-2.html,101,Rawalpindi,Punjab Government Servant Housing Foundation (PGSHF),10.0,33.4542,72.9515
Buy A Prime Location 10 Marla Residential Plot For Sale In Punjab Government Servant Housing Foundation (PGSHF),1.0,"Punjab Government Servant Housing Foundation (PGSHF), Rawalpindi",https://www.zameen.com/Property/rawalpindi_punjab_government_servant_housing_foundation_pgshf_buy_a_prime_location_10_marla_residential_plot_for_sale_in_punjab_government_servant_housing_foundation_pgshf-54742694-10424-2.html,101,Rawalpindi,Punjab Government Servant Housing Foundation (PGSHF),10.0,33.4542,72.9515
"Prime Location Residential Plot Of 10 Marla Is Available For Sale In Punjab Government Servant Housing Foundation (PGSHF), Punjab Government Servant Housing Foundation (PGSHF)",0.95,"Punjab Government Servant Housing Foundation (PGSHF), Rawalpindi",https://www.zameen.com/Property/rawalpindi_punjab_government_servant_housing_foundation_pgshf_prime_location_residential_plot_of_10_marla_is_available_for_sale_in_punjab_government_servant_housing_foundation_pgshf_punjab_government_servant_housing_foundation_pgshf-54742692-10424-2.html,102,Rawalpindi,Punjab Government Servant Housing Foundation (PGSHF),10.0,33.4542,72.9515
Looking For A Prime Location Residential Plot In Punjab Government Servant Housing Foundation (PGSHF) Punjab Government Servant Housing Foundation (PGSHF),0.85,"Punjab Government Servant Housing Foundation (PGSHF), Rawalpindi",https://www.zameen.com/Property/rawalpindi_punjab_government_servant_housing_foundation_pgshf_looking_for_a_prime_location_residential_plot_in_punjab_government_servant_housing_foundation_pgshf_punjab_government_servant_housing_foundation_pgshf-54742690-10424-2.html,102,Rawalpindi,Punjab Government Servant Housing Foundation (PGSHF),10.0,33.4542,72.9515
Get In Touch Now To Buy A Prime Location 10 Marla Residential Plot In Punjab Government Servant Housing Foundation (PGSHF),1.1,"Punjab Government Servant Housing Foundation (PGSHF), Rawalpindi",https://www.zameen.com/Property/rawalpindi_punjab_government_servant_housing_foundation_pgshf_get_in_touch_now_to_buy_a_prime_location_10_marla_residential_plot_in_punjab_government_servant_housing_foundation_pgshf-54742693-10424-2.html,102,Rawalpindi,Punjab Government Servant Housing Foundation (PGSHF),10.0,33.4542,72.9515
Ready To Move Plots Available For Sale,0.45,"Saffron City, GT Road",https://www.zameen.com/Property/gt_road_saffron_city_ready_to_move_plots_available_for_sale-54742067-21050-2.html,102,Rawalpindi,Saffron City,5.0,33.6520202,73.076983
Plot For Sale 980 Sq Yrd Bahria Town Rawalpindi phase. 1,3.25,"Bahria Town Phase 1, Bahria Town Rawalpindi",https://www.zameen.com/Property/bahria_town_rawalpindi_bahria_town_phase_1_plot_for_sale_980_sq_yrd_bahria_town_rawalpindi_phase_1-54649703-3033-2.html,102,Rawalpindi,Bahria Town Phase 1,40.0,33.5701202,73.1163357
This Is Your Chance To Buy Residential Plot In Bahria Town Phase 8 - Ali Block Rawalpindi,0.88,"Bahria Town Phase 8 - Ali Block, Bahria Town Phase 8 - Safari Valley",https://www.zameen.com/Property/bahria_town_phase_8_safari_valley_bahria_town_phase_8_-_ali_block_this_is_your_chance_to_buy_residential_plot_in_bahria_town_phase_8_-_ali_block_rawalpindi-54697603-3070-2.html,102,Rawalpindi,Bahria Town Phase 8 - Ali Block,6.0,33.4862,73.0874
Get In Touch Now To Buy A Residential Plot In Rawalpindi,0.65,"Bahria Town Phase 8 - Block I, Bahria Town Phase 8",https://www.zameen.com/Property/bahria_town_phase_8_bahria_town_phase_8_-_block_i_get_in_touch_now_to_buy_a_residential_plot_in_rawalpindi-54693120-3057-2.html,102,Rawalpindi,Bahria Town Phase 8 - Block I,5.0,33.4862,73.0874
"Prime 10 Marla Residential Plot for Sale Sector F-1, Street 32, Bahria Town Phase 8, Rawalpindi",1.4,"Bahria Town Phase 8 - Sector F-1, Bahria Town Phase 8",https://www.zameen.com/Property/bahria_town_phase_8_bahria_town_phase_8_-_sector_f-1_prime_10_marla_residential_plot_for_sale_sector_f-1_street_32_bahria_town_phase_8_rawalpindi-54739656-3095-2.html,102,Rawalpindi,Bahria Town Phase 8 - Sector F-1,10.0,33.4855018,73.0971219
10 Marla Beautiful Level Pot In Bahria Town Ph 4,2.5,"Bahria Town Phase 4, Bahria Town Rawalpindi",https://www.zameen.com/Property/bahria_town_rawalpindi_bahria_town_phase_4_10_marla_beautiful_level_pot_in_bahria_town_ph_4-46574816-3041-2.html,102,Rawalpindi,Bahria Town Phase 4,10.0,33.5701202,73.1163357
6.5 Marla Plot For Sale Front Open,0.85,"Bahria Town Phase 8 - Umer Block, Bahria Town Phase 8 - Safari Valley",https://www.zameen.com/Property/bahria_town_phase_8_safari_valley_bahria_town_phase_8_-_umer_block_6_5_marla_plot_for_sale_front_open-54467024-3067-2.html,102,Rawalpindi,Bahria Town Phase 8 - Umer Block,6.5,33.4862,73.0874
Possession Able Plot In DHA 2,0.45,"Saffron City, GT Road",https://www.zameen.com/Property/gt_road_saffron_city_possession_able_plot_in_dha_2-54739111-21050-2.html,102,Rawalpindi,Saffron City,5.0,33.6520202,73.076983
New Deal Overseas West Near To Capital Smart City Interchange,0.3,"Capital Smart City, Rawalpindi",https://www.zameen.com/Property/rawalpindi_capital_smart_city_new_deal_overseas_west_near_to_capital_smart_city_interchange-50538859-11891-2.html,102,Rawalpindi,Capital Smart City,5.0,33.4407844,72.8587589
Taj Residencia Plot For Sale,0.35,"Taj Residencia, Rawalpindi",https://www.zameen.com/Property/rawalpindi_taj_residencia_taj_residencia_plot_for_sale-49643310-11491-2.html,102,Rawalpindi,Taj Residencia,5.0,33.589782,72.9679336
Taj Residencia Plot File For Sale,0.09,"Taj Residencia, Rawalpindi",https://www.zameen.com/Property/rawalpindi_taj_residencia_taj_residencia_plot_file_for_sale-49644017-11491-2.html,102,Rawalpindi,Taj Residencia,5.0,33.589782,72.9679336
Plot File Available,0.1,"Taj Residencia, Rawalpindi",https://www.zameen.com/Property/rawalpindi_taj_residencia_plot_file_available-50163739-11491-2.html,102,Rawalpindi,Taj Residencia,5.0,33.589782,72.9679336
Centrally Located Residential Plot Available In Bahria Town Phase 8 - Block A For Sale,1.1,"Bahria Town Phase 8 - Block A, Bahria Town Phase 8",https://www.zameen.com/Property/bahria_town_phase_8_bahria_town_phase_8_-_block_a_centrally_located_residential_plot_available_in_bahria_town_phase_8_-_block_a_for_sale-54738787-3049-2.html,102,Rawalpindi,Bahria Town Phase 8 - Block A,10.0,33.4862,73.0874
Investors Should sale This Residential Plot Located Ideally In Bahria Town Rawalpindi,1.35,"Bahria Town Phase 8 - Block C, Bahria Town Phase 8",https://www.zameen.com/Property/bahria_town_phase_8_bahria_town_phase_8_-_block_c_investors_should_sale_this_residential_plot_located_ideally_in_bahria_town_rawalpindi-54738788-3051-2.html,102,Rawalpindi,Bahria Town Phase 8 - Block C,10.0,33.4862,73.0874
5 Marla Plot For Sale,0.6,"Airport Housing Society - Sector 4, Airport Housing Society",https://www.zameen.com/Property/airport_housing_society_airport_housing_society_-_sector_4_5_marla_plot_for_sale-54738672-9155-2.html,102,Rawalpindi,Airport Housing Society - Sector 4,5.0,33.5941022,73.1307386
Bahria Town Umar Block 8 Marla Solid Land Plot For Sale,0.88,"Bahria Town Phase 8 - Umer Block, Bahria Town Phase 8 - Safari Valley",https://www.zameen.com/Property/bahria_town_phase_8_safari_valley_bahria_town_phase_8_-_umer_block_bahria_town_umar_block_8_marla_solid_land_plot_for_sale-54537542-3067-2.html,102,Rawalpindi,Bahria Town Phase 8 - Umer Block,8.0,33.4862,73.0874
6 Marla Residential Plot For Sale Airport Housing Society Rawalpindi,0.5,"Airport Housing Society - Sector 4, Airport Housing Society",https://www.zameen.com/Property/airport_housing_society_airport_housing_society_-_sector_4_6_marla_residential_plot_for_sale_airport_housing_society_rawalpindi-44038639-9155-2.html,103,Rawalpindi,Airport Housing Society - Sector 4,6.0,33.5941022,73.1307386
10 Marla 35*70 Possession Ready To Construction Highted Location Plot Available For Sale On Investor Price In Taj Residencia Orchard Block,1.35,"Taj Residencia - Orchard Block, Taj Residencia",https://www.zameen.com/Property/taj_residencia_taj_residencia_-_orchard_block_10_marla_35_70_possession_ready_to_construction_highted_location_plot_available_for_sale_on_investor_price_in_taj_residencia_orchard_block-54654476-18998-2.html,103,Rawalpindi,Taj Residencia - Orchard Block,10.0,33.5855,72.9348
"Owner Plot # 1703, St 65 Ali Block BT Phase 8",0.8,"Bahria Town Phase 8 - Ali Block, Bahria Town Phase 8 - Safari Valley",https://www.zameen.com/Property/bahria_town_phase_8_safari_valley_bahria_town_phase_8_-_ali_block_owner_plot_1703_st_65_ali_block_bt_phase_8-54736256-3070-2.html,103,Rawalpindi,Bahria Town Phase 8 - Ali Block,5.0,33.4862,73.0874
Up Country Plots For Sale,0.23,"UpCountry Enclosures Society - Block F, UpCountry Enclosures Housing Society",https://www.zameen.com/Property/upcountry_enclosures_housing_society_upcountry_enclosures_society_-_block_f_up_country_plots_for_sale-54093924-16295-2.html,103,Rawalpindi,UpCountry Enclosures Society - Block F,5.0,33.5412,72.8845
Aesthetic Residential Plot Of 7 Marla For sale Is Available,0.5,"UpCountry Enclosures Society - Block H, UpCountry Enclosures Housing Society",https://www.zameen.com/Property/upcountry_enclosures_housing_society_upcountry_enclosures_society_-_block_h_aesthetic_residential_plot_of_7_marla_for_sale_is_available-54433947-16297-2.html,103,Rawalpindi,UpCountry Enclosures Society - Block H,7.0,33.5412,72.8845
5 Marla Plot on Main Boulevard Hathi Chowk,0.69,"Bahria Town Phase 8 - Block L, Bahria Town Phase 8",https://www.zameen.com/Property/bahria_town_phase_8_bahria_town_phase_8_-_block_l_5_marla_plot_on_main_boulevard_hathi_chowk-54366958-3061-2.html,103,Rawalpindi,Bahria Town Phase 8 - Block L,5.0,33.4862,73.0874
10 Marla Plot In Overseas 5,2.0,"Bahria Greens - Overseas Enclave - Sector 5, Bahria Greens - Overseas Enclave",https://www.zameen.com/Property/bahria_greens_overseas_enclave_bahria_greens_-_overseas_enclave_-_sector_5_10_marla_plot_in_overseas_5-53444973-8304-2.html,103,Rawalpindi,Bahria Greens - Overseas Enclave - Sector 5,10.0,33.4735,73.091
10 Marla Heighted Plot For Sale,0.85,"Bahria Town Phase 8, Bahria Town Rawalpindi",https://www.zameen.com/Property/bahria_town_rawalpindi_bahria_town_phase_8_10_marla_heighted_plot_for_sale-53914159-3048-2.html,103,Rawalpindi,Bahria Town Phase 8,10.0,33.5012685,73.0872635
Prime Location In Punjab Government Servant Housing Foundation (PGSHF) Residential Plot Sized 10 Marla For Sale,0.85,"Punjab Government Servant Housing Foundation (PGSHF), Rawalpindi",https://www.zameen.com/Property/rawalpindi_punjab_government_servant_housing_foundation_pgshf_prime_location_in_punjab_government_servant_housing_foundation_pgshf_residential_plot_sized_10_marla_for_sale-54656700-10424-2.html,103,Rawalpindi,Punjab Government Servant Housing Foundation (PGSHF),10.0,33.4542,72.9515
Prime Location Residential Plot Of 5 Marla In Punjab Government Servant Housing Foundation (PGSHF) For Sale,0.7,"Punjab Government Servant Housing Foundation (PGSHF), Rawalpindi",https://www.zameen.com/Property/rawalpindi_punjab_government_servant_housing_foundation_pgshf_prime_location_residential_plot_of_5_marla_in_punjab_government_servant_housing_foundation_pgshf_for_sale-54656703-10424-2.html,103,Rawalpindi,Punjab Government Servant Housing Foundation (PGSHF),5.0,33.4542,72.9515
Huge Front 80 Feet Proper Corner Size 30 Marla,3.35,"Bahria Greens - Overseas Enclave - Sector 5, Bahria Greens - Overseas Enclave",https://www.zameen.com/Property/bahria_greens_overseas_enclave_bahria_greens_-_overseas_enclave_-_sector_5_huge_front_80_feet_proper_corner_size_30_marla-54415794-8304-2.html,103,Rawalpindi,Bahria Greens - Overseas Enclave - Sector 5,30.0,33.4735,73.091
Backopen With Extraland Two Street Plot,1.75,"Bahria Town Phase 8 - Block D, Bahria Town Phase 8",https://www.zameen.com/Property/bahria_town_phase_8_bahria_town_phase_8_-_block_d_backopen_with_extraland_two_street_plot-54523858-3052-2.html,103,Rawalpindi,Bahria Town Phase 8 - Block D,10.0,33.4862,73.0874
Blvd Back Level Near To School And Commerical,0.83,"Bahria Town Phase 8 - Usman Block, Bahria Town Phase 8 - Safari Valley",https://www.zameen.com/Property/bahria_town_phase_8_safari_valley_bahria_town_phase_8_-_usman_block_blvd_back_level_near_to_school_and_commerical-54570845-3068-2.html,103,Rawalpindi,Bahria Town Phase 8 - Usman Block,7.0,33.4848621,73.096708
Near To Malik Riaz Mosque Walking Distance,1.47,"Bahria Town Phase 8 - Block C, Bahria Town Phase 8",https://www.zameen.com/Property/bahria_town_phase_8_bahria_town_phase_8_-_block_c_near_to_malik_riaz_mosque_walking_distance-54523834-3051-2.html,103,Rawalpindi,Bahria Town Phase 8 - Block C,10.0,33.4862,73.0874
Residential Plot For Sale In Beautiful Bahria Town Phase 8 - Block E,1.75,"Bahria Town Phase 8 - Block E, Bahria Town Phase 8",https://www.zameen.com/Property/bahria_town_phase_8_bahria_town_phase_8_-_block_e_residential_plot_for_sale_in_beautiful_bahria_town_phase_8_-_block_e-54570886-3053-2.html,103,Rawalpindi,Bahria Town Phase 8 - Block E,20.0,33.4862,73.0874
Boulevard Corner Near To School And Commerical,1.15,"Bahria Town Phase 8 - Usman Block, Bahria Town Phase 8 - Safari Valley",https://www.zameen.com/Property/bahria_town_phase_8_safari_valley_bahria_town_phase_8_-_usman_block_boulevard_corner_near_to_school_and_commerical-54621948-3068-2.html,103,Rawalpindi,Bahria Town Phase 8 - Usman Block,7.0,33.4848621,73.096708
Plot no 1704 proper corner with two approvel,1.25,"Bahria Town Phase 8 - Umer Block, Bahria Town Phase 8 - Safari Valley",https://www.zameen.com/Property/bahria_town_phase_8_safari_valley_bahria_town_phase_8_-_umer_block_plot_no_1704_proper_corner_with_two_approvel-54649854-3067-2.html,103,Rawalpindi,Bahria Town Phase 8 - Umer Block,11.0,33.4862,73.0874
18 Marla Plot 800 Series With Huge Front,1.3,"Bahria Town Phase 8 - Block A, Bahria Town Phase 8",https://www.zameen.com/Property/bahria_town_phase_8_bahria_town_phase_8_-_block_a_18_marla_plot_800_series_with_huge_front-54649864-3049-2.html,103,Rawalpindi,Bahria Town Phase 8 - Block A,18.0,33.4862,73.0874
40 Feet Front Corner Plot,1.22,"Bahria Town Phase 8 - Umer Block, Bahria Town Phase 8 - Safari Valley",https://www.zameen.com/Property/bahria_town_phase_8_safari_valley_bahria_town_phase_8_-_umer_block_40_feet_front_corner_plot-54649895-3067-2.html,103,Rawalpindi,Bahria Town Phase 8 - Umer Block,9.8,33.4862,73.0874
Garden City Zone 02 Size 35 By 75,1.1,"Bahria Town Phase 7, Bahria Town Rawalpindi",https://www.zameen.com/Property/bahria_town_rawalpindi_bahria_town_phase_7_garden_city_zone_02_size_35_by_75-54649960-3047-2.html,104,Rawalpindi,Bahria Town Phase 7,12.0,33.5701202,73.1163357
Level Plot Backopen View Plot,1.2,"Bahria Town Phase 7, Bahria Town Rawalpindi",https://www.zameen.com/Property/bahria_town_rawalpindi_bahria_town_phase_7_level_plot_backopen_view_plot-54649974-3047-2.html,104,Rawalpindi,Bahria Town Phase 7,10.0,33.5701202,73.1163357
Plot No 1066,1.35,"Bahria Town Phase 8 - Block C, Bahria Town Phase 8",https://www.zameen.com/Property/bahria_town_phase_8_bahria_town_phase_8_-_block_c_plot_no_1066-54679482-3051-2.html,104,Rawalpindi,Bahria Town Phase 8 - Block C,10.0,33.4862,73.0874
Get In Touch Now To Buy A Residential Plot In Bahria Town Phase 8 - Block E Rawalpindi,0.95,"Bahria Town Phase 8 - Block E, Bahria Town Phase 8",https://www.zameen.com/Property/bahria_town_phase_8_bahria_town_phase_8_-_block_e_get_in_touch_now_to_buy_a_residential_plot_in_bahria_town_phase_8_-_block_e_rawalpindi-54464964-3053-2.html,104,Rawalpindi,Bahria Town Phase 8 - Block E,12.0,33.4862,73.0874
10 Marla Plot In Phase 07,1.5,"Bahria Town Phase 7, Bahria Town Rawalpindi",https://www.zameen.com/Property/bahria_town_rawalpindi_bahria_town_phase_7_10_marla_plot_in_phase_07-54459810-3047-2.html,104,Rawalpindi,Bahria Town Phase 7,10.0,33.5701202,73.1163357
Plot No 138 Street 12 Solid Land,2.0,"Bahria Town Phase 8 - Block A, Bahria Town Phase 8",https://www.zameen.com/Property/bahria_town_phase_8_bahria_town_phase_8_-_block_a_plot_no_138_street_12_solid_land-54447709-3049-2.html,104,Rawalpindi,Bahria Town Phase 8 - Block A,20.0,33.4862,73.0874
Plot No 2383 2nd To Corner,0.88,"Bahria Town Phase 8 - Abu Bakar Block, Bahria Town Phase 8 - Safari Valley",https://www.zameen.com/Property/bahria_town_phase_8_safari_valley_bahria_town_phase_8_-_abu_bakar_block_plot_no_2383_2nd_to_corner-54447453-3069-2.html,104,Rawalpindi,Bahria Town Phase 8 - Abu Bakar Block,7.0,33.4862,73.0874
On Excellent Location Residential Plot Of 31 Marla Is Available For Sale In Bahria Town Phase 8 - Block P,1.9,"Bahria Town Phase 8 - Block P, Bahria Town Phase 8",https://www.zameen.com/Property/bahria_town_phase_8_bahria_town_phase_8_-_block_p_on_excellent_location_residential_plot_of_31_marla_is_available_for_sale_in_bahria_town_phase_8_-_block_p-54313641-3065-2.html,104,Rawalpindi,Bahria Town Phase 8 - Block P,32.0,33.4862,73.0874
Park Face Lane 01 Plot No 05 Front Back Open Boulevard Category,1.05,"Bahria Town Phase 8 - Block I, Bahria Town Phase 8",https://www.zameen.com/Property/bahria_town_phase_8_bahria_town_phase_8_-_block_i_park_face_lane_01_plot_no_05_front_back_open_boulevard_category-54053211-3057-2.html,104,Rawalpindi,Bahria Town Phase 8 - Block I,11.0,33.4862,73.0874
Corner Plot (280 Lac) For Sale,2.8,"Bahria Town Phase 8 - Usman D Block, Bahria Town Phase 8 - Safari Valley",https://www.zameen.com/Property/bahria_town_phase_8_safari_valley_bahria_town_phase_8_-_usman_d_block_corner_plot_280_lac_for_sale-53825834-12179-2.html,104,Rawalpindi,Bahria Town Phase 8 - Usman D Block,24.0,33.4862,73.0874
Blvd Corner Like 3 Side Corner Huge Front,1.55,"Bahria Town Phase 8 - Block L, Bahria Town Phase 8",https://www.zameen.com/Property/bahria_town_phase_8_bahria_town_phase_8_-_block_l_blvd_corner_like_3_side_corner_huge_front-53817796-3061-2.html,104,Rawalpindi,Bahria Town Phase 8 - Block L,19.0,33.4862,73.0874
Plot No 521 St 03 (21.5 Marla),2.15,"Bahria Town Phase 8 - Block A, Bahria Town Phase 8",https://www.zameen.com/Property/bahria_town_phase_8_bahria_town_phase_8_-_block_a_plot_no_521_st_03_21_5_marla-53383489-3049-2.html,104,Rawalpindi,Bahria Town Phase 8 - Block A,24.0,33.4862,73.0874
Masjid Road Plot No 274 Solid Land,1.35,"Bahria Town Phase 8 - Block P, Bahria Town Phase 8",https://www.zameen.com/Property/bahria_town_phase_8_bahria_town_phase_8_-_block_p_masjid_road_plot_no_274_solid_land-52995845-3065-2.html,104,Rawalpindi,Bahria Town Phase 8 - Block P,20.0,33.4862,73.0874
2 Kanal Corner Heighted Back Open Plot For Sale In Hamlet,3.5,"Bahria Hamlet, Bahria Town Phase 8",https://www.zameen.com/Property/bahria_town_phase_8_bahria_hamlet_2_kanal_corner_heighted_back_open_plot_for_sale_in_hamlet-52375629-10354-2.html,104,Rawalpindi,Bahria Hamlet,40.0,33.4891,73.1232
11 Marla Overseas 2 Bahria Town Phase 8,1.95,"Bahria Greens - Overseas Enclave - Sector 2, Bahria Greens - Overseas Enclave",https://www.zameen.com/Property/bahria_greens_overseas_enclave_bahria_greens_-_overseas_enclave_-_sector_2_11_marla_overseas_2_bahria_town_phase_8-54376038-8301-2.html,104,Rawalpindi,Bahria Greens - Overseas Enclave - Sector 2,11.0,33.4735,73.091
A Block 10 Marla Plot For Sale,0.8,"Bahria Town Phase 8 - Block A, Bahria Town Phase 8",https://www.zameen.com/Property/bahria_town_phase_8_bahria_town_phase_8_-_block_a_a_block_10_marla_plot_for_sale-54399871-3049-2.html,104,Rawalpindi,Bahria Town Phase 8 - Block A,10.0,33.4862,73.0874
5 Marla Plot DHA Phase 4 Sector D,0.87,"Saddar, Rawalpindi",https://www.zameen.com/Property/rawalpindi_saddar_5_marla_plot_dha_phase_4_sector_d-54734810-717-2.html,104,Rawalpindi,Saddar,5.0,33.5978846,73.050101
Blue World City 10 Marla General Block All Dues Clear Sector 18 Plot File For Sale,0.1,"Blue World City, Chakri Road",https://www.zameen.com/Property/chakri_road_blue_world_city_blue_world_city_10_marla_general_block_all_dues_clear_sector_18_plot_file_for_sale-52608668-11768-2.html,104,Rawalpindi,Blue World City,10.0,33.3674961,72.8668694
5 Marla Top Location Plot File For Sale In Blue World City Rawalpindi,0.06,"Blue World City, Chakri Road",https://www.zameen.com/Property/chakri_road_blue_world_city_5_marla_top_location_plot_file_for_sale_in_blue_world_city_rawalpindi-52609185-11768-2.html,104,Rawalpindi,Blue World City,5.0,33.3674961,72.8668694
Blue World city 5 Marla Possession Plot Sector 7,0.14,"Blue World City, Chakri Road",https://www.zameen.com/Property/chakri_road_blue_world_city_blue_world_city_5_marla_possession_plot_sector_7-53210510-11768-2.html,104,Rawalpindi,Blue World City,5.0,33.3674961,72.8668694
Blue World City Down Town Block A,0.31,"Blue World City, Chakri Road",https://www.zameen.com/Property/chakri_road_blue_world_city_blue_world_city_down_town_block_a-53774213-11768-2.html,104,Rawalpindi,Blue World City,5.0,33.3674961,72.8668694
5 Marla Commerical Plot Down Town Blue World City Islamabad,1.47,"Blue World City, Chakri Road",https://www.zameen.com/Property/chakri_road_blue_world_city_5_marla_commerical_plot_down_town_blue_world_city_islamabad-53783789-11768-2.html,104,Rawalpindi,Blue World City,5.0,33.3674961,72.8668694
Blue World City Down Town Sector A 5 Marla Plot On Installments,0.31,"Blue World City, Chakri Road",https://www.zameen.com/Property/chakri_road_blue_world_city_blue_world_city_down_town_sector_a_5_marla_plot_on_installments-53806955-11768-2.html,105,Rawalpindi,Blue World City,5.0,33.3674961,72.8668694
5 Marla Plot Down Town Sector A Blue World City Islamabad,0.31,"Blue World City, Chakri Road",https://www.zameen.com/Property/chakri_road_blue_world_city_5_marla_plot_down_town_sector_a_blue_world_city_islamabad-53806985-11768-2.html,105,Rawalpindi,Blue World City,5.0,33.3674961,72.8668694
5 Marla Blue World City Plot File For Sale,0.07,"Blue World City, Chakri Road",https://www.zameen.com/Property/chakri_road_blue_world_city_5_marla_blue_world_city_plot_file_for_sale-53774092-11768-2.html,105,Rawalpindi,Blue World City,5.0,33.3674961,72.8668694
10 Marla Plot In Blue World City Down Town Sector A (Near Gate 1),0.58,"Blue World City, Chakri Road",https://www.zameen.com/Property/chakri_road_blue_world_city_10_marla_plot_in_blue_world_city_down_town_sector_a_near_gate_1-53806965-11768-2.html,105,Rawalpindi,Blue World City,10.0,33.3674961,72.8668694
Blue world city Rawalpindi Legened Enclave,0.35,"Blue World City, Chakri Road",https://www.zameen.com/Property/chakri_road_blue_world_city_blue_world_city_rawalpindi_legened_enclave-54363951-11768-2.html,105,Rawalpindi,Blue World City,5.0,33.3674961,72.8668694
10 Marla Boulevard Corner LOW Rate PLOT,2.0,"Bahria Town Phase 3, Bahria Town Rawalpindi",https://www.zameen.com/Property/bahria_town_rawalpindi_bahria_town_phase_3_10_marla_boulevard_corner_low_rate_plot-54534633-3036-2.html,105,Rawalpindi,Bahria Town Phase 3,10.0,33.5701202,73.1163357
6 Marla Plot For Sale,0.85,"Airport Housing Society, Rawalpindi",https://www.zameen.com/Property/rawalpindi_airport_housing_society_6_marla_plot_for_sale-54076645-426-2.html,105,Rawalpindi,Airport Housing Society,6.0,33.5941022,73.1307386
5 Marla Corner Plot Available For Sale In Yousaf Colony Near Scheme 3,1.3,"Chaklala Scheme 3, Chaklala Scheme",https://www.zameen.com/Property/chaklala_scheme_chaklala_scheme_3_5_marla_corner_plot_available_for_sale_in_yousaf_colony_near_scheme_3-53883893-1312-2.html,105,Rawalpindi,Chaklala Scheme 3,5.0,33.5695006,73.0667911
In Bahria Town Phase 8 - Block M 5 Marla Residential Plot For Sale,0.7,"Bahria Town Phase 8 - Block M, Bahria Town Phase 8",https://www.zameen.com/Property/bahria_town_phase_8_bahria_town_phase_8_-_block_m_in_bahria_town_phase_8_-_block_m_5_marla_residential_plot_for_sale-54714943-3062-2.html,105,Rawalpindi,Bahria Town Phase 8 - Block M,5.0,33.4862,73.0874
Gorgeous 10 Marla Residential Plot For Sale Available In Bahria Town Phase 7,1.35,"Bahria Town Phase 7, Bahria Town Rawalpindi",https://www.zameen.com/Property/bahria_town_rawalpindi_bahria_town_phase_7_gorgeous_10_marla_residential_plot_for_sale_available_in_bahria_town_phase_7-54732946-3047-2.html,105,Rawalpindi,Bahria Town Phase 7,10.0,33.5701202,73.1163357
Find Your Ideal Residential Plot In Rawalpindi Under Rs. 22500000,2.25,"Bahria Town Phase 7, Bahria Town Rawalpindi",https://www.zameen.com/Property/bahria_town_rawalpindi_bahria_town_phase_7_find_your_ideal_residential_plot_in_rawalpindi_under_rs_22500000-54732945-3047-2.html,105,Rawalpindi,Bahria Town Phase 7,14.0,33.5701202,73.1163357
Good 10 Marla Residential Plot For Sale In Bahria Town Phase 7,2.0,"Bahria Town Phase 7, Bahria Town Rawalpindi",https://www.zameen.com/Property/bahria_town_rawalpindi_bahria_town_phase_7_good_10_marla_residential_plot_for_sale_in_bahria_town_phase_7-54732944-3047-2.html,105,Rawalpindi,Bahria Town Phase 7,10.0,33.5701202,73.1163357
1 Kanal Residential Plot For Sale In Saffron City Rawalpindi,1.55,"Saffron City, GT Road",https://www.zameen.com/Property/gt_road_saffron_city_1_kanal_residential_plot_for_sale_in_saffron_city_rawalpindi-54732941-21050-2.html,105,Rawalpindi,Saffron City,20.0,33.6520202,73.076983
Residential Plot Of 7 Marla Available In Bahria Town Phase 8 - Usman Block,0.9,"Bahria Town Phase 8 - Usman Block, Bahria Town Phase 8 - Safari Valley",https://www.zameen.com/Property/bahria_town_phase_8_safari_valley_bahria_town_phase_8_-_usman_block_residential_plot_of_7_marla_available_in_bahria_town_phase_8_-_usman_block-54500375-3068-2.html,105,Rawalpindi,Bahria Town Phase 8 - Usman Block,7.0,33.4848621,73.096708
Spacious Residential Plot Is Available For sale In Ideal Location Of Bahria Town Phase 8 - Usman Block,0.9,"Bahria Town Phase 8 - Usman Block, Bahria Town Phase 8 - Safari Valley",https://www.zameen.com/Property/bahria_town_phase_8_safari_valley_bahria_town_phase_8_-_usman_block_spacious_residential_plot_is_available_for_sale_in_ideal_location_of_bahria_town_phase_8_-_usman_block-54500379-3068-2.html,105,Rawalpindi,Bahria Town Phase 8 - Usman Block,7.0,33.4848621,73.096708
Bahria Town Phase 8 - Block I Residential Plot Sized 10 Marla,1.1,"Bahria Town Phase 8 - Block I, Bahria Town Phase 8",https://www.zameen.com/Property/bahria_town_phase_8_bahria_town_phase_8_-_block_i_bahria_town_phase_8_-_block_i_residential_plot_sized_10_marla-54500380-3057-2.html,105,Rawalpindi,Bahria Town Phase 8 - Block I,10.0,33.4862,73.0874
In Bahria Town Phase 8 - Ali Block Residential Plot For sale Sized 5 Marla,0.6,"Bahria Town Phase 8 - Ali Block, Bahria Town Phase 8 - Safari Valley",https://www.zameen.com/Property/bahria_town_phase_8_safari_valley_bahria_town_phase_8_-_ali_block_in_bahria_town_phase_8_-_ali_block_residential_plot_for_sale_sized_5_marla-54500384-3070-2.html,105,Rawalpindi,Bahria Town Phase 8 - Ali Block,5.0,33.4862,73.0874
Sector C 10 Marla Plot Builder Location,1.45,"Bahria Town Phase 8 - Block C, Bahria Town Phase 8",https://www.zameen.com/Property/bahria_town_phase_8_bahria_town_phase_8_-_block_c_sector_c_10_marla_plot_builder_location-54455095-3051-2.html,105,Rawalpindi,Bahria Town Phase 8 - Block C,10.0,33.4862,73.0874
5 Marla Plot Sector L Prime Location,0.6,"Bahria Town Phase 8 - Block L, Bahria Town Phase 8",https://www.zameen.com/Property/bahria_town_phase_8_bahria_town_phase_8_-_block_l_5_marla_plot_sector_l_prime_location-54481163-3061-2.html,105,Rawalpindi,Bahria Town Phase 8 - Block L,5.0,33.4862,73.0874
Plot With RDA Approved Map,0.9,"Taj Residencia - Lily Block, Taj Residencia",https://www.zameen.com/Property/taj_residencia_taj_residencia_-_lily_block_plot_with_rda_approved_map-54732624-18996-2.html,105,Rawalpindi,Taj Residencia - Lily Block,5.0,33.5855,72.9348
5 X MARLA PARK FACED THREE SIDE OPEN PLOT FOR SALE IN ROSE GARDEN ZONE 1,0.51,"Rose Garden, Bahria Town Phase 8",https://www.zameen.com/Property/bahria_town_phase_8_rose_garden_5_x_marla_park_faced_three_side_open_plot_for_sale_in_rose_garden_zone_1-54602353-12363-2.html,105,Rawalpindi,Rose Garden,5.0,33.5874801,73.0857514
5 Marla Parkface F Block,0.34,"UpCountry Enclosures Housing Society, Rawalpindi",https://www.zameen.com/Property/rawalpindi_upcountry_enclosures_housing_society_5_marla_parkface_f_block-54634634-11752-2.html,105,Rawalpindi,UpCountry Enclosures Housing Society,5.0,33.5412,72.8845
Airport Housing Society 5 Marla Residential Plot Up For Sale,0.68,"Airport Housing Society, Rawalpindi",https://www.zameen.com/Property/rawalpindi_airport_housing_society_airport_housing_society_5_marla_residential_plot_up_for_sale-49419119-426-2.html,106,Rawalpindi,Airport Housing Society,5.0,33.5941022,73.1307386
5 Marla Residential Plot on Easy Installments in Saffron City,0.45,"Saffron City, GT Road",https://www.zameen.com/Property/gt_road_saffron_city_5_marla_residential_plot_on_easy_installments_in_saffron_city-54309830-21050-2.html,106,Rawalpindi,Saffron City,5.0,33.6520202,73.076983
Hot Investment Opportunity In Downtown Sector A Blue World City Plot File,0.31,"Blue World City, Chakri Road",https://www.zameen.com/Property/chakri_road_blue_world_city_hot_investment_opportunity_in_downtown_sector_a_blue_world_city_plot_file-54250013-11768-2.html,106,Rawalpindi,Blue World City,5.0,33.3674961,72.8668694
5 Marla Excellent Location In Lily Block,0.95,"Taj Residencia, Rawalpindi",https://www.zameen.com/Property/rawalpindi_taj_residencia_5_marla_excellent_location_in_lily_block-54685110-11491-2.html,106,Rawalpindi,Taj Residencia,5.0,33.589782,72.9679336
1 Kanal For Sale Corner Plot,1.3,"Punjab Government Servant Housing Foundation (PGSHF), Rawalpindi",https://www.zameen.com/Property/rawalpindi_punjab_government_servant_housing_foundation_pgshf_1_kanal_for_sale_corner_plot-54717557-10424-2.html,106,Rawalpindi,Punjab Government Servant Housing Foundation (PGSHF),20.0,33.4542,72.9515
"Prime 5 Marla Residential Plot For Sale Rafi Block, Bahria Town Phase 8",0.75,"Bahria Town Phase 8 - Rafi Block, Bahria Town Phase 8",https://www.zameen.com/Property/bahria_town_phase_8_bahria_town_phase_8_-_rafi_block_prime_5_marla_residential_plot_for_sale_rafi_block_bahria_town_phase_8-54099803-3071-2.html,106,Rawalpindi,Bahria Town Phase 8 - Rafi Block,5.0,33.4862,73.0874
"Exclusive 7 Marla Residential Plot Usman Block, Bahria Town Phase 8",0.9,"Bahria Town Phase 8 - Usman Block, Bahria Town Phase 8 - Safari Valley",https://www.zameen.com/Property/bahria_town_phase_8_safari_valley_bahria_town_phase_8_-_usman_block_exclusive_7_marla_residential_plot_usman_block_bahria_town_phase_8-54099832-3068-2.html,106,Rawalpindi,Bahria Town Phase 8 - Usman Block,7.0,33.4848621,73.096708
Possession Able Solid 10 Marla Plot In Bahria Town Phase 8 K Block,0.69,"Bahria Town Phase 8 - Block K, Bahria Town Phase 8",https://www.zameen.com/Property/bahria_town_phase_8_bahria_town_phase_8_-_block_k_possession_able_solid_10_marla_plot_in_bahria_town_phase_8_k_block-54210858-3060-2.html,106,Rawalpindi,Bahria Town Phase 8 - Block K,10.0,33.4862,73.0874
10 Marla Ideal Solid Land Plot For Sale In Sector D,1.35,"Bahria Town Phase 8 - Block D, Bahria Town Phase 8",https://www.zameen.com/Property/bahria_town_phase_8_bahria_town_phase_8_-_block_d_10_marla_ideal_solid_land_plot_for_sale_in_sector_d-54454654-3052-2.html,106,Rawalpindi,Bahria Town Phase 8 - Block D,10.0,33.4862,73.0874
Holly Family Road E Block,1.45,"Satellite Town - Block E, Satellite Town",https://www.zameen.com/Property/satellite_town_satellite_town_-_block_e_holly_family_road_e_block-54727222-10239-2.html,106,Rawalpindi,Satellite Town - Block E,4.0,33.6455173,73.0591648
14 Marla Plot For Sale In Safari Villas Bahria Town Rawalpindi,2.99,"Bahria Town - Safari Villas, Bahria Town Rawalpindi",https://www.zameen.com/Property/bahria_town_rawalpindi_bahria_town_-_safari_villas_14_marla_plot_for_sale_in_safari_villas_bahria_town_rawalpindi-54101341-3078-2.html,106,Rawalpindi,Bahria Town - Safari Villas,14.5,33.4544322,73.2179204
10 Marla Extra Land Plot For Sale In Bahria Town Rawalpindi,4.5,"Bahria Town Phase 3, Bahria Town Rawalpindi",https://www.zameen.com/Property/bahria_town_rawalpindi_bahria_town_phase_3_10_marla_extra_land_plot_for_sale_in_bahria_town_rawalpindi-53811230-3036-2.html,106,Rawalpindi,Bahria Town Phase 3,18.0,33.5701202,73.1163357
10 Marla on Boulevard Plot.,1.0,"Bahria Town Phase 8, Bahria Town Rawalpindi",https://www.zameen.com/Property/bahria_town_rawalpindi_bahria_town_phase_8_10_marla_on_boulevard_plot-54363743-3048-2.html,106,Rawalpindi,Bahria Town Phase 8,10.0,33.5012685,73.0872635
5 Marla Plot for Sale in Rafi Block Bahria Town Phase 8 Rawalpindi,0.82,"Bahria Town Phase 8 - Safari Valley, Bahria Town Phase 8",https://www.zameen.com/Property/bahria_town_phase_8_bahria_town_phase_8_-_safari_valley_5_marla_plot_for_sale_in_rafi_block_bahria_town_phase_8_rawalpindi-54725489-3074-2.html,106,Rawalpindi,Bahria Town Phase 8 - Safari Valley,5.0,33.4848621,73.096708
Hot Investment Opportunity 10 Marla Balloted Plot For Sale In NOC Approved Society,0.23,"Silver City, Girja Road",https://www.zameen.com/Property/girja_road_silver_city_hot_investment_opportunity_10_marla_balloted_plot_for_sale_in_noc_approved_society-53586123-11949-2.html,106,Rawalpindi,Silver City,10.0,33.5469406,72.9455761
Your Search For Residential Plot In UpCountry Enclosures Housing Society Block F Ends Here,0.29,"UpCountry Enclosures Housing Society, Rawalpindi",https://www.zameen.com/Property/rawalpindi_upcountry_enclosures_housing_society_your_search_for_residential_plot_in_upcountry_enclosures_housing_society_block_f_ends_here-54402963-11752-2.html,107,Rawalpindi,UpCountry Enclosures Housing Society,5.6,33.5412,72.8845
Reserve A Residential Plot Of 1250 Square Feet Now In UpCountry Enclosures Housing Society Block F,0.32,"UpCountry Enclosures Housing Society, Rawalpindi",https://www.zameen.com/Property/rawalpindi_upcountry_enclosures_housing_society_reserve_a_residential_plot_of_1250_square_feet_now_in_upcountry_enclosures_housing_society_block_f-54402964-11752-2.html,107,Rawalpindi,UpCountry Enclosures Housing Society,5.6,33.5412,72.8845
4500 Square Feet Residential Plot Ideally Situated In UpCountry Enclosures Housing Society Block F,0.9,"UpCountry Enclosures Housing Society, Rawalpindi",https://www.zameen.com/Property/rawalpindi_upcountry_enclosures_housing_society_4500_square_feet_residential_plot_ideally_situated_in_upcountry_enclosures_housing_society_block_f-54402965-11752-2.html,107,Rawalpindi,UpCountry Enclosures Housing Society,20.0,33.5412,72.8845
Own A Residential Plot In 1800 Square Feet UpCountry Enclosures Housing Society,0.43,"UpCountry Enclosures Housing Society, Rawalpindi",https://www.zameen.com/Property/rawalpindi_upcountry_enclosures_housing_society_own_a_residential_plot_in_1800_square_feet_upcountry_enclosures_housing_society-54402966-11752-2.html,107,Rawalpindi,UpCountry Enclosures Housing Society,8.0,33.5412,72.8845
Ideally Located Residential Plot For sale In UpCountry Enclosures Housing Society Available,0.55,"UpCountry Enclosures Housing Society, Rawalpindi",https://www.zameen.com/Property/rawalpindi_upcountry_enclosures_housing_society_ideally_located_residential_plot_for_sale_in_upcountry_enclosures_housing_society_available-54402968-11752-2.html,107,Rawalpindi,UpCountry Enclosures Housing Society,10.9,33.5412,72.8845
Overseas3 Plot Back Open View Ideal Location Ready To Construction,1.9,"Bahria Greens - Overseas Enclave - Sector 3, Bahria Greens - Overseas Enclave",https://www.zameen.com/Property/bahria_greens_overseas_enclave_bahria_greens_-_overseas_enclave_-_sector_3_overseas3_plot_back_open_view_ideal_location_ready_to_construction-54201600-8302-2.html,107,Rawalpindi,Bahria Greens - Overseas Enclave - Sector 3,10.0,33.4735,73.091
Overseas 5 5m Plot All Paid For Sale,0.85,"Bahria Greens - Overseas Enclave - Sector 5, Bahria Greens - Overseas Enclave",https://www.zameen.com/Property/bahria_greens_overseas_enclave_bahria_greens_-_overseas_enclave_-_sector_5_overseas_5_5m_plot_all_paid_for_sale-54304582-8304-2.html,107,Rawalpindi,Bahria Greens - Overseas Enclave - Sector 5,5.0,33.4735,73.091
Sector F3 Kanal Plot 1381gg Top Height Solid Cutting Area Possession Utility Charges Paid More Details Contact,1.22,"Bahria Town Phase 8 - Sector F-3, Bahria Town Phase 8",https://www.zameen.com/Property/bahria_town_phase_8_bahria_town_phase_8_-_sector_f-3_sector_f3_kanal_plot_1381gg_top_height_solid_cutting_area_possession_utility_charges_paid_more_details_contact-54519408-8251-2.html,107,Rawalpindi,Bahria Town Phase 8 - Sector F-3,20.0,33.4855018,73.0971219
10 Marla Plot For Sale In Bahria Ahria Town Phase 8 Sector F1,1.2,"Bahria Town Phase 8 - Sector F-1, Bahria Town Phase 8",https://www.zameen.com/Property/bahria_town_phase_8_bahria_town_phase_8_-_sector_f-1_10_marla_plot_for_sale_in_bahria_ahria_town_phase_8_sector_f1-54642492-3095-2.html,107,Rawalpindi,Bahria Town Phase 8 - Sector F-1,10.0,33.4855018,73.0971219
10 Marla Plot For Sale In Bahria Town Phase 8 L Block,1.1,"Bahria Town Phase 8 - Block L, Bahria Town Phase 8",https://www.zameen.com/Property/bahria_town_phase_8_bahria_town_phase_8_-_block_l_10_marla_plot_for_sale_in_bahria_town_phase_8_l_block-54558456-3061-2.html,107,Rawalpindi,Bahria Town Phase 8 - Block L,10.0,33.4862,73.0874
Bahira Town Phase 8 Sector C,1.35,"Bahria Town Phase 8 - Block C, Bahria Town Phase 8",https://www.zameen.com/Property/bahria_town_phase_8_bahria_town_phase_8_-_block_c_bahira_town_phase_8_sector_c-54668892-3051-2.html,107,Rawalpindi,Bahria Town Phase 8 - Block C,10.0,33.4862,73.0874
"Bahria Town Phase 8, Usman Block",1.1,"Bahria Town Phase 8 - Usman Block, Bahria Town Phase 8 - Safari Valley",https://www.zameen.com/Property/bahria_town_phase_8_safari_valley_bahria_town_phase_8_-_usman_block_bahria_town_phase_8_usman_block-54673612-3068-2.html,107,Rawalpindi,Bahria Town Phase 8 - Usman Block,10.0,33.4848621,73.096708
"Bahria Town Phase 8, Usman Block",1.1,"Bahria Town Phase 8 - Usman Block, Bahria Town Phase 8 - Safari Valley",https://www.zameen.com/Property/bahria_town_phase_8_safari_valley_bahria_town_phase_8_-_usman_block_bahria_town_phase_8_usman_block-54684767-3068-2.html,107,Rawalpindi,Bahria Town Phase 8 - Usman Block,7.0,33.4848621,73.096708
"Bahria Town Phase 8, Sector G Plot For Sale",0.95,"Bahria Town Phase 8 - Block G, Bahria Town Phase 8",https://www.zameen.com/Property/bahria_town_phase_8_bahria_town_phase_8_-_block_g_bahria_town_phase_8_sector_g_plot_for_sale-54690593-3055-2.html,107,Rawalpindi,Bahria Town Phase 8 - Block G,10.0,33.4862,73.0874
7 Marla Possession Plots For Sale Bahria Town Phase 8,0.5,"Bahria Town Phase 8, Bahria Town Rawalpindi",https://www.zameen.com/Property/bahria_town_rawalpindi_bahria_town_phase_8_7_marla_possession_plots_for_sale_bahria_town_phase_8-53519954-3048-2.html,107,Rawalpindi,Bahria Town Phase 8,7.0,33.5012685,73.0872635
5 Marla Possession Plots For Sale Bahria Town Phase 8,0.45,"Bahria Town Phase 8, Bahria Town Rawalpindi",https://www.zameen.com/Property/bahria_town_rawalpindi_bahria_town_phase_8_5_marla_possession_plots_for_sale_bahria_town_phase_8-53519944-3048-2.html,107,Rawalpindi,Bahria Town Phase 8,5.0,33.5012685,73.0872635
10 Marla Possession Residential Plots For Sale Bahria Town Phase 8,0.65,"Bahria Town Phase 8, Bahria Town Rawalpindi",https://www.zameen.com/Property/bahria_town_rawalpindi_bahria_town_phase_8_10_marla_possession_residential_plots_for_sale_bahria_town_phase_8-53519933-3048-2.html,107,Rawalpindi,Bahria Town Phase 8,10.0,33.5012685,73.0872635
1 Kanal Possession Plot for Sale Bahria Town Phase 8,1.4,"Bahria Town Phase 8, Bahria Town Rawalpindi",https://www.zameen.com/Property/bahria_town_rawalpindi_bahria_town_phase_8_1_kanal_possession_plot_for_sale_bahria_town_phase_8-54724448-3048-2.html,107,Rawalpindi,Bahria Town Phase 8,20.0,33.5012685,73.0872635
1.5 Kanal Industrial One Trade Plot,1.7,"Rawat Industrial Estate, Rawalpindi",https://www.zameen.com/Property/rawalpindi_rawat_industrial_estate_1_5_kanal_industrial_one_trade_plot-53964984-9051-2.html,107,Rawalpindi,Rawat Industrial Estate,30.0,33.5184144,73.2387894
10 Marla Prime Plot On Main 180-Ft Boulevard Tulip Block | A Landmark Opportunity In A VVIP Community,1.62,"Taj Residencia, Rawalpindi",https://www.zameen.com/Property/rawalpindi_taj_residencia_10_marla_prime_plot_on_main_180-ft_boulevard_tulip_block_a_landmark_opportunity_in_a_vvip_community-54723519-11491-2.html,108,Rawalpindi,Taj Residencia,10.0,33.589782,72.9679336
10 Marla Ready for Construction Plot For Sell At Very Reasonable Price Block L Bahria Town Phase 8 Rawalpindi,0.89,"Bahria Town Phase 8 - Block L, Bahria Town Phase 8",https://www.zameen.com/Property/bahria_town_phase_8_bahria_town_phase_8_-_block_l_10_marla_ready_for_construction_plot_for_sell_at_very_reasonable_price_block_l_bahria_town_phase_8_rawalpindi-54076739-3061-2.html,108,Rawalpindi,Bahria Town Phase 8 - Block L,10.0,33.4862,73.0874
9.5 Marla Residential Plot For Sale L Block,0.72,"Bahria Town Phase 8 - Block L, Bahria Town Phase 8",https://www.zameen.com/Property/bahria_town_phase_8_bahria_town_phase_8_-_block_l_9_5_marla_residential_plot_for_sale_l_block-54723060-3061-2.html,108,Rawalpindi,Bahria Town Phase 8 - Block L,9.5,33.4862,73.0874
7 Marla Residential Plot Available For Sale.,0.93,"PGSHF - Block C, Punjab Government Servant Housing Foundation (PGSHF)",https://www.zameen.com/Property/punjab_government_servant_housing_foundation_pgshf_pgshf_-_block_c_7_marla_residential_plot_available_for_sale-54722938-17189-2.html,108,Rawalpindi,PGSHF - Block C,7.0,33.4542,72.9515
Opposite Holly Familly Hospital Gate 1 - Plot,1.45,"Satellite Town - Block E, Satellite Town",https://www.zameen.com/Property/satellite_town_satellite_town_-_block_e_opposite_holly_familly_hospital_gate_1_-_plot-54717059-10239-2.html,108,Rawalpindi,Satellite Town - Block E,4.0,33.6455173,73.0591648
7 Marla Plot With 7 Marla Extra Land Corner Catagery Solid Land Front Open,0.95,"Punjab Government Servant Housing Foundation (PGSHF), Rawalpindi",https://www.zameen.com/Property/rawalpindi_punjab_government_servant_housing_foundation_pgshf_7_marla_plot_with_7_marla_extra_land_corner_catagery_solid_land_front_open-54722293-10424-2.html,108,Rawalpindi,Punjab Government Servant Housing Foundation (PGSHF),7.0,33.4542,72.9515
Top Heighted Front Backopen Blvd Category,0.85,"Bahria Town Phase 8 - Block L, Bahria Town Phase 8",https://www.zameen.com/Property/bahria_town_phase_8_bahria_town_phase_8_-_block_l_top_heighted_front_backopen_blvd_category-54452130-3061-2.html,108,Rawalpindi,Bahria Town Phase 8 - Block L,10.0,33.4862,73.0874
Ideal Residential Plot For Sale In Bahria Town Phase 8 - Block H,1.15,"Bahria Town Phase 8 - Block H, Bahria Town Phase 8",https://www.zameen.com/Property/bahria_town_phase_8_bahria_town_phase_8_-_block_h_ideal_residential_plot_for_sale_in_bahria_town_phase_8_-_block_h-54524241-3056-2.html,108,Rawalpindi,Bahria Town Phase 8 - Block H,13.0,33.4862,73.0874
Ideal Residential Plot Is Available For Sale In Rawalpindi,0.9,"Bahria Town Phase 8 - Block L, Bahria Town Phase 8",https://www.zameen.com/Property/bahria_town_phase_8_bahria_town_phase_8_-_block_l_ideal_residential_plot_is_available_for_sale_in_rawalpindi-53240582-3061-2.html,108,Rawalpindi,Bahria Town Phase 8 - Block L,10.0,33.4862,73.0874
Near To Future School Blvd Category Plot For Sale,1.15,"Bahria Town Phase 8 - Block I, Bahria Town Phase 8",https://www.zameen.com/Property/bahria_town_phase_8_bahria_town_phase_8_-_block_i_near_to_future_school_blvd_category_plot_for_sale-53558311-3057-2.html,108,Rawalpindi,Bahria Town Phase 8 - Block I,13.0,33.4862,73.0874
Backopen With Extraland Plot No 111,1.65,"Bahria Greens - Overseas Enclave - Sector 2, Bahria Greens - Overseas Enclave",https://www.zameen.com/Property/bahria_greens_overseas_enclave_bahria_greens_-_overseas_enclave_-_sector_2_backopen_with_extraland_plot_no_111-54032140-8301-2.html,108,Rawalpindi,Bahria Greens - Overseas Enclave - Sector 2,10.0,33.4735,73.091
Corner Plot 604 13 Marla Plot,1.0,"Bahria Town Phase 8 - Block G, Bahria Town Phase 8",https://www.zameen.com/Property/bahria_town_phase_8_bahria_town_phase_8_-_block_g_corner_plot_604_13_marla_plot-54289352-3055-2.html,108,Rawalpindi,Bahria Town Phase 8 - Block G,13.0,33.4862,73.0874
Builder'S Deal,12.5,"Bahria Town Phase 8 - Block P, Bahria Town Phase 8",https://www.zameen.com/Property/bahria_town_phase_8_bahria_town_phase_8_-_block_p_builder_s_deal-54719790-3065-2.html,108,Rawalpindi,Bahria Town Phase 8 - Block P,20.0,33.4862,73.0874
Plot no 884a solid land near to future world school,0.85,"Bahria Town Phase 8 - Block A, Bahria Town Phase 8",https://www.zameen.com/Property/bahria_town_phase_8_bahria_town_phase_8_-_block_a_plot_no_884a_solid_land_near_to_future_world_school-54649914-3049-2.html,108,Rawalpindi,Bahria Town Phase 8 - Block A,10.0,33.4862,73.0874
Plot No 14 Size 13 Marla Near To Expressway,1.6,"Bahria Town Phase 8 - Block C, Bahria Town Phase 8",https://www.zameen.com/Property/bahria_town_phase_8_bahria_town_phase_8_-_block_c_plot_no_14_size_13_marla_near_to_expressway-54679476-3051-2.html,108,Rawalpindi,Bahria Town Phase 8 - Block C,13.0,33.4862,73.0874
Huge Front 70 Feet Dead End Corner,2.05,"Bahria Town Phase 8 - Block B, Bahria Town Phase 8",https://www.zameen.com/Property/bahria_town_phase_8_bahria_town_phase_8_-_block_b_huge_front_70_feet_dead_end_corner-54679544-3050-2.html,108,Rawalpindi,Bahria Town Phase 8 - Block B,22.0,33.4848621,73.096708
Forever Backopen 15 Marla Plot Top Heighted,1.65,"Bahria Town Phase 8 - Block H, Bahria Town Phase 8",https://www.zameen.com/Property/bahria_town_phase_8_bahria_town_phase_8_-_block_h_forever_backopen_15_marla_plot_top_heighted-54679557-3056-2.html,108,Rawalpindi,Bahria Town Phase 8 - Block H,15.0,33.4862,73.0874
Huge Front 42 Feet And Size 18 Marla Paid,1.4,"Bahria Town Phase 8 - Block H, Bahria Town Phase 8",https://www.zameen.com/Property/bahria_town_phase_8_bahria_town_phase_8_-_block_h_huge_front_42_feet_and_size_18_marla_paid-54650115-3056-2.html,109,Rawalpindi,Bahria Town Phase 8 - Block H,18.0,33.4862,73.0874
On Excellent Location sale The Ideally Located Residential Plot For An Incredible Price Of Pkr Rs. 8100000,0.81,"Bahria Town Phase 8 - Umer Block, Bahria Town Phase 8 - Safari Valley",https://www.zameen.com/Property/bahria_town_phase_8_safari_valley_bahria_town_phase_8_-_umer_block_on_excellent_location_sale_the_ideally_located_residential_plot_for_an_incredible_price_of_pkr_rs_8100000-53072882-3067-2.html,109,Rawalpindi,Bahria Town Phase 8 - Umer Block,7.0,33.4862,73.0874
Get Your Dream Residential Plot In Bahria Greens - Overseas Enclave - Sector 5 Rawalpindi,0.85,"Bahria Greens - Overseas Enclave - Sector 5, Bahria Greens - Overseas Enclave",https://www.zameen.com/Property/bahria_greens_overseas_enclave_bahria_greens_-_overseas_enclave_-_sector_5_get_your_dream_residential_plot_in_bahria_greens_-_overseas_enclave_-_sector_5_rawalpindi-52868773-8304-2.html,109,Rawalpindi,Bahria Greens - Overseas Enclave - Sector 5,5.0,33.4735,73.091
10 Marla Ready To Construct Boulevard Residential Plot For Sale In Bahria Town Phase 8 Rawalpindi,1.3,"Bahria Town Phase 8 - Sector F-3, Bahria Town Phase 8",https://www.zameen.com/Property/bahria_town_phase_8_bahria_town_phase_8_-_sector_f-3_10_marla_ready_to_construct_boulevard_residential_plot_for_sale_in_bahria_town_phase_8_rawalpindi-49474788-8251-2.html,109,Rawalpindi,Bahria Town Phase 8 - Sector F-3,10.0,33.4855018,73.0971219
5 Marla Plot for Sale in Saffron City Rawalpindi,0.45,"Saffron City, GT Road",https://www.zameen.com/Property/gt_road_saffron_city_5_marla_plot_for_sale_in_saffron_city_rawalpindi-54430073-21050-2.html,109,Rawalpindi,Saffron City,5.0,33.6520202,73.076983
1 Kanal Park Face Plot Available For Sale,0.92,"UpCountry Enclosures Housing Society, Rawalpindi",https://www.zameen.com/Property/rawalpindi_upcountry_enclosures_housing_society_1_kanal_park_face_plot_available_for_sale-54627739-11752-2.html,109,Rawalpindi,UpCountry Enclosures Housing Society,20.0,33.5412,72.8845
Boulevard Corner Rare Plot In The Row 4545 Size,7.25,"Bahria Town Phase 8 - Block E, Bahria Town Phase 8",https://www.zameen.com/Property/bahria_town_phase_8_bahria_town_phase_8_-_block_e_boulevard_corner_rare_plot_in_the_row_4545_size-54650123-3053-2.html,109,Rawalpindi,Bahria Town Phase 8 - Block E,9.0,33.4862,73.0874
10 Marla Posessionable Plot For Sale,1.4,"Taj Residencia, Rawalpindi",https://www.zameen.com/Property/rawalpindi_taj_residencia_10_marla_posessionable_plot_for_sale-53397543-11491-2.html,109,Rawalpindi,Taj Residencia,10.0,33.589782,72.9679336
A Spacious 7 Marla Residential Plot In Bahria Town Phase 8 - Usman Block,0.7,"Bahria Town Phase 8 - Usman Block, Bahria Town Phase 8 - Safari Valley",https://www.zameen.com/Property/bahria_town_phase_8_safari_valley_bahria_town_phase_8_-_usman_block_a_spacious_7_marla_residential_plot_in_bahria_town_phase_8_-_usman_block-54717973-3068-2.html,109,Rawalpindi,Bahria Town Phase 8 - Usman Block,7.0,33.4848621,73.096708
1 Kanal Prime Residential Plot For Sale In G Block,1.4,"Bahria Town Phase 8 - Block G, Bahria Town Phase 8",https://www.zameen.com/Property/bahria_town_phase_8_bahria_town_phase_8_-_block_g_1_kanal_prime_residential_plot_for_sale_in_g_block-54717971-3055-2.html,109,Rawalpindi,Bahria Town Phase 8 - Block G,20.0,33.4862,73.0874
Good 10 Marla Residential Plot For Sale In Bahria Town Phase 8 - Block L,1.5,"Bahria Town Phase 8 - Block L, Bahria Town Phase 8",https://www.zameen.com/Property/bahria_town_phase_8_bahria_town_phase_8_-_block_l_good_10_marla_residential_plot_for_sale_in_bahria_town_phase_8_-_block_l-54717939-3061-2.html,109,Rawalpindi,Bahria Town Phase 8 - Block L,10.0,33.4862,73.0874
Hight Full View Plot For Sale In Safari Villas Bahria Town,2.35,"Bahria Town - Safari Villas, Bahria Town Rawalpindi",https://www.zameen.com/Property/bahria_town_rawalpindi_bahria_town_-_safari_villas_hight_full_view_plot_for_sale_in_safari_villas_bahria_town-47463161-3078-2.html,109,Rawalpindi,Bahria Town - Safari Villas,12.0,33.4544322,73.2179204
1 Kanal Corner Plot For Sale In Bahria Town Rawalpindi,6.5,"Bahria Town Phase 2, Bahria Town Rawalpindi",https://www.zameen.com/Property/bahria_town_rawalpindi_bahria_town_phase_2_1_kanal_corner_plot_for_sale_in_bahria_town_rawalpindi-47399340-3035-2.html,109,Rawalpindi,Bahria Town Phase 2,24.0,33.5701202,73.1163357
11 Marla Plot 2 Marla B Category Not Paid Plot For Sale,1.25,"Bahria Town Phase 8 - Block B, Bahria Town Phase 8",https://www.zameen.com/Property/bahria_town_phase_8_bahria_town_phase_8_-_block_b_11_marla_plot_2_marla_b_category_not_paid_plot_for_sale-54715634-3050-2.html,109,Rawalpindi,Bahria Town Phase 8 - Block B,11.0,33.4848621,73.096708
Industrial Plot For Sale,2.5,"Rawat Industrial Estate, Rawalpindi",https://www.zameen.com/Property/rawalpindi_rawat_industrial_estate_industrial_plot_for_sale-52389635-9051-2.html,109,Rawalpindi,Rawat Industrial Estate,40.0,33.5184144,73.2387894
Industrial Plot For Sale,2.0,"Rawat Industrial Estate, Rawalpindi",https://www.zameen.com/Property/rawalpindi_rawat_industrial_estate_industrial_plot_for_sale-52953183-9051-2.html,109,Rawalpindi,Rawat Industrial Estate,40.0,33.5184144,73.2387894
L PlotA # 514 Street # 33 Size 10 Marla Phase 8 Bahria Town Rawalpindi,0.85,"Bahria Town Phase 8 - Block L, Bahria Town Phase 8",https://www.zameen.com/Property/bahria_town_phase_8_bahria_town_phase_8_-_block_l_l_plota_514_street_33_size_10_marla_phase_8_bahria_town_rawalpindi-54714977-3061-2.html,109,Rawalpindi,Bahria Town Phase 8 - Block L,10.0,33.4862,73.0874
Residential Plot For sale In Beautiful Bahria Town Phase 8 - Sector F-3,1.8,"Bahria Town Phase 8 - Sector F-3, Bahria Town Phase 8",https://www.zameen.com/Property/bahria_town_phase_8_bahria_town_phase_8_-_sector_f-3_residential_plot_for_sale_in_beautiful_bahria_town_phase_8_-_sector_f-3-54179345-8251-2.html,109,Rawalpindi,Bahria Town Phase 8 - Sector F-3,20.0,33.4855018,73.0971219
Buy A 10 Marla Residential Plot For sale In Bahria Town Phase 8 - Block D,1.65,"Bahria Town Phase 8 - Block D, Bahria Town Phase 8",https://www.zameen.com/Property/bahria_town_phase_8_bahria_town_phase_8_-_block_d_buy_a_10_marla_residential_plot_for_sale_in_bahria_town_phase_8_-_block_d-54179346-3052-2.html,109,Rawalpindi,Bahria Town Phase 8 - Block D,10.0,33.4862,73.0874
Residential Plot For Sale In Bahria Town Phase 8 A Block,3.65,"Bahria Town Phase 8 - Block A, Bahria Town Phase 8",https://www.zameen.com/Property/bahria_town_phase_8_bahria_town_phase_8_-_block_a_residential_plot_for_sale_in_bahria_town_phase_8_a_block-54713139-3049-2.html,109,Rawalpindi,Bahria Town Phase 8 - Block A,34.0,33.4862,73.0874
Good 10 Marla Residential Plot For Sale In Bahria Town Phase 8 - Block L,0.68,"Bahria Town Phase 8 - Block L, Bahria Town Phase 8",https://www.zameen.com/Property/bahria_town_phase_8_bahria_town_phase_8_-_block_l_good_10_marla_residential_plot_for_sale_in_bahria_town_phase_8_-_block_l-54713124-3061-2.html,109,Rawalpindi,Bahria Town Phase 8 - Block L,10.0,33.4862,73.0874
Most Prime Location Plot,1.3,"Bahria Town Phase 8 - Block C, Bahria Town Phase 8",https://www.zameen.com/Property/bahria_town_phase_8_bahria_town_phase_8_-_block_c_most_prime_location_plot-54712934-3051-2.html,110,Rawalpindi,Bahria Town Phase 8 - Block C,10.0,33.4862,73.0874
7 Marla Plot For Sale,0.8,"Punjab Government Servant Housing Foundation (PGSHF), Rawalpindi",https://www.zameen.com/Property/rawalpindi_punjab_government_servant_housing_foundation_pgshf_7_marla_plot_for_sale-54712771-10424-2.html,110,Rawalpindi,Punjab Government Servant Housing Foundation (PGSHF),7.0,33.4542,72.9515
Corner Plot 1 Kanal Size,1.5,"Bahria Town Phase 8 - Block I, Bahria Town Phase 8",https://www.zameen.com/Property/bahria_town_phase_8_bahria_town_phase_8_-_block_i_corner_plot_1_kanal_size-54415785-3057-2.html,110,Rawalpindi,Bahria Town Phase 8 - Block I,20.0,33.4862,73.0874
Defence Road 3 Marla Plot Is Available For Sale,0.35,"Defence Road, Rawalpindi",https://www.zameen.com/Property/rawalpindi_defence_road_defence_road_3_marla_plot_is_available_for_sale-53820750-8144-2.html,110,Rawalpindi,Defence Road,3.0,33.5451816,73.0653656
Investment Plot For Sale In Khalid Block,0.75,"Bahria Town Phase 8 - Khalid Block, Bahria Town Phase 8 - Safari Valley",https://www.zameen.com/Property/bahria_town_phase_8_safari_valley_bahria_town_phase_8_-_khalid_block_investment_plot_for_sale_in_khalid_block-54710254-3072-2.html,110,Rawalpindi,Bahria Town Phase 8 - Khalid Block,8.0,33.4862,73.0874
Lake View 10 Marla Plot For Sale Premium Location 1.85 Crore,1.85,"Bahria Town Phase 8 - Eden Lake View Block, Bahria Town Phase 8",https://www.zameen.com/Property/bahria_town_phase_8_bahria_town_phase_8_-_eden_lake_view_block_lake_view_10_marla_plot_for_sale_premium_location_1_85_crore-54710242-3073-2.html,110,Rawalpindi,Bahria Town Phase 8 - Eden Lake View Block,10.0,33.4862,73.0874
10 Marla Corner Plot For Sale In Rahe Sakoon Colony Adyala Road Rawalpindi,1.4,"Adiala Road, Rawalpindi",https://www.zameen.com/Property/rawalpindi_adiala_road_10_marla_corner_plot_for_sale_in_rahe_sakoon_colony_adyala_road_rawalpindi-54710110-478-2.html,110,Rawalpindi,Adiala Road,10.0,33.5778124,73.0650131
Unoccupied Residential Plot Of 5 Marla Is Available For sale In Dhamyal Road,0.25,"Bank Colony, Dhamyal Road",https://www.zameen.com/Property/dhamyal_road_bank_colony_unoccupied_residential_plot_of_5_marla_is_available_for_sale_in_dhamyal_road-54543606-17404-2.html,110,Rawalpindi,Bank Colony,5.0,33.6065188,73.0169491
"7 Marla Residential Plot For Sale In Gorakhpur, Rawalpindi",0.48,"Gorakhpur, Rawalpindi",https://www.zameen.com/Property/rawalpindi_gorakhpur_7_marla_residential_plot_for_sale_in_gorakhpur_rawalpindi-54708967-11087-2.html,110,Rawalpindi,Gorakhpur,7.0,33.4764789,73.0331298
10 Marla Plot Ready To Construct,0.95,"Gulshan Abad Sector 1, Gulshan Abad",https://www.zameen.com/Property/gulshan_abad_gulshan_abad_sector_1_10_marla_plot_ready_to_construct-54708381-14736-2.html,110,Rawalpindi,Gulshan Abad Sector 1,10.0,33.6536015,73.0795873
5 Marla Residential Plot,0.28,"Gulshan Abad, Rawalpindi",https://www.zameen.com/Property/rawalpindi_gulshan_abad_5_marla_residential_plot-54446617-1058-2.html,110,Rawalpindi,Gulshan Abad,5.0,33.6603777,73.0830223
1 Kanal Residential Plot Main Boulevard,2.15,"Gulshan Abad Sector 1, Gulshan Abad",https://www.zameen.com/Property/gulshan_abad_gulshan_abad_sector_1_1_kanal_residential_plot_main_boulevard-54446198-14736-2.html,110,Rawalpindi,Gulshan Abad Sector 1,20.0,33.6536015,73.0795873
Bahria Town Phase 8 - Block A Residential Plot Sized 1 Kanal For Sale,2.3,"Bahria Town Phase 8 - Block A, Bahria Town Phase 8",https://www.zameen.com/Property/bahria_town_phase_8_bahria_town_phase_8_-_block_a_bahria_town_phase_8_-_block_a_residential_plot_sized_1_kanal_for_sale-53556171-3049-2.html,110,Rawalpindi,Bahria Town Phase 8 - Block A,20.0,33.4862,73.0874
"1 Kanal Back Open Basement Plot For Sale A Block, Bahria Town Phase 8, Rawalpindi",2.15,"Bahria Town Phase 8 - Block A, Bahria Town Phase 8",https://www.zameen.com/Property/bahria_town_phase_8_bahria_town_phase_8_-_block_a_1_kanal_back_open_basement_plot_for_sale_a_block_bahria_town_phase_8_rawalpindi-54376387-3049-2.html,110,Rawalpindi,Bahria Town Phase 8 - Block A,20.0,33.4862,73.0874
"5 Marla Plot For Sale Prime Location On Adiala Road, Rawalpindi",0.65,"Adiala Road, Rawalpindi",https://www.zameen.com/Property/rawalpindi_adiala_road_5_marla_plot_for_sale_prime_location_on_adiala_road_rawalpindi-54370119-478-2.html,110,Rawalpindi,Adiala Road,5.0,33.5778124,73.0650131
5 Marla Plot For Sale,0.78,"Bahria Town Phase 8, Bahria Town Rawalpindi",https://www.zameen.com/Property/bahria_town_rawalpindi_bahria_town_phase_8_5_marla_plot_for_sale-54531216-3048-2.html,110,Rawalpindi,Bahria Town Phase 8,5.0,33.5012685,73.0872635
"10 Marla Prime Location Residential Plot For Sale In Sector H, Bahria Phase 8 Rawalpindi",1.38,"Bahria Town Phase 8 - Block H, Bahria Town Phase 8",https://www.zameen.com/Property/bahria_town_phase_8_bahria_town_phase_8_-_block_h_10_marla_prime_location_residential_plot_for_sale_in_sector_h_bahria_phase_8_rawalpindi-54531215-3056-2.html,110,Rawalpindi,Bahria Town Phase 8 - Block H,10.0,33.4862,73.0874
5 Marla Plots Available (Down Town )Blue World City,0.31,"Blue World City, Chakri Road",https://www.zameen.com/Property/chakri_road_blue_world_city_5_marla_plots_available_down_town_blue_world_city-53806893-11768-2.html,111,Rawalpindi,Blue World City,5.0,33.3674961,72.8668694
5 Marla Plot Available Block A Saffron City,0.45,"Saffron City, GT Road",https://www.zameen.com/Property/gt_road_saffron_city_5_marla_plot_available_block_a_saffron_city-54170469-21050-2.html,111,Rawalpindi,Saffron City,5.0,33.6520202,73.076983
5 Marla Plot For Sale In Saffron City,0.45,"Saffron City, GT Road",https://www.zameen.com/Property/gt_road_saffron_city_5_marla_plot_for_sale_in_saffron_city-54271819-21050-2.html,111,Rawalpindi,Saffron City,5.0,33.6520202,73.076983
"1 Kanal Prime Plot For Sale In Orchid Block, Taj Residencia Possession Ready | Ideal For Luxury Living & Investment",2.2,"Taj Residencia - Orchard Block, Taj Residencia",https://www.zameen.com/Property/taj_residencia_taj_residencia_-_orchard_block_1_kanal_prime_plot_for_sale_in_orchid_block_taj_residencia_possession_ready_ideal_for_luxury_living_investment-54515481-18998-2.html,111,Rawalpindi,Taj Residencia - Orchard Block,20.0,33.5855,72.9348
10+8 Marla Extra Land Paid. All Paid Plot,1.55,"Bahria Town Phase 8 - Block I, Bahria Town Phase 8",https://www.zameen.com/Property/bahria_town_phase_8_bahria_town_phase_8_-_block_i_10_8_marla_extra_land_paid_all_paid_plot-54291272-3057-2.html,111,Rawalpindi,Bahria Town Phase 8 - Block I,18.0,33.4862,73.0874
1kanal+12marla Extraland Paid Plot,1.9,"Bahria Town Phase 8 - Block P, Bahria Town Phase 8",https://www.zameen.com/Property/bahria_town_phase_8_bahria_town_phase_8_-_block_p_1kanal_12marla_extraland_paid_plot-54293684-3065-2.html,111,Rawalpindi,Bahria Town Phase 8 - Block P,32.0,33.4862,73.0874
10 Marla 3 Plot For Sale,1.05,"Bahria Town Phase 8 - Block I, Bahria Town Phase 8",https://www.zameen.com/Property/bahria_town_phase_8_bahria_town_phase_8_-_block_i_10_marla_3_plot_for_sale-54293687-3057-2.html,111,Rawalpindi,Bahria Town Phase 8 - Block I,10.0,33.4862,73.0874
Top Highted Location Plot For Sale,3.25,"Bahria Hamlet, Bahria Town Phase 8",https://www.zameen.com/Property/bahria_town_phase_8_bahria_hamlet_top_highted_location_plot_for_sale-49205975-10354-2.html,111,Rawalpindi,Bahria Hamlet,32.0,33.4891,73.1232
Park Face All Paid Extra Land Plot 305sqyds,1.49,"Bahria Town Phase 8, Bahria Town Rawalpindi",https://www.zameen.com/Property/bahria_town_rawalpindi_bahria_town_phase_8_park_face_all_paid_extra_land_plot_305sqyds-49307318-3048-2.html,111,Rawalpindi,Bahria Town Phase 8,12.0,33.5012685,73.0872635
RDA APPROVED SOCIETY DEVELOPED POSSESSION PLOT READY TO MOVE,0.2,"Silver City, Girja Road",https://www.zameen.com/Property/girja_road_silver_city_rda_approved_society_developed_possession_plot_ready_to_move-47785825-11949-2.html,111,Rawalpindi,Silver City,5.0,33.5469406,72.9455761
Chaklala Scheme 1 Plot For Sale Good Location One Kanal,5.6,"Chaklala Scheme 1, Chaklala Scheme",https://www.zameen.com/Property/chaklala_scheme_chaklala_scheme_1_chaklala_scheme_1_plot_for_sale_good_location_one_kanal-54023909-5981-2.html,111,Rawalpindi,Chaklala Scheme 1,20.0,33.5957713,73.0773475
Prime Location 5 Marla Residential Plot,0.72,"Punjab Government Servant Housing Foundation (PGSHF), Rawalpindi",https://www.zameen.com/Property/rawalpindi_punjab_government_servant_housing_foundation_pgshf_prime_location_5_marla_residential_plot-54523030-10424-2.html,111,Rawalpindi,Punjab Government Servant Housing Foundation (PGSHF),5.0,33.4542,72.9515
1 Kanal Corner Plot Near To Lake Outstanding Location Very Near From Round About,1.4,"Punjab Government Servant Housing Foundation (PGSHF), Rawalpindi",https://www.zameen.com/Property/rawalpindi_punjab_government_servant_housing_foundation_pgshf_1_kanal_corner_plot_near_to_lake_outstanding_location_very_near_from_round_about-54285317-10424-2.html,111,Rawalpindi,Punjab Government Servant Housing Foundation (PGSHF),20.0,33.4542,72.9515
10 MARLA Plot NEAR TO PARK For Sale,0.81,"Punjab Government Servant Housing Foundation (PGSHF), Rawalpindi",https://www.zameen.com/Property/rawalpindi_punjab_government_servant_housing_foundation_pgshf_10_marla_plot_near_to_park_for_sale-54285318-10424-2.html,111,Rawalpindi,Punjab Government Servant Housing Foundation (PGSHF),10.0,33.4542,72.9515
10 Marla Plot At B1 Block For Sale,0.9,"Punjab Government Servant Housing Foundation (PGSHF), Rawalpindi",https://www.zameen.com/Property/rawalpindi_punjab_government_servant_housing_foundation_pgshf_10_marla_plot_at_b1_block_for_sale-54285316-10424-2.html,111,Rawalpindi,Punjab Government Servant Housing Foundation (PGSHF),10.0,33.4542,72.9515
24 Marla PLOT FOR Sale Extra Land Paid,1.25,"Punjab Government Servant Housing Foundation (PGSHF), Rawalpindi",https://www.zameen.com/Property/rawalpindi_punjab_government_servant_housing_foundation_pgshf_24_marla_plot_for_sale_extra_land_paid-54285309-10424-2.html,111,Rawalpindi,Punjab Government Servant Housing Foundation (PGSHF),24.0,33.4542,72.9515
5 Marla Plot For Sale Overseas 5 Block,0.8,"Bahria Greens - Overseas Enclave - Sector 5, Bahria Greens - Overseas Enclave",https://www.zameen.com/Property/bahria_greens_overseas_enclave_bahria_greens_-_overseas_enclave_-_sector_5_5_marla_plot_for_sale_overseas_5_block-54706436-8304-2.html,111,Rawalpindi,Bahria Greens - Overseas Enclave - Sector 5,5.0,33.4735,73.091
Get An Attractive Residential Plot In Rawalpindi For Sale,0.85,"Bahria Town Phase 8 - Block A, Bahria Town Phase 8",https://www.zameen.com/Property/bahria_town_phase_8_bahria_town_phase_8_-_block_a_get_an_attractive_residential_plot_in_rawalpindi_for_sale-54706417-3049-2.html,111,Rawalpindi,Bahria Town Phase 8 - Block A,10.0,33.4862,73.0874
Bahria Town Overseas 2 Plot For Sale Secure & Profitable Investment,1.75,"Bahria Greens - Overseas Enclave - Sector 2, Bahria Greens - Overseas Enclave",https://www.zameen.com/Property/bahria_greens_overseas_enclave_bahria_greens_-_overseas_enclave_-_sector_2_bahria_town_overseas_2_plot_for_sale_secure_profitable_investment-54706403-8301-2.html,111,Rawalpindi,Bahria Greens - Overseas Enclave - Sector 2,10.0,33.4735,73.091
10 Marla Residential Plot For Sale Overseas-3 Main Boulevard Prime Location,2.0,"Bahria Greens - Overseas Enclave - Sector 3, Bahria Greens - Overseas Enclave",https://www.zameen.com/Property/bahria_greens_overseas_enclave_bahria_greens_-_overseas_enclave_-_sector_3_10_marla_residential_plot_for_sale_overseas-3_main_boulevard_prime_location-54706395-8302-2.html,111,Rawalpindi,Bahria Greens - Overseas Enclave - Sector 3,10.0,33.4735,73.091
"10 Marla Corner Residential Plot For Sale F-2 Block, Bahria Town Phase 8 Rawalpindi",0.7,"Bahria Town Phase 8 - Sector F-2, Bahria Town Phase 8",https://www.zameen.com/Property/bahria_town_phase_8_bahria_town_phase_8_-_sector_f-2_10_marla_corner_residential_plot_for_sale_f-2_block_bahria_town_phase_8_rawalpindi-54706372-8250-2.html,111,Rawalpindi,Bahria Town Phase 8 - Sector F-2,10.0,33.4855018,73.0971219
5 Marla Plot For Sale Overseas 5 Block,0.8,"Bahria Greens - Overseas Enclave - Sector 5, Bahria Greens - Overseas Enclave",https://www.zameen.com/Property/bahria_greens_overseas_enclave_bahria_greens_-_overseas_enclave_-_sector_5_5_marla_plot_for_sale_overseas_5_block-54706360-8304-2.html,111,Rawalpindi,Bahria Greens - Overseas Enclave - Sector 5,5.0,33.4735,73.091
Get In Touch Now To Buy A Residential Plot In Bahria Town Phase 8 - Bahria Orchard Rawalpindi,1.0,"Bahria Town Phase 8 - Bahria Orchard, Bahria Town Phase 8",https://www.zameen.com/Property/bahria_town_phase_8_bahria_town_phase_8_-_bahria_orchard_get_in_touch_now_to_buy_a_residential_plot_in_bahria_town_phase_8_-_bahria_orchard_rawalpindi-54706322-9584-2.html,111,Rawalpindi,Bahria Town Phase 8 - Bahria Orchard,20.0,33.4862,73.0874
8 Marla Residential Plot For Sale In Rafi Prime Location 75 Lakh,0.75,"Bahria Town Phase 8 - Rafi Block, Bahria Town Phase 8",https://www.zameen.com/Property/bahria_town_phase_8_bahria_town_phase_8_-_rafi_block_8_marla_residential_plot_for_sale_in_rafi_prime_location_75_lakh-54706314-3071-2.html,112,Rawalpindi,Bahria Town Phase 8 - Rafi Block,8.0,33.4862,73.0874
J Block 10 Marla Boulevard Plot For Sale Prime Location 75,0.75,"Bahria Town Phase 8 - Block J, Bahria Town Phase 8",https://www.zameen.com/Property/bahria_town_phase_8_bahria_town_phase_8_-_block_j_j_block_10_marla_boulevard_plot_for_sale_prime_location_75-54706301-3058-2.html,112,Rawalpindi,Bahria Town Phase 8 - Block J,10.0,33.4862,73.0874
"UP COUNTRY ENCLOSURE REQUIRED PLOTS 5 MARLA PLOT ON CASH PAYMENT BLOCK F ,G ,H, HA ONLY SERIOUS SALLER & BUYERS",0.26,"UpCountry Enclosures Society - Block H, UpCountry Enclosures Housing Society",https://www.zameen.com/Property/upcountry_enclosures_housing_society_upcountry_enclosures_society_-_block_h_up_country_enclosure_required_plots_5_marla_plot_on_cash_payment_block_f_g_h_ha_only_serious_saller_buyers-54027922-16297-2.html,112,Rawalpindi,UpCountry Enclosures Society - Block H,5.0,33.5412,72.8845
Get In Touch Now To Buy A 2800 Square Feet Residential Plot In Media Town Media Town,3.5,"Media Town, Rawalpindi",https://www.zameen.com/Property/rawalpindi_media_town_get_in_touch_now_to_buy_a_2800_square_feet_residential_plot_in_media_town_media_town-53451862-8157-2.html,112,Rawalpindi,Media Town,12.4,33.5639764,73.1222157
2800 Square Feet Spacious Residential Plot Is Available In Media Town For Sale,3.5,"Media Town, Rawalpindi",https://www.zameen.com/Property/rawalpindi_media_town_2800_square_feet_spacious_residential_plot_is_available_in_media_town_for_sale-53451861-8157-2.html,112,Rawalpindi,Media Town,12.4,33.5639764,73.1222157
A Residential Plot Of 10 Marla,1.45,"Gulshan Abad Sector 2, Gulshan Abad",https://www.zameen.com/Property/gulshan_abad_gulshan_abad_sector_2_a_residential_plot_of_10_marla-47276778-14739-2.html,112,Rawalpindi,Gulshan Abad Sector 2,10.0,33.6536015,73.0795873
33 Marla Corner With Extra Land Plot For Sale,3.65,"Bahria Town Phase 8 - Block A, Bahria Town Phase 8",https://www.zameen.com/Property/bahria_town_phase_8_bahria_town_phase_8_-_block_a_33_marla_corner_with_extra_land_plot_for_sale-54447000-3049-2.html,112,Rawalpindi,Bahria Town Phase 8 - Block A,32.0,33.4862,73.0874
12 Marla Main Boulevard Corner Plot For Sale In Media Town Rawalpindi.,3.65,"Media Town, Rawalpindi",https://www.zameen.com/Property/rawalpindi_media_town_12_marla_main_boulevard_corner_plot_for_sale_in_media_town_rawalpindi-54538251-8157-2.html,112,Rawalpindi,Media Town,12.0,33.5639764,73.1222157
Bahria Town Phase 10-Marla Plot For Sale At Investor'S Price. Plot 713. Ideal plot for Basement Lovers.,1.45,"Bahria Town Phase 7, Bahria Town Rawalpindi",https://www.zameen.com/Property/bahria_town_rawalpindi_bahria_town_phase_7_bahria_town_phase_10-marla_plot_for_sale_at_investor_s_price_plot_713_ideal_plot_for_basement_lovers-54664257-3047-2.html,112,Rawalpindi,Bahria Town Phase 7,12.0,33.5701202,73.1163357
5 Marla Plot for Sale in Rafi Block Prime Location,0.76,"Bahria Town Phase 8 - Rafi Block, Bahria Town Phase 8",https://www.zameen.com/Property/bahria_town_phase_8_bahria_town_phase_8_-_rafi_block_5_marla_plot_for_sale_in_rafi_block_prime_location-54168602-3071-2.html,112,Rawalpindi,Bahria Town Phase 8 - Rafi Block,5.0,33.4862,73.0874
Rare 2 Kanal Pair Plot Opportunity | P Block | Possession & Utilities Paid,1.35,"Bahria Town Phase 8 - Block P, Bahria Town Phase 8",https://www.zameen.com/Property/bahria_town_phase_8_bahria_town_phase_8_-_block_p_rare_2_kanal_pair_plot_opportunity_p_block_possession_utilities_paid-54703526-3065-2.html,112,Rawalpindi,Bahria Town Phase 8 - Block P,20.0,33.4862,73.0874
PARK FACE CORNER BEAUTIFUL PLOT IN PHASE 7,2.0,"Bahria Town Phase 7, Bahria Town Rawalpindi",https://www.zameen.com/Property/bahria_town_rawalpindi_bahria_town_phase_7_park_face_corner_beautiful_plot_in_phase_7-44505990-3047-2.html,112,Rawalpindi,Bahria Town Phase 7,10.0,33.5701202,73.1163357
7.5 Marla Corner Ready To Construction Plot For Sale,1.0,"Bahria Town Phase 8 - Block M, Bahria Town Phase 8",https://www.zameen.com/Property/bahria_town_phase_8_bahria_town_phase_8_-_block_m_7_5_marla_corner_ready_to_construction_plot_for_sale-54261574-3062-2.html,112,Rawalpindi,Bahria Town Phase 8 - Block M,7.5,33.4862,73.0874
"Ideal 5 Marla Residential Plot has landed on market in UpCountry Enclosures Housing Society, UpCountry Enclosures Housing SoBlock Fciety",0.3,"UpCountry Enclosures Housing Society, Rawalpindi",https://www.zameen.com/Property/rawalpindi_upcountry_enclosures_housing_society_ideal_5_marla_residential_plot_has_landed_on_market_in_upcountry_enclosures_housing_society_upcountry_enclosures_housing_soblock_fciety-54547049-11752-2.html,112,Rawalpindi,UpCountry Enclosures Housing Society,5.0,33.5412,72.8845
Spacious Residential Plot Is Available In UpCountry Enclosures Housing Society For sale,0.35,"UpCountry Enclosures Housing Society, Rawalpindi",https://www.zameen.com/Property/rawalpindi_upcountry_enclosures_housing_society_spacious_residential_plot_is_available_in_upcountry_enclosures_housing_society_for_sale-54547050-11752-2.html,112,Rawalpindi,UpCountry Enclosures Housing Society,5.0,33.5412,72.8845
In UpCountry Enclosures Housing Society 5 Marla Residential Plot For Sale,0.38,"UpCountry Enclosures Housing Society, Rawalpindi",https://www.zameen.com/Property/rawalpindi_upcountry_enclosures_housing_society_in_upcountry_enclosures_housing_society_5_marla_residential_plot_for_sale-54547051-11752-2.html,112,Rawalpindi,UpCountry Enclosures Housing Society,5.0,33.5412,72.8845
UpCountry Enclosures Housing Society Residential Plot For sale Sized 10 Marla,0.7,"UpCountry Enclosures Housing Society, Rawalpindi",https://www.zameen.com/Property/rawalpindi_upcountry_enclosures_housing_society_upcountry_enclosures_housing_society_residential_plot_for_sale_sized_10_marla-54547052-11752-2.html,112,Rawalpindi,UpCountry Enclosures Housing Society,10.0,33.5412,72.8845
Ideal Residential Plot For Sale In Bahria Greens - Overseas Enclave - Sector 5,3.0,"Bahria Greens - Overseas Enclave - Sector 5, Bahria Greens - Overseas Enclave",https://www.zameen.com/Property/bahria_greens_overseas_enclave_bahria_greens_-_overseas_enclave_-_sector_5_ideal_residential_plot_for_sale_in_bahria_greens_-_overseas_enclave_-_sector_5-54652058-8304-2.html,112,Rawalpindi,Bahria Greens - Overseas Enclave - Sector 5,20.0,33.4735,73.091
"Change Your Address To On Excellent Location Bahria Town Phase 8 - Ali Block, Rawalpindi For A Reasonable Price",1.0,"Bahria Town Phase 8 - Ali Block, Bahria Town Phase 8 - Safari Valley",https://www.zameen.com/Property/bahria_town_phase_8_safari_valley_bahria_town_phase_8_-_ali_block_change_your_address_to_on_excellent_location_bahria_town_phase_8_-_ali_block_rawalpindi_for_a_reasonable_price-54702223-3070-2.html,112,Rawalpindi,Bahria Town Phase 8 - Ali Block,5.0,33.4862,73.0874
5 Marla Plot For Sale,0.75,"Punjab Government Servant Housing Foundation (PGSHF), Rawalpindi",https://www.zameen.com/Property/rawalpindi_punjab_government_servant_housing_foundation_pgshf_5_marla_plot_for_sale-54701940-10424-2.html,113,Rawalpindi,Punjab Government Servant Housing Foundation (PGSHF),5.0,33.4542,72.9515
In Punjab Government Servant Housing Foundation (PGSHF),0.95,"Punjab Government Servant Housing Foundation (PGSHF), Rawalpindi",https://www.zameen.com/Property/rawalpindi_punjab_government_servant_housing_foundation_pgshf_in_punjab_government_servant_housing_foundation_pgshf-54701928-10424-2.html,113,Rawalpindi,Punjab Government Servant Housing Foundation (PGSHF),7.0,33.4542,72.9515
"9.5 Marla Extra Land Residential Corner Plot In Rafi Block, Phase8, Bahria Town Rawalpindi",1.3,"Bahria Town Phase 8 - Rafi Block, Bahria Town Phase 8",https://www.zameen.com/Property/bahria_town_phase_8_bahria_town_phase_8_-_rafi_block_9_5_marla_extra_land_residential_corner_plot_in_rafi_block_phase8_bahria_town_rawalpindi-54700583-3071-2.html,113,Rawalpindi,Bahria Town Phase 8 - Rafi Block,9.5,33.4862,73.0874
IDEAL LOCATION PLOT FOR SALE,1.4,"Bahria Town Phase 8 - Block H, Bahria Town Phase 8",https://www.zameen.com/Property/bahria_town_phase_8_bahria_town_phase_8_-_block_h_ideal_location_plot_for_sale-54363858-3056-2.html,113,Rawalpindi,Bahria Town Phase 8 - Block H,10.0,33.4862,73.0874
Residential Plot Available For Sale In Punjab Government Servant Housing Foundation (PGSHF),0.62,"Punjab Government Servant Housing Foundation (PGSHF), Rawalpindi",https://www.zameen.com/Property/rawalpindi_punjab_government_servant_housing_foundation_pgshf_residential_plot_available_for_sale_in_punjab_government_servant_housing_foundation_pgshf-54605299-10424-2.html,113,Rawalpindi,Punjab Government Servant Housing Foundation (PGSHF),7.0,33.4542,72.9515
2 Kanal Plot For Sale In Overseas Block Main Boulevard Prime Location,6.25,"Bahria Greens - Overseas Enclave - Sector 3, Bahria Greens - Overseas Enclave",https://www.zameen.com/Property/bahria_greens_overseas_enclave_bahria_greens_-_overseas_enclave_-_sector_3_2_kanal_plot_for_sale_in_overseas_block_main_boulevard_prime_location-54697186-8302-2.html,113,Rawalpindi,Bahria Greens - Overseas Enclave - Sector 3,40.0,33.4735,73.091
F3 10 Marla Plot For Sale Best Investment Option,0.7,"Bahria Town Phase 8 - Sector F-3, Bahria Town Phase 8",https://www.zameen.com/Property/bahria_town_phase_8_bahria_town_phase_8_-_sector_f-3_f3_10_marla_plot_for_sale_best_investment_option-54697184-8251-2.html,113,Rawalpindi,Bahria Town Phase 8 - Sector F-3,10.0,33.4855018,73.0971219
Corner 1 Kanal Residential Plot In Stunning Bahria Town Phase 8 - Block P Is Available For Sale,1.55,"Bahria Town Phase 8 - Block P, Bahria Town Phase 8",https://www.zameen.com/Property/bahria_town_phase_8_bahria_town_phase_8_-_block_p_corner_1_kanal_residential_plot_in_stunning_bahria_town_phase_8_-_block_p_is_available_for_sale-54697179-3065-2.html,113,Rawalpindi,Bahria Town Phase 8 - Block P,20.0,33.4862,73.0874
Corner Residential Plot For Sale,1.2,"Bahria Town Phase 8 - Umer Block, Bahria Town Phase 8 - Safari Valley",https://www.zameen.com/Property/bahria_town_phase_8_safari_valley_bahria_town_phase_8_-_umer_block_corner_residential_plot_for_sale-54697170-3067-2.html,113,Rawalpindi,Bahria Town Phase 8 - Umer Block,11.0,33.4862,73.0874
E3 5 Marla Plot For Sale Best Investment Option | 58 Lakhs,0.58,"Bahria Town Phase 8 - Sector E-3, Bahria Town Phase 8",https://www.zameen.com/Property/bahria_town_phase_8_bahria_town_phase_8_-_sector_e-3_e3_5_marla_plot_for_sale_best_investment_option_58_lakhs-54697168-15902-2.html,113,Rawalpindi,Bahria Town Phase 8 - Sector E-3,5.0,33.4855018,73.0971219
7 Marla Plot For Sale,1.0,"Bahria Town Phase 8 - Abu Bakar Block, Bahria Town Phase 8 - Safari Valley",https://www.zameen.com/Property/bahria_town_phase_8_safari_valley_bahria_town_phase_8_-_abu_bakar_block_7_marla_plot_for_sale-54540815-3069-2.html,113,Rawalpindi,Bahria Town Phase 8 - Abu Bakar Block,7.0,33.4862,73.0874
"1 Kanal (50' 90') Elevated Plot For Sale Direct Owner Judicial Colony, Islamabad",4.1,"Judicial Colony, Rawalpindi",https://www.zameen.com/Property/rawalpindi_judicial_colony_1_kanal_50_90_elevated_plot_for_sale_direct_owner_judicial_colony_islamabad-54400240-1266-2.html,113,Rawalpindi,Judicial Colony,20.0,33.5952136,73.1352538
10 Solid Level Plot Available For Sale,1.72,"Bahria Town Phase 7, Bahria Town Rawalpindi",https://www.zameen.com/Property/bahria_town_rawalpindi_bahria_town_phase_7_10_solid_level_plot_available_for_sale-54675553-3047-2.html,113,Rawalpindi,Bahria Town Phase 7,10.0,33.5701202,73.1163357
5 Marla Residential Plot For sale In Bahria Town Phase 8 - Block L,0.65,"Bahria Town Phase 8 - Block L, Bahria Town Phase 8",https://www.zameen.com/Property/bahria_town_phase_8_bahria_town_phase_8_-_block_l_5_marla_residential_plot_for_sale_in_bahria_town_phase_8_-_block_l-54666973-3061-2.html,113,Rawalpindi,Bahria Town Phase 8 - Block L,5.0,33.4862,73.0874
Commerical Plot For Sale F Block,9.0,"Satellite Town - Block F, Satellite Town",https://www.zameen.com/Property/satellite_town_satellite_town_-_block_f_commerical_plot_for_sale_f_block-54576353-10240-2.html,113,Rawalpindi,Satellite Town - Block F,7.0,33.6379199,73.0715783
BEST LOCATION 10 MARLA PLOT FOR SALE,1.15,"Bahria Town Phase 8 - Sector F-1, Bahria Town Phase 8",https://www.zameen.com/Property/bahria_town_phase_8_bahria_town_phase_8_-_sector_f-1_best_location_10_marla_plot_for_sale-54613362-3095-2.html,113,Rawalpindi,Bahria Town Phase 8 - Sector F-1,10.0,33.4855018,73.0971219
TAJ RESIDENCIA Lilly Block Size 6mrla Corner Plot For Sale All Dues Clear 95Lac,0.95,"Taj Residencia - Lily Block, Taj Residencia",https://www.zameen.com/Property/taj_residencia_taj_residencia_-_lily_block_taj_residencia_lilly_block_size_6mrla_corner_plot_for_sale_all_dues_clear_95lac-54665200-18996-2.html,113,Rawalpindi,Taj Residencia - Lily Block,6.0,33.5855,72.9348
Up Country Block -F Plot Size 5mrla Corner Plot Demand :38Lac,0.38,"UpCountry Enclosures Society - Block F, UpCountry Enclosures Housing Society",https://www.zameen.com/Property/upcountry_enclosures_housing_society_upcountry_enclosures_society_-_block_f_up_country_block_-f_plot_size_5mrla_corner_plot_demand_38lac-54620452-16295-2.html,113,Rawalpindi,UpCountry Enclosures Society - Block F,5.0,33.5412,72.8845
Facing Park Ideal Location Plot For Sale,0.22,"Qurtaba City, Lahore Islamabad Motorway",https://www.zameen.com/Property/lahore_islamabad_motorway_qurtaba_city_facing_park_ideal_location_plot_for_sale-54687380-1475-2.html,114,Rawalpindi,Qurtaba City,5.0,33.3379846,72.7666462
1 Kanal Residential Plot Available For Sale.,1.8,"Gulshan Abad Sector 3, Gulshan Abad",https://www.zameen.com/Property/gulshan_abad_gulshan_abad_sector_3_1_kanal_residential_plot_available_for_sale-52705892-14741-2.html,114,Rawalpindi,Gulshan Abad Sector 3,20.0,33.6536015,73.0795873
5 Marla Plot Available For Sale,0.5,"Bahria Town Phase 8 - Sector E-4, Bahria Town Phase 8",https://www.zameen.com/Property/bahria_town_phase_8_bahria_town_phase_8_-_sector_e-4_5_marla_plot_available_for_sale-54687071-16268-2.html,114,Rawalpindi,Bahria Town Phase 8 - Sector E-4,5.0,33.4855018,73.0971219
Plot For Sale In Bahria Town Phase 8 7 Marla Plot Best Investment Opportunity,0.97,"Bahria Town Phase 8 - Umer Block, Bahria Town Phase 8 - Safari Valley",https://www.zameen.com/Property/bahria_town_phase_8_safari_valley_bahria_town_phase_8_-_umer_block_plot_for_sale_in_bahria_town_phase_8_7_marla_plot_best_investment_opportunity-54686980-3067-2.html,114,Rawalpindi,Bahria Town Phase 8 - Umer Block,7.0,33.4862,73.0874
5 Marla Plot For Sale,0.75,"Airport Housing Society - Sector 4, Airport Housing Society",https://www.zameen.com/Property/airport_housing_society_airport_housing_society_-_sector_4_5_marla_plot_for_sale-54029343-9155-2.html,114,Rawalpindi,Airport Housing Society - Sector 4,5.0,33.5941022,73.1307386
PRIME LOCATION SOLID LAND PLOT FOR SALE,1.65,"Bahria Town Phase 8 - Block P, Bahria Town Phase 8",https://www.zameen.com/Property/bahria_town_phase_8_bahria_town_phase_8_-_block_p_prime_location_solid_land_plot_for_sale-53570910-3065-2.html,114,Rawalpindi,Bahria Town Phase 8 - Block P,20.0,33.4862,73.0874
IDEAL LOCATION 10 MARLA PLOT NEAR MAIN ROAD,1.09,"Bahria Town Phase 8 - Sector F-2, Bahria Town Phase 8",https://www.zameen.com/Property/bahria_town_phase_8_bahria_town_phase_8_-_sector_f-2_ideal_location_10_marla_plot_near_main_road-53572275-8250-2.html,114,Rawalpindi,Bahria Town Phase 8 - Sector F-2,10.0,33.4855018,73.0971219
PRIME LOCATION SOLID LAND PLOT FOR SALE,1.08,"Bahria Town Phase 8 - Block I, Bahria Town Phase 8",https://www.zameen.com/Property/bahria_town_phase_8_bahria_town_phase_8_-_block_i_prime_location_solid_land_plot_for_sale-53591552-3057-2.html,114,Rawalpindi,Bahria Town Phase 8 - Block I,10.0,33.4862,73.0874
12 MARLA PRIME LOCATION SOLID LAND PLOT FOR SALE,1.32,"Bahria Town Phase 8 - Block A1, Bahria Town Phase 8",https://www.zameen.com/Property/bahria_town_phase_8_bahria_town_phase_8_-_block_a1_12_marla_prime_location_solid_land_plot_for_sale-53604483-12180-2.html,114,Rawalpindi,Bahria Town Phase 8 - Block A1,12.0,33.5012685,73.0872635
SOLID LAND PLOT NEAR TO MAIN ROAD FOR SALE,1.02,"Bahria Town Phase 8 - Sector F-2, Bahria Town Phase 8",https://www.zameen.com/Property/bahria_town_phase_8_bahria_town_phase_8_-_sector_f-2_solid_land_plot_near_to_main_road_for_sale-54054860-8250-2.html,114,Rawalpindi,Bahria Town Phase 8 - Sector F-2,10.0,33.4855018,73.0971219
MAIN ROAD 10 MARLA CORNER PLOT FOR SALE,0.9,"Bahria Town Phase 8 - Block K, Bahria Town Phase 8",https://www.zameen.com/Property/bahria_town_phase_8_bahria_town_phase_8_-_block_k_main_road_10_marla_corner_plot_for_sale-54093303-3060-2.html,114,Rawalpindi,Bahria Town Phase 8 - Block K,10.0,33.4862,73.0874
SECTOR C SOLID LAND PLOT,1.55,"Bahria Town Phase 8 - Block C, Bahria Town Phase 8",https://www.zameen.com/Property/bahria_town_phase_8_bahria_town_phase_8_-_block_c_sector_c_solid_land_plot-54340832-3051-2.html,114,Rawalpindi,Bahria Town Phase 8 - Block C,10.0,33.4862,73.0874
SECTOR B PLOT FOR SALE,1.35,"Bahria Town Phase 8 - Block B, Bahria Town Phase 8",https://www.zameen.com/Property/bahria_town_phase_8_bahria_town_phase_8_-_block_b_sector_b_plot_for_sale-54346071-3050-2.html,114,Rawalpindi,Bahria Town Phase 8 - Block B,10.0,33.4848621,73.096708
5 Marla Plot For Sale,0.5,"Rose Garden, Bahria Town Phase 8",https://www.zameen.com/Property/bahria_town_phase_8_rose_garden_5_marla_plot_for_sale-54110331-12363-2.html,114,Rawalpindi,Rose Garden,5.0,33.5874801,73.0857514
5 Marla Plot Available For Sale,0.5,"Bahria Town Phase 8 - Sector E-4, Bahria Town Phase 8",https://www.zameen.com/Property/bahria_town_phase_8_bahria_town_phase_8_-_sector_e-4_5_marla_plot_available_for_sale-54684914-16268-2.html,114,Rawalpindi,Bahria Town Phase 8 - Sector E-4,5.0,33.4855018,73.0971219
10 Marla Plot For Sale In Bahria Town Rawalpindi,2.75,"Bahria Town Phase 4, Bahria Town Rawalpindi",https://www.zameen.com/Property/bahria_town_rawalpindi_bahria_town_phase_4_10_marla_plot_for_sale_in_bahria_town_rawalpindi-54422007-3041-2.html,114,Rawalpindi,Bahria Town Phase 4,10.0,33.5701202,73.1163357
Hot Deal Block A Media town,2.8,"Media Town - Block A, Media Town",https://www.zameen.com/Property/media_town_media_town_-_block_a_hot_deal_block_a_media_town-54155095-16390-2.html,114,Rawalpindi,Media Town - Block A,10.0,33.5639764,73.1222157
Level Plot For Sale Investor Rate Best Location Main Street. 30ft,1.25,"Airport Housing Society, Rawalpindi",https://www.zameen.com/Property/rawalpindi_airport_housing_society_level_plot_for_sale_investor_rate_best_location_main_street_30ft-50210958-426-2.html,114,Rawalpindi,Airport Housing Society,8.0,33.5941022,73.1307386
On Excellent Location 22 Marla Residential Plot In Bahria Greens - Overseas Enclave - Sector 1 Is Available For sale,3.15,"Bahria Greens - Overseas Enclave - Sector 1, Bahria Greens - Overseas Enclave",https://www.zameen.com/Property/bahria_greens_overseas_enclave_bahria_greens_-_overseas_enclave_-_sector_1_on_excellent_location_22_marla_residential_plot_in_bahria_greens_-_overseas_enclave_-_sector_1_is_available_for_sale-54079184-8300-2.html,114,Rawalpindi,Bahria Greens - Overseas Enclave - Sector 1,22.0,33.4735,73.091
8 Marla Residential Plot Is Available In Affordable Price In Bahria Town Phase 8 - Abu Bakar Block,0.88,"Bahria Town Phase 8 - Abu Bakar Block, Bahria Town Phase 8 - Safari Valley",https://www.zameen.com/Property/bahria_town_phase_8_safari_valley_bahria_town_phase_8_-_abu_bakar_block_8_marla_residential_plot_is_available_in_affordable_price_in_bahria_town_phase_8_-_abu_bakar_block-53556169-3069-2.html,114,Rawalpindi,Bahria Town Phase 8 - Abu Bakar Block,8.0,33.4862,73.0874
5 Marla Plot For Sale In A & B. Blocks,0.45,"Saffron City, GT Road",https://www.zameen.com/Property/gt_road_saffron_city_5_marla_plot_for_sale_in_a_b_blocks-54233906-21050-2.html,114,Rawalpindi,Saffron City,5.0,33.6520202,73.076983
5 Marla Plot For Sale In A & B Blocks,0.34,"Saffron City, GT Road",https://www.zameen.com/Property/gt_road_saffron_city_5_marla_plot_for_sale_in_a_b_blocks-54233985-21050-2.html,114,Rawalpindi,Saffron City,5.0,33.6520202,73.076983
1 Kanal Plot Available For Sale Near Round About Also Very Near From Main Bulevard,1.35,"Punjab Government Servant Housing Foundation (PGSHF), Rawalpindi",https://www.zameen.com/Property/rawalpindi_punjab_government_servant_housing_foundation_pgshf_1_kanal_plot_available_for_sale_near_round_about_also_very_near_from_main_bulevard-54680437-10424-2.html,114,Rawalpindi,Punjab Government Servant Housing Foundation (PGSHF),20.0,33.4542,72.9515
For Sale 10 M Plot Open Transfer F3 Heighted Location Ph 8 Bahria Town,0.78,"Bahria Town Phase 8 - Sector F-3, Bahria Town Phase 8",https://www.zameen.com/Property/bahria_town_phase_8_bahria_town_phase_8_-_sector_f-3_for_sale_10_m_plot_open_transfer_f3_heighted_location_ph_8_bahria_town-39105551-8251-2.html,115,Rawalpindi,Bahria Town Phase 8 - Sector F-3,10.0,33.4855018,73.0971219
For Sale L Block 10 Marla Plot Best Location Solid Land Phase 8 Bahria Town,0.75,"Bahria Town Phase 8 - Block L, Bahria Town Phase 8",https://www.zameen.com/Property/bahria_town_phase_8_bahria_town_phase_8_-_block_l_for_sale_l_block_10_marla_plot_best_location_solid_land_phase_8_bahria_town-45025707-3061-2.html,115,Rawalpindi,Bahria Town Phase 8 - Block L,10.0,33.4862,73.0874
Urgent Sale 10 MarlaHeighted Plot Block F3 Bahria Town Ph 8,0.65,"Bahria Town Phase 8 - Sector F-3, Bahria Town Phase 8",https://www.zameen.com/Property/bahria_town_phase_8_bahria_town_phase_8_-_sector_f-3_urgent_sale_10_marlaheighted_plot_block_f3_bahria_town_ph_8-39908424-8251-2.html,115,Rawalpindi,Bahria Town Phase 8 - Sector F-3,10.0,33.4855018,73.0971219
Urgent Sale Safari Valley 10 M Plot Sale,0.8,"Bahria Town Phase 8 - Safari Valley, Bahria Town Phase 8",https://www.zameen.com/Property/bahria_town_phase_8_bahria_town_phase_8_-_safari_valley_urgent_sale_safari_valley_10_m_plot_sale-49379358-3074-2.html,115,Rawalpindi,Bahria Town Phase 8 - Safari Valley,10.0,33.4848621,73.096708
Prime Location Plot 7.5 Marla In Safari Valley Phase 8 Bahria Town,0.75,"Bahria Town Phase 8, Bahria Town Rawalpindi",https://www.zameen.com/Property/bahria_town_rawalpindi_bahria_town_phase_8_prime_location_plot_7_5_marla_in_safari_valley_phase_8_bahria_town-47012196-3048-2.html,115,Rawalpindi,Bahria Town Phase 8,7.8,33.5012685,73.0872635
Urgent Sale 5 Marla Ready Plot Near Fatma Jinnah University Chakri Road,0.09,"Chakri Road, Rawalpindi",https://www.zameen.com/Property/rawalpindi_chakri_road_urgent_sale_5_marla_ready_plot_near_fatma_jinnah_university_chakri_road-47011788-467-2.html,115,Rawalpindi,Chakri Road,5.0,33.5591325,73.0149542
10 Marla Corner Plot For Sale In Rahe Sakoon Adyala Road,1.5,"Adiala Road, Rawalpindi",https://www.zameen.com/Property/rawalpindi_adiala_road_10_marla_corner_plot_for_sale_in_rahe_sakoon_adyala_road-54671667-478-2.html,115,Rawalpindi,Adiala Road,10.0,33.5778124,73.0650131
UP COUNTRY ENCLOSURE RDA APPROVED 5 MARLA PLOT AVAILABLE FOR SALE,0.28,"UpCountry Enclosures Society - Block F, UpCountry Enclosures Housing Society",https://www.zameen.com/Property/upcountry_enclosures_housing_society_upcountry_enclosures_society_-_block_f_up_country_enclosure_rda_approved_5_marla_plot_available_for_sale-54443910-16295-2.html,115,Rawalpindi,UpCountry Enclosures Society - Block F,5.0,33.5412,72.8845
"5.25 Marla Premium Corner & Park-Facing Plot | Block D | PGSHF, Adyala Road, Rawalpindi",0.75,"Punjab Government Servant Housing Foundation (PGSHF), Rawalpindi",https://www.zameen.com/Property/rawalpindi_punjab_government_servant_housing_foundation_pgshf_5_25_marla_premium_corner_park-facing_plot_block_d_pgshf_adyala_road_rawalpindi-54679653-10424-2.html,115,Rawalpindi,Punjab Government Servant Housing Foundation (PGSHF),5.2,33.4542,72.9515
Corner 30 Marla Plot 3 Side Open,2.6,"Bahria Hamlet, Bahria Town Phase 8",https://www.zameen.com/Property/bahria_town_phase_8_bahria_hamlet_corner_30_marla_plot_3_side_open-54273738-10354-2.html,115,Rawalpindi,Bahria Hamlet,30.0,33.4891,73.1232
13 Marla Plot With 50 Feet Front,1.22,"Bahria Town Phase 8 - Block I, Bahria Town Phase 8",https://www.zameen.com/Property/bahria_town_phase_8_bahria_town_phase_8_-_block_i_13_marla_plot_with_50_feet_front-53686123-3057-2.html,115,Rawalpindi,Bahria Town Phase 8 - Block I,13.0,33.4862,73.0874
Ready For Construction Fully Developed Plot For Sale,0.74,"Bahria Town Phase 8 - Block N, Bahria Town Phase 8",https://www.zameen.com/Property/bahria_town_phase_8_bahria_town_phase_8_-_block_n_ready_for_construction_fully_developed_plot_for_sale-53825807-3063-2.html,115,Rawalpindi,Bahria Town Phase 8 - Block N,10.0,33.4862,73.0874
Plot Is Available For Sale In Street No 41 Plot No 1317,0.88,"Bahria Town Phase 8 - Block E, Bahria Town Phase 8",https://www.zameen.com/Property/bahria_town_phase_8_bahria_town_phase_8_-_block_e_plot_is_available_for_sale_in_street_no_41_plot_no_1317-54059143-3053-2.html,115,Rawalpindi,Bahria Town Phase 8 - Block E,10.0,33.4862,73.0874
Main Blvd Back Solid Land Near To Mosque And Commerical Area Plot For Sale,0.82,"Bahria Town Phase 8 - Umer Block, Bahria Town Phase 8 - Safari Valley",https://www.zameen.com/Property/bahria_town_phase_8_safari_valley_bahria_town_phase_8_-_umer_block_main_blvd_back_solid_land_near_to_mosque_and_commerical_area_plot_for_sale-54447586-3067-2.html,115,Rawalpindi,Bahria Town Phase 8 - Umer Block,7.0,33.4862,73.0874
Blvd Category Level Plot With Extra Land Plot,1.28,"Bahria Town Phase 8 - Block I, Bahria Town Phase 8",https://www.zameen.com/Property/bahria_town_phase_8_bahria_town_phase_8_-_block_i_blvd_category_level_plot_with_extra_land_plot-54415550-3057-2.html,115,Rawalpindi,Bahria Town Phase 8 - Block I,13.0,33.4862,73.0874
Near To Future School And Main Expressway,1.3,"Bahria Town Phase 8 - Block H, Bahria Town Phase 8",https://www.zameen.com/Property/bahria_town_phase_8_bahria_town_phase_8_-_block_h_near_to_future_school_and_main_expressway-54415558-3056-2.html,115,Rawalpindi,Bahria Town Phase 8 - Block H,10.0,33.4862,73.0874
5 Marla Allotment Plus Registry Plot,0.77,"Bahria Town Phase 8 - Ali Block, Bahria Town Phase 8 - Safari Valley",https://www.zameen.com/Property/bahria_town_phase_8_safari_valley_bahria_town_phase_8_-_ali_block_5_marla_allotment_plus_registry_plot-54415810-3070-2.html,115,Rawalpindi,Bahria Town Phase 8 - Ali Block,5.0,33.4862,73.0874
Residential Plot For Sale Situated In Bahria Town Phase 8 - Block P,1.55,"Bahria Town Phase 8 - Block P, Bahria Town Phase 8",https://www.zameen.com/Property/bahria_town_phase_8_bahria_town_phase_8_-_block_p_residential_plot_for_sale_situated_in_bahria_town_phase_8_-_block_p-53217457-3065-2.html,115,Rawalpindi,Bahria Town Phase 8 - Block P,22.0,33.4862,73.0874
"8 Marla Beautiful Back-Open Plot For Sale Bahria Town Phase 8, Rawalpindi",1.05,"Bahria Town Phase 8 - Block J, Bahria Town Phase 8",https://www.zameen.com/Property/bahria_town_phase_8_bahria_town_phase_8_-_block_j_8_marla_beautiful_back-open_plot_for_sale_bahria_town_phase_8_rawalpindi-54648157-3058-2.html,115,Rawalpindi,Bahria Town Phase 8 - Block J,8.0,33.4862,73.0874
10 Marla Level Plot On Prime Location For Sale,1.8,"Bahria Greens - Overseas Enclave - Sector 2, Bahria Greens - Overseas Enclave",https://www.zameen.com/Property/bahria_greens_overseas_enclave_bahria_greens_-_overseas_enclave_-_sector_2_10_marla_level_plot_on_prime_location_for_sale-53752095-8301-2.html,115,Rawalpindi,Bahria Greens - Overseas Enclave - Sector 2,10.0,33.4735,73.091
10 Marla Near To School And Masjid Plot For Sale,0.95,"Bahria Town Phase 8 - Sector F-2, Bahria Town Phase 8",https://www.zameen.com/Property/bahria_town_phase_8_bahria_town_phase_8_-_sector_f-2_10_marla_near_to_school_and_masjid_plot_for_sale-53585833-8250-2.html,115,Rawalpindi,Bahria Town Phase 8 - Sector F-2,10.0,33.4855018,73.0971219
21 Marla Solid Land Level Plot For Sale,1.75,"Bahria Town Phase 8 - Block P, Bahria Town Phase 8",https://www.zameen.com/Property/bahria_town_phase_8_bahria_town_phase_8_-_block_p_21_marla_solid_land_level_plot_for_sale-53635929-3065-2.html,115,Rawalpindi,Bahria Town Phase 8 - Block P,20.0,33.4862,73.0874
Residential Plot Of 1 Kanal Is Available For Sale In Gulshan Abad Sector 2,2.7,"Gulshan Abad Sector 2, Gulshan Abad",https://www.zameen.com/Property/gulshan_abad_gulshan_abad_sector_2_residential_plot_of_1_kanal_is_available_for_sale_in_gulshan_abad_sector_2-47276763-14739-2.html,116,Rawalpindi,Gulshan Abad Sector 2,20.0,33.6536015,73.0795873
Premium 10 Marla Residential Plot Is Available For Sale In Rawalpindi,1.0,"Gulshan Abad Sector 3, Gulshan Abad",https://www.zameen.com/Property/gulshan_abad_gulshan_abad_sector_3_premium_10_marla_residential_plot_is_available_for_sale_in_rawalpindi-47276796-14741-2.html,116,Rawalpindi,Gulshan Abad Sector 3,10.0,33.6536015,73.0795873
22 Marla Heighted Location Plot For Sale,2.1,"Bahria Town Phase 8 - Block B, Bahria Town Phase 8",https://www.zameen.com/Property/bahria_town_phase_8_bahria_town_phase_8_-_block_b_22_marla_heighted_location_plot_for_sale-54679456-3050-2.html,116,Rawalpindi,Bahria Town Phase 8 - Block B,22.0,33.4848621,73.096708
10 Marla Back Open Plot For Sale,1.35,"Bahria Town Phase 8 - Block M, Bahria Town Phase 8",https://www.zameen.com/Property/bahria_town_phase_8_bahria_town_phase_8_-_block_m_10_marla_back_open_plot_for_sale-54679442-3062-2.html,116,Rawalpindi,Bahria Town Phase 8 - Block M,10.0,33.4862,73.0874
29 Marla Corner Plot Near To Park And Masjid For Sale,3.5,"Bahria Greens - Overseas Enclave - Sector 5, Bahria Greens - Overseas Enclave",https://www.zameen.com/Property/bahria_greens_overseas_enclave_bahria_greens_-_overseas_enclave_-_sector_5_29_marla_corner_plot_near_to_park_and_masjid_for_sale-54679414-8304-2.html,116,Rawalpindi,Bahria Greens - Overseas Enclave - Sector 5,30.0,33.4735,73.091
8 Marla Plot For Sale On Reasonable Price,0.8,"Bahria Town Phase 8 - Block J, Bahria Town Phase 8",https://www.zameen.com/Property/bahria_town_phase_8_bahria_town_phase_8_-_block_j_8_marla_plot_for_sale_on_reasonable_price-54679349-3058-2.html,116,Rawalpindi,Bahria Town Phase 8 - Block J,8.0,33.4862,73.0874
7 Marla Plot For Sale In Usman Block - Phase VIII,0.9,"Bahria Town Phase 8 - Usman Block, Bahria Town Phase 8 - Safari Valley",https://www.zameen.com/Property/bahria_town_phase_8_safari_valley_bahria_town_phase_8_-_usman_block_7_marla_plot_for_sale_in_usman_block_-_phase_viii-52400614-3068-2.html,116,Rawalpindi,Bahria Town Phase 8 - Usman Block,7.0,33.4848621,73.096708
10 Marla Plot For Sale Near Mosque & Park In Bahria Phase 7,2.3,"Bahria Town Phase 7, Bahria Town Rawalpindi",https://www.zameen.com/Property/bahria_town_rawalpindi_bahria_town_phase_7_10_marla_plot_for_sale_near_mosque_park_in_bahria_phase_7-51336170-3047-2.html,116,Rawalpindi,Bahria Town Phase 7,10.0,33.5701202,73.1163357
28 Marla Plot For Sale In Overseas 5,3.65,"Bahria Greens - Overseas Enclave - Sector 5, Bahria Greens - Overseas Enclave",https://www.zameen.com/Property/bahria_greens_overseas_enclave_bahria_greens_-_overseas_enclave_-_sector_5_28_marla_plot_for_sale_in_overseas_5-53221876-8304-2.html,116,Rawalpindi,Bahria Greens - Overseas Enclave - Sector 5,28.0,33.4735,73.091
5 Marla Plots Available Saffron City,0.45,"Saffron City, GT Road",https://www.zameen.com/Property/gt_road_saffron_city_5_marla_plots_available_saffron_city-54677718-21050-2.html,116,Rawalpindi,Saffron City,5.0,33.6520202,73.076983
5 Marla Residential File For Sale In Saffron City Rawalpindi,0.26,"Saffron City, GT Road",https://www.zameen.com/Property/gt_road_saffron_city_5_marla_residential_file_for_sale_in_saffron_city_rawalpindi-54677671-21050-2.html,116,Rawalpindi,Saffron City,5.0,33.6520202,73.076983
Residential Plot Of 10 Marla For Sale In Bahria Town Phase 8 - Block C Prime Location. Open Transfer.,1.2,"Bahria Town Phase 8 - Block C, Bahria Town Phase 8",https://www.zameen.com/Property/bahria_town_phase_8_bahria_town_phase_8_-_block_c_residential_plot_of_10_marla_for_sale_in_bahria_town_phase_8_-_block_c_prime_location_open_transfer-53938579-3051-2.html,116,Rawalpindi,Bahria Town Phase 8 - Block C,10.0,33.4862,73.0874
One Kanal Plot Near Business District Sector. B,1.6,"Bahria Town Phase 8 - Block B, Bahria Town Phase 8",https://www.zameen.com/Property/bahria_town_phase_8_bahria_town_phase_8_-_block_b_one_kanal_plot_near_business_district_sector_b-54611466-3050-2.html,116,Rawalpindi,Bahria Town Phase 8 - Block B,20.0,33.4848621,73.096708
10 MARLA LEVEL PLOT IN ROSE BLOCK,1.1,"Taj Residencia - Rose Block, Taj Residencia",https://www.zameen.com/Property/taj_residencia_taj_residencia_-_rose_block_10_marla_level_plot_in_rose_block-54667902-18999-2.html,116,Rawalpindi,Taj Residencia - Rose Block,10.0,33.5855,72.9348
5 Marla Double Category Corner Boulevard Plot,0.25,"Bahria Town Phase 8 - Bahria Orchard, Bahria Town Phase 8",https://www.zameen.com/Property/bahria_town_phase_8_bahria_town_phase_8_-_bahria_orchard_5_marla_double_category_corner_boulevard_plot-54675436-9584-2.html,116,Rawalpindi,Bahria Town Phase 8 - Bahria Orchard,5.0,33.4862,73.0874
11 Marla Corner Ready For Construction In Overseas 2,1.75,"Bahria Greens - Overseas Enclave - Sector 2, Bahria Greens - Overseas Enclave",https://www.zameen.com/Property/bahria_greens_overseas_enclave_bahria_greens_-_overseas_enclave_-_sector_2_11_marla_corner_ready_for_construction_in_overseas_2-50390779-8301-2.html,116,Rawalpindi,Bahria Greens - Overseas Enclave - Sector 2,11.0,33.4735,73.091
Top Of Line Near Park & Mosque,0.95,"Bahria Greens - Overseas Enclave - Sector 5, Bahria Greens - Overseas Enclave",https://www.zameen.com/Property/bahria_greens_overseas_enclave_bahria_greens_-_overseas_enclave_-_sector_5_top_of_line_near_park_mosque-50388078-8304-2.html,116,Rawalpindi,Bahria Greens - Overseas Enclave - Sector 5,5.0,33.4735,73.091
5 Marla Back Open Plot For Sale In Sector M,0.76,"Bahria Town Phase 8 - Block M, Bahria Town Phase 8",https://www.zameen.com/Property/bahria_town_phase_8_bahria_town_phase_8_-_block_m_5_marla_back_open_plot_for_sale_in_sector_m-53043135-3062-2.html,116,Rawalpindi,Bahria Town Phase 8 - Block M,5.0,33.4862,73.0874
8 Marla Solid Plot In Sector M,1.05,"Bahria Town Phase 8 - Block M, Bahria Town Phase 8",https://www.zameen.com/Property/bahria_town_phase_8_bahria_town_phase_8_-_block_m_8_marla_solid_plot_in_sector_m-53129430-3062-2.html,116,Rawalpindi,Bahria Town Phase 8 - Block M,8.0,33.4862,73.0874
Plot For Sale In Vip Excretion Airport Housing Society Rawalpindi,0.6,"Airport Housing Society, Rawalpindi",https://www.zameen.com/Property/rawalpindi_airport_housing_society_plot_for_sale_in_vip_excretion_airport_housing_society_rawalpindi-53990062-426-2.html,116,Rawalpindi,Airport Housing Society,8.0,33.5941022,73.1307386
10 Marla Plot Rawalpindi Phase 8 Sector G,1.2,"Bahria Town Phase 8, Bahria Town Rawalpindi",https://www.zameen.com/Property/bahria_town_rawalpindi_bahria_town_phase_8_10_marla_plot_rawalpindi_phase_8_sector_g-54673913-3048-2.html,117,Rawalpindi,Bahria Town Phase 8,10.0,33.5012685,73.0872635
"Rare 38 Marla Natural Land Plot | Overseas 2, Street 16 | All Paid & Ready for Construction!",2.8,"Bahria Greens - Overseas Enclave - Sector 2, Bahria Greens - Overseas Enclave",https://www.zameen.com/Property/bahria_greens_overseas_enclave_bahria_greens_-_overseas_enclave_-_sector_2_rare_38_marla_natural_land_plot_overseas_2_street_16_all_paid_ready_for_construction-54673603-8301-2.html,117,Rawalpindi,Bahria Greens - Overseas Enclave - Sector 2,38.0,33.4735,73.091
Ideal Location! 21 Marla 2nd-to-Corner Plot near Dua Chowk Overseas 5,3.0,"Bahria Greens - Overseas Enclave - Sector 5, Bahria Greens - Overseas Enclave",https://www.zameen.com/Property/bahria_greens_overseas_enclave_bahria_greens_-_overseas_enclave_-_sector_5_ideal_location_21_marla_2nd-to-corner_plot_near_dua_chowk_overseas_5-54673583-8304-2.html,117,Rawalpindi,Bahria Greens - Overseas Enclave - Sector 5,20.0,33.4735,73.091
"Prime Location Alert: 23 Marla Plot in D Block, Street 12",2.1,"Bahria Town Phase 8 - Block D, Bahria Town Phase 8",https://www.zameen.com/Property/bahria_town_phase_8_bahria_town_phase_8_-_block_d_prime_location_alert_23_marla_plot_in_d_block_street_12-54673554-3052-2.html,117,Rawalpindi,Bahria Town Phase 8 - Block D,24.0,33.4862,73.0874
Exceptional 10 Marla Height Plot | Block C (#1127-H) All Utilities & Possession Paid,1.3,"Bahria Town Phase 8 - Block C, Bahria Town Phase 8",https://www.zameen.com/Property/bahria_town_phase_8_bahria_town_phase_8_-_block_c_exceptional_10_marla_height_plot_block_c_1127-h_all_utilities_possession_paid-54626994-3051-2.html,117,Rawalpindi,Bahria Town Phase 8 - Block C,10.0,33.4862,73.0874
Premium 10 Marla Builder Location Plot | Block B (Plot#672) Fully Paid Possession & Utilities | Ready to Build!,1.2,"Bahria Town Phase 8 - Block B, Bahria Town Phase 8",https://www.zameen.com/Property/bahria_town_phase_8_bahria_town_phase_8_-_block_b_premium_10_marla_builder_location_plot_block_b_plot_672_fully_paid_possession_utilities_ready_to_build-54606092-3050-2.html,117,Rawalpindi,Bahria Town Phase 8 - Block B,10.0,33.4848621,73.096708
End Your Search For Residential Plot Here And Sale Now,2.3,"Bahria Town Phase 3, Bahria Town Rawalpindi",https://www.zameen.com/Property/bahria_town_rawalpindi_bahria_town_phase_3_end_your_search_for_residential_plot_here_and_sale_now-54673261-3036-2.html,117,Rawalpindi,Bahria Town Phase 3,10.0,33.5701202,73.1163357
Prime Location Bahria Town Phase 8 - Block M Residential Plot Sized 10 Marla For sale,0.85,"Bahria Town Phase 8 - Block M, Bahria Town Phase 8",https://www.zameen.com/Property/bahria_town_phase_8_bahria_town_phase_8_-_block_m_prime_location_bahria_town_phase_8_-_block_m_residential_plot_sized_10_marla_for_sale-54673241-3062-2.html,117,Rawalpindi,Bahria Town Phase 8 - Block M,10.0,33.4862,73.0874
PHASE 7 ONE KANAL PLOT FOR SALE CORNER PLOT WITH EXTRA LAND SOLID LAND,1.8,"Bahria Town Phase 7, Bahria Town Rawalpindi",https://www.zameen.com/Property/bahria_town_rawalpindi_bahria_town_phase_7_phase_7_one_kanal_plot_for_sale_corner_plot_with_extra_land_solid_land-48778593-3047-2.html,117,Rawalpindi,Bahria Town Phase 7,20.0,33.5701202,73.1163357
Saffron City Residential Plot Sized 5 Marla,0.45,"Saffron City, GT Road",https://www.zameen.com/Property/gt_road_saffron_city_saffron_city_residential_plot_sized_5_marla-54672528-21050-2.html,117,Rawalpindi,Saffron City,5.0,33.6520202,73.076983
1 Kanal Residential Plot Situated In Saffron City For Sale,1.55,"Saffron City, GT Road",https://www.zameen.com/Property/gt_road_saffron_city_1_kanal_residential_plot_situated_in_saffron_city_for_sale-54672526-21050-2.html,117,Rawalpindi,Saffron City,20.0,33.6520202,73.076983
Saffron City Residential Plot Sized 10 Marla Is Available,0.82,"Saffron City, GT Road",https://www.zameen.com/Property/gt_road_saffron_city_saffron_city_residential_plot_sized_10_marla_is_available-54672527-21050-2.html,117,Rawalpindi,Saffron City,10.0,33.6520202,73.076983
Bahria Town Rwp Sector E 10 Marla Plot Street Corner With Extra Land Sun Face Solid Land Heighted Location,0.95,"Bahria Town Phase 8 - Block E, Bahria Town Phase 8",https://www.zameen.com/Property/bahria_town_phase_8_bahria_town_phase_8_-_block_e_bahria_town_rwp_sector_e_10_marla_plot_street_corner_with_extra_land_sun_face_solid_land_heighted_location-51601988-3053-2.html,117,Rawalpindi,Bahria Town Phase 8 - Block E,10.0,33.4862,73.0874
Sector G Umer Block Bulay Ward Plot For Sale,1.3,"Bahria Town Phase 8, Bahria Town Rawalpindi",https://www.zameen.com/Property/bahria_town_rawalpindi_bahria_town_phase_8_sector_g_umer_block_bulay_ward_plot_for_sale-54048728-3048-2.html,117,Rawalpindi,Bahria Town Phase 8,10.0,33.5012685,73.0872635
Reasonable 10 Merla Plot   Best Option,0.85,"Bahria Town Phase 8, Bahria Town Rawalpindi",https://www.zameen.com/Property/bahria_town_rawalpindi_bahria_town_phase_8_reasonable_10_merla_plot_best_option-54118404-3048-2.html,117,Rawalpindi,Bahria Town Phase 8,10.0,33.5012685,73.0872635
"5 Marla Solid Land Plot for Sale in Bahria Town Phase 8, I Block Prime Location",0.64,"Bahria Town Phase 8 - Block I, Bahria Town Phase 8",https://www.zameen.com/Property/bahria_town_phase_8_bahria_town_phase_8_-_block_i_5_marla_solid_land_plot_for_sale_in_bahria_town_phase_8_i_block_prime_location-54480038-3057-2.html,117,Rawalpindi,Bahria Town Phase 8 - Block I,5.0,33.4862,73.0874
Best Location 5 Marla Plot For Sale,0.65,"Bahria Town Phase 8, Bahria Town Rawalpindi",https://www.zameen.com/Property/bahria_town_rawalpindi_bahria_town_phase_8_best_location_5_marla_plot_for_sale-53858071-3048-2.html,117,Rawalpindi,Bahria Town Phase 8,5.0,33.5012685,73.0872635
Reasonable 10 Marla plot for sale,0.75,"Bahria Town Phase 8, Bahria Town Rawalpindi",https://www.zameen.com/Property/bahria_town_rawalpindi_bahria_town_phase_8_reasonable_10_marla_plot_for_sale-54118366-3048-2.html,117,Rawalpindi,Bahria Town Phase 8,10.0,33.5012685,73.0872635
10 Marla Plot I Block For Sale,1.25,"Bahria Town Phase 8, Bahria Town Rawalpindi",https://www.zameen.com/Property/bahria_town_rawalpindi_bahria_town_phase_8_10_marla_plot_i_block_for_sale-53841064-3048-2.html,117,Rawalpindi,Bahria Town Phase 8,10.0,33.5012685,73.0872635
10 Marla Plot For Sale,0.8,"Bahria Town Phase 8, Bahria Town Rawalpindi",https://www.zameen.com/Property/bahria_town_rawalpindi_bahria_town_phase_8_10_marla_plot_for_sale-54116685-3048-2.html,117,Rawalpindi,Bahria Town Phase 8,10.0,33.5012685,73.0872635
Reasonable 5marla plot for sale,0.55,"Bahria Town Phase 8, Bahria Town Rawalpindi",https://www.zameen.com/Property/bahria_town_rawalpindi_bahria_town_phase_8_reasonable_5marla_plot_for_sale-54118265-3048-2.html,117,Rawalpindi,Bahria Town Phase 8,5.0,33.5012685,73.0872635
5 Marla Plot For Sale,0.65,"Bahria Town Phase 8, Bahria Town Rawalpindi",https://www.zameen.com/Property/bahria_town_rawalpindi_bahria_town_phase_8_5_marla_plot_for_sale-53974547-3048-2.html,117,Rawalpindi,Bahria Town Phase 8,5.0,33.5012685,73.0872635
Reasonable 5 Marla Plot For Sale,0.48,"Bahria Town Phase 8, Bahria Town Rawalpindi",https://www.zameen.com/Property/bahria_town_rawalpindi_bahria_town_phase_8_reasonable_5_marla_plot_for_sale-54118227-3048-2.html,117,Rawalpindi,Bahria Town Phase 8,5.0,33.5012685,73.0872635
10 Marla Plot For Sale,0.9,"Bahria Town Phase 8, Bahria Town Rawalpindi",https://www.zameen.com/Property/bahria_town_rawalpindi_bahria_town_phase_8_10_marla_plot_for_sale-54118450-3048-2.html,117,Rawalpindi,Bahria Town Phase 8,10.0,33.5012685,73.0872635
Reasonable 10 Marla Plot For Sale,0.7,"Bahria Town Phase 8, Bahria Town Rawalpindi",https://www.zameen.com/Property/bahria_town_rawalpindi_bahria_town_phase_8_reasonable_10_marla_plot_for_sale-54116612-3048-2.html,117,Rawalpindi,Bahria Town Phase 8,10.0,33.5012685,73.0872635
10 Marla Plot For Sale,0.97,"Bahria Town Phase 8, Bahria Town Rawalpindi",https://www.zameen.com/Property/bahria_town_rawalpindi_bahria_town_phase_8_10_marla_plot_for_sale-54118469-3048-2.html,118,Rawalpindi,Bahria Town Phase 8,10.0,33.5012685,73.0872635
5 Marla Prime Plot For Sale In Bahria Town Phase 8 Solid Land & Ready For Construction,0.67,"Bahria Town Phase 8 - Sector E-3, Bahria Town Phase 8",https://www.zameen.com/Property/bahria_town_phase_8_bahria_town_phase_8_-_sector_e-3_5_marla_prime_plot_for_sale_in_bahria_town_phase_8_solid_land_ready_for_construction-54479325-15902-2.html,118,Rawalpindi,Bahria Town Phase 8 - Sector E-3,5.0,33.4855018,73.0971219
10 Marla Plot For Sale,1.12,"Bahria Town Phase 8, Bahria Town Rawalpindi",https://www.zameen.com/Property/bahria_town_rawalpindi_bahria_town_phase_8_10_marla_plot_for_sale-54118492-3048-2.html,118,Rawalpindi,Bahria Town Phase 8,10.0,33.5012685,73.0872635
"7 Marla Residential Plot for Sale in Ali Block, Bahria Town Phase 8, Rawalpindi",1.0,"Bahria Town Phase 8 - Ali Block, Bahria Town Phase 8 - Safari Valley",https://www.zameen.com/Property/bahria_town_phase_8_safari_valley_bahria_town_phase_8_-_ali_block_7_marla_residential_plot_for_sale_in_ali_block_bahria_town_phase_8_rawalpindi-54480056-3070-2.html,118,Rawalpindi,Bahria Town Phase 8 - Ali Block,7.0,33.4862,73.0874
PARKFACE PLOT IN PH 2 BAHRIA TOWN,5.65,"Bahria Town Phase 2, Bahria Town Rawalpindi",https://www.zameen.com/Property/bahria_town_rawalpindi_bahria_town_phase_2_parkface_plot_in_ph_2_bahria_town-54643088-3035-2.html,118,Rawalpindi,Bahria Town Phase 2,20.0,33.5701202,73.1163357
1 Kanal Main Boulevard Back Open Possession Ready To Construction Highted Location Plot Available For Sale On Investor Price In Tulip Block Taj Residencia,3.0,"Taj Residencia - Tulip Block, Taj Residencia",https://www.zameen.com/Property/taj_residencia_taj_residencia_-_tulip_block_1_kanal_main_boulevard_back_open_possession_ready_to_construction_highted_location_plot_available_for_sale_on_investor_price_in_tulip_block_taj_residencia-54510484-19000-2.html,118,Rawalpindi,Taj Residencia - Tulip Block,20.0,33.5855,72.9348
1 Kanal Residential Plot Up For Sale In Gulshan Abad Sector 3,1.25,"Gulshan Abad Sector 3, Gulshan Abad",https://www.zameen.com/Property/gulshan_abad_gulshan_abad_sector_3_1_kanal_residential_plot_up_for_sale_in_gulshan_abad_sector_3-47276798-14741-2.html,118,Rawalpindi,Gulshan Abad Sector 3,20.0,33.6536015,73.0795873
Residential Plot Of 10 Marla Available For Sale In Gulshan Abad Sector 3,1.05,"Gulshan Abad Sector 3, Gulshan Abad",https://www.zameen.com/Property/gulshan_abad_gulshan_abad_sector_3_residential_plot_of_10_marla_available_for_sale_in_gulshan_abad_sector_3-47276793-14741-2.html,118,Rawalpindi,Gulshan Abad Sector 3,10.0,33.6536015,73.0795873
A Well Designed Residential Plot Is Up For Sale In An Ideal Location In Rawalpindi,1.25,"Gulshan Abad Sector 3, Gulshan Abad",https://www.zameen.com/Property/gulshan_abad_gulshan_abad_sector_3_a_well_designed_residential_plot_is_up_for_sale_in_an_ideal_location_in_rawalpindi-47276788-14741-2.html,118,Rawalpindi,Gulshan Abad Sector 3,10.0,33.6536015,73.0795873
5 Marla Residential Plot Available For Sale .,0.58,"Gulshan Abad, Rawalpindi",https://www.zameen.com/Property/rawalpindi_gulshan_abad_5_marla_residential_plot_available_for_sale-52705871-1058-2.html,118,Rawalpindi,Gulshan Abad,5.0,33.6603777,73.0830223
Kanal Plot For Sale In Phase 1 Bahria Town Rawalpindi,3.45,"Bahria Town Phase 1, Bahria Town Rawalpindi",https://www.zameen.com/Property/bahria_town_rawalpindi_bahria_town_phase_1_kanal_plot_for_sale_in_phase_1_bahria_town_rawalpindi-51915563-3033-2.html,118,Rawalpindi,Bahria Town Phase 1,20.0,33.5701202,73.1163357
10 Marla Plot For Sale In Phase 2 Bahria Town Rawalpindi,3.6,"Bahria Town Phase 2, Bahria Town Rawalpindi",https://www.zameen.com/Property/bahria_town_rawalpindi_bahria_town_phase_2_10_marla_plot_for_sale_in_phase_2_bahria_town_rawalpindi-51914007-3035-2.html,118,Rawalpindi,Bahria Town Phase 2,10.0,33.5701202,73.1163357
Main Boulevard Plot For Sale,0.6,"Bahria Town Phase 8 Extension, Bahria Town Phase 8",https://www.zameen.com/Property/bahria_town_phase_8_bahria_town_phase_8_extension_main_boulevard_plot_for_sale-44144701-3076-2.html,118,Rawalpindi,Bahria Town Phase 8 Extension,10.9,33.4862,73.0874
Urgent For Sale Bahria Town Phase 8 Usman Block Full Highet Location Sold Land PU Paid Agreement And Meeting With Allotted Possible Full Develop Area 4km From Gt Road,0.75,"Bahria Town Phase 8 - Usman Block, Bahria Town Phase 8 - Safari Valley",https://www.zameen.com/Property/bahria_town_phase_8_safari_valley_bahria_town_phase_8_-_usman_block_urgent_for_sale_bahria_town_phase_8_usman_block_full_highet_location_sold_land_pu_paid_agreement_and_meeting_with_allotted_possible_full_develop_area_4km_from_gt_road-48367698-3068-2.html,118,Rawalpindi,Bahria Town Phase 8 - Usman Block,7.0,33.4848621,73.096708
Residential Plot Of 15 Marla Is Available For Sale In Bahria Town Phase 8 - Block N,0.85,"Bahria Town Phase 8 - Block N, Bahria Town Phase 8",https://www.zameen.com/Property/bahria_town_phase_8_bahria_town_phase_8_-_block_n_residential_plot_of_15_marla_is_available_for_sale_in_bahria_town_phase_8_-_block_n-51932255-3063-2.html,118,Rawalpindi,Bahria Town Phase 8 - Block N,15.0,33.4862,73.0874
Bahria Town Phase Sct E Bulider Choice 16 Marla Dead Conrner + Gernal 10 Marla Both Pair Plot Highet Locatiom 3 Side Open For Sell Just 11 Million,1.2,"Bahria Town Phase 8 - Block E, Bahria Town Phase 8",https://www.zameen.com/Property/bahria_town_phase_8_bahria_town_phase_8_-_block_e_bahria_town_phase_sct_e_bulider_choice_16_marla_dead_conrner_gernal_10_marla_both_pair_plot_highet_locatiom_3_side_open_for_sell_just_11_million-54104700-3053-2.html,118,Rawalpindi,Bahria Town Phase 8 - Block E,16.0,33.4862,73.0874
Sale The Ideally Located Residential Plot For An Incredible Price Of Pkr Rs. 9000000,0.9,"Bahria Town Phase 8 - Sector F-1, Bahria Town Phase 8",https://www.zameen.com/Property/bahria_town_phase_8_bahria_town_phase_8_-_sector_f-1_sale_the_ideally_located_residential_plot_for_an_incredible_price_of_pkr_rs_9000000-53636965-3095-2.html,118,Rawalpindi,Bahria Town Phase 8 - Sector F-1,8.0,33.4855018,73.0971219
11 Marla Level Plot For Sale,3.7,"Media Town, Rawalpindi",https://www.zameen.com/Property/rawalpindi_media_town_11_marla_level_plot_for_sale-54669513-8157-2.html,118,Rawalpindi,Media Town,11.0,33.5639764,73.1222157
Hot Location! 10 Marla Solid Land Plot For Sale Sector E,1.3,"Bahria Town Phase 8 - Block E, Bahria Town Phase 8",https://www.zameen.com/Property/bahria_town_phase_8_bahria_town_phase_8_-_block_e_hot_location_10_marla_solid_land_plot_for_sale_sector_e-54328267-3053-2.html,118,Rawalpindi,Bahria Town Phase 8 - Block E,10.0,33.4862,73.0874
5 Marla Solid Land Plot Ali Block,0.75,"Bahria Town Phase 8 - Ali Block, Bahria Town Phase 8 - Safari Valley",https://www.zameen.com/Property/bahria_town_phase_8_safari_valley_bahria_town_phase_8_-_ali_block_5_marla_solid_land_plot_ali_block-54511418-3070-2.html,118,Rawalpindi,Bahria Town Phase 8 - Ali Block,5.0,33.4862,73.0874
Ready To Buy A Corner Residential Plot 7 Marla In Rawalpindi,1.05,"Bahria Town Phase 8 - Usman Block, Bahria Town Phase 8 - Safari Valley",https://www.zameen.com/Property/bahria_town_phase_8_safari_valley_bahria_town_phase_8_-_usman_block_ready_to_buy_a_corner_residential_plot_7_marla_in_rawalpindi-54666972-3068-2.html,119,Rawalpindi,Bahria Town Phase 8 - Usman Block,7.0,33.4848621,73.096708
8 Marla Spacious Residential Plot Is Available In Bahria Town Phase 8 - Block J For sale,0.89,"Bahria Town Phase 8 - Block J, Bahria Town Phase 8",https://www.zameen.com/Property/bahria_town_phase_8_bahria_town_phase_8_-_block_j_8_marla_spacious_residential_plot_is_available_in_bahria_town_phase_8_-_block_j_for_sale-54666971-3058-2.html,119,Rawalpindi,Bahria Town Phase 8 - Block J,8.0,33.4862,73.0874
3 Side Open Dead End Corner Plot,0.75,"Gulshan Abad, Rawalpindi",https://www.zameen.com/Property/rawalpindi_gulshan_abad_3_side_open_dead_end_corner_plot-50348419-1058-2.html,119,Rawalpindi,Gulshan Abad,10.0,33.6603777,73.0830223
1 Kanal Residential Plot In Rawalpindi Is Available For Sale,2.55,"Bahria Greens - Overseas Enclave - Sector 1, Bahria Greens - Overseas Enclave",https://www.zameen.com/Property/bahria_greens_overseas_enclave_bahria_greens_-_overseas_enclave_-_sector_1_1_kanal_residential_plot_in_rawalpindi_is_available_for_sale-54626844-8300-2.html,119,Rawalpindi,Bahria Greens - Overseas Enclave - Sector 1,20.0,33.4735,73.091
1 Kanal Possession Ready To Construction Main Boulevard Back Open Highted Location Plot Available For Sale On Investor Price In Taj Residencia Tulip Block,3.2,"Taj Residencia - Tulip Block, Taj Residencia",https://www.zameen.com/Property/taj_residencia_taj_residencia_-_tulip_block_1_kanal_possession_ready_to_construction_main_boulevard_back_open_highted_location_plot_available_for_sale_on_investor_price_in_taj_residencia_tulip_block-54101057-19000-2.html,119,Rawalpindi,Taj Residencia - Tulip Block,20.0,33.5855,72.9348
17 Marla Corner Plot For Sale,2.2,"Bahria Town Phase 7, Bahria Town Rawalpindi",https://www.zameen.com/Property/bahria_town_rawalpindi_bahria_town_phase_7_17_marla_corner_plot_for_sale-54413228-3047-2.html,119,Rawalpindi,Bahria Town Phase 7,17.0,33.5701202,73.1163357
1 Kanal Ideal Location Plot Near To Park And Masjid For Sale,1.75,"Bahria Town Phase 8 - Block P, Bahria Town Phase 8",https://www.zameen.com/Property/bahria_town_phase_8_bahria_town_phase_8_-_block_p_1_kanal_ideal_location_plot_near_to_park_and_masjid_for_sale-54664799-3065-2.html,119,Rawalpindi,Bahria Town Phase 8 - Block P,20.0,33.4862,73.0874
1 Kanal Heighted Location Solid Land Plot,1.65,"Bahria Town Phase 8 - Block P, Bahria Town Phase 8",https://www.zameen.com/Property/bahria_town_phase_8_bahria_town_phase_8_-_block_p_1_kanal_heighted_location_solid_land_plot-53812494-3065-2.html,119,Rawalpindi,Bahria Town Phase 8 - Block P,20.0,33.4862,73.0874
1 Kanal Plot On Prime Location For Sale,1.65,"Bahria Town Phase 8 - Club City, Bahria Town Phase 8",https://www.zameen.com/Property/bahria_town_phase_8_bahria_town_phase_8_-_club_city_1_kanal_plot_on_prime_location_for_sale-54517868-12591-2.html,119,Rawalpindi,Bahria Town Phase 8 - Club City,20.0,33.4862,73.0874
1 Kanal Solid Land Plot With 6 Marla Extra Land For Sale,2.9,"Bahria Greens - Overseas Enclave - Sector 5, Bahria Greens - Overseas Enclave",https://www.zameen.com/Property/bahria_greens_overseas_enclave_bahria_greens_-_overseas_enclave_-_sector_5_1_kanal_solid_land_plot_with_6_marla_extra_land_for_sale-53563739-8304-2.html,119,Rawalpindi,Bahria Greens - Overseas Enclave - Sector 5,26.0,33.4735,73.091
23 Marla Level Plot On Ideal Location For Sale,2.1,"Bahria Town Phase 8 - Block D, Bahria Town Phase 8",https://www.zameen.com/Property/bahria_town_phase_8_bahria_town_phase_8_-_block_d_23_marla_level_plot_on_ideal_location_for_sale-54284125-3052-2.html,119,Rawalpindi,Bahria Town Phase 8 - Block D,24.0,33.4862,73.0874
BEAUTIFUL One Kanal Plot For Sale At Gulzar-E-Quaid,4.0,"Gulzar-e-Quaid Housing Society, Rawalpindi",https://www.zameen.com/Property/rawalpindi_gulzar-e-quaid_housing_society_beautiful_one_kanal_plot_for_sale_at_gulzar-e-quaid-52879217-540-2.html,119,Rawalpindi,Gulzar-e-Quaid Housing Society,20.0,33.5991121,73.1285709
Prime Location 10 Marla Residential Plot #1767M For Sale At Investor'S Price In Bahria Town Phase 7 Rawalpindi,1.4,"Bahria Town Phase 7, Bahria Town Rawalpindi",https://www.zameen.com/Property/bahria_town_rawalpindi_bahria_town_phase_7_prime_location_10_marla_residential_plot_1767m_for_sale_at_investor_s_price_in_bahria_town_phase_7_rawalpindi-50512966-3047-2.html,119,Rawalpindi,Bahria Town Phase 7,10.0,33.5701202,73.1163357
22 Marla Level Plot On Reasonable Rate For Sale,2.5,"Bahria Town Phase 8 - Usman D Block, Bahria Town Phase 8 - Safari Valley",https://www.zameen.com/Property/bahria_town_phase_8_safari_valley_bahria_town_phase_8_-_usman_d_block_22_marla_level_plot_on_reasonable_rate_for_sale-54088082-12179-2.html,119,Rawalpindi,Bahria Town Phase 8 - Usman D Block,22.0,33.4862,73.0874
5 Marla Top Heighted Level Plot For Sale,0.65,"Bahria Town Phase 8 - Block L, Bahria Town Phase 8",https://www.zameen.com/Property/bahria_town_phase_8_bahria_town_phase_8_-_block_l_5_marla_top_heighted_level_plot_for_sale-53794511-3061-2.html,119,Rawalpindi,Bahria Town Phase 8 - Block L,5.0,33.4862,73.0874
10 Marla Corner Plot On Reasonable Rate For Sale,0.65,"Bahria Town Phase 8 - Block K, Bahria Town Phase 8",https://www.zameen.com/Property/bahria_town_phase_8_bahria_town_phase_8_-_block_k_10_marla_corner_plot_on_reasonable_rate_for_sale-54518769-3060-2.html,119,Rawalpindi,Bahria Town Phase 8 - Block K,10.0,33.4862,73.0874
13 Marla Back Open Heighted Location Plot For Sale,1.1,"Bahria Town Phase 8 - Block E, Bahria Town Phase 8",https://www.zameen.com/Property/bahria_town_phase_8_bahria_town_phase_8_-_block_e_13_marla_back_open_heighted_location_plot_for_sale-54284130-3053-2.html,119,Rawalpindi,Bahria Town Phase 8 - Block E,13.0,33.4862,73.0874
22 Marla Level Top Loaction Plot For Sale,2.45,"Bahria Town Phase 8 - Usman D Block, Bahria Town Phase 8 - Safari Valley",https://www.zameen.com/Property/bahria_town_phase_8_safari_valley_bahria_town_phase_8_-_usman_d_block_22_marla_level_top_loaction_plot_for_sale-54057674-12179-2.html,119,Rawalpindi,Bahria Town Phase 8 - Usman D Block,22.0,33.4862,73.0874
26 Marla Back Open Solid Land Plot For Sale,2.9,"Bahria Greens - Overseas Enclave - Sector 5, Bahria Greens - Overseas Enclave",https://www.zameen.com/Property/bahria_greens_overseas_enclave_bahria_greens_-_overseas_enclave_-_sector_5_26_marla_back_open_solid_land_plot_for_sale-54219117-8304-2.html,119,Rawalpindi,Bahria Greens - Overseas Enclave - Sector 5,26.0,33.4735,73.091
Solid Land Stunning 12 Marla Residential Plot In Shadman Town Available,1.3,"Shadman Town, Rawalpindi",https://www.zameen.com/Property/rawalpindi_shadman_town_solid_land_stunning_12_marla_residential_plot_in_shadman_town_available-54661451-12863-2.html,119,Rawalpindi,Shadman Town,12.0,33.556923,73.0226143
Bahria Town Phase 7 Plot For Sale 23 Marla,3.3,"Bahria Town Phase 7, Bahria Town Rawalpindi",https://www.zameen.com/Property/bahria_town_rawalpindi_bahria_town_phase_7_bahria_town_phase_7_plot_for_sale_23_marla-54020738-3047-2.html,119,Rawalpindi,Bahria Town Phase 7,24.0,33.5701202,73.1163357
9 Marla Residential Plot In Rawalpindi Is Available For sale,1.15,"Bahria Town Phase 8 - Abu Bakar Block, Bahria Town Phase 8 - Safari Valley",https://www.zameen.com/Property/bahria_town_phase_8_safari_valley_bahria_town_phase_8_-_abu_bakar_block_9_marla_residential_plot_in_rawalpindi_is_available_for_sale-54660176-3069-2.html,120,Rawalpindi,Bahria Town Phase 8 - Abu Bakar Block,9.0,33.4862,73.0874
Beautifully Constructed Prime Location Residential Plot Is Available For Sale,0.46,"Airport Housing Society - Sector 4, Airport Housing Society",https://www.zameen.com/Property/airport_housing_society_airport_housing_society_-_sector_4_beautifully_constructed_prime_location_residential_plot_is_available_for_sale-54659350-9155-2.html,120,Rawalpindi,Airport Housing Society - Sector 4,5.0,33.5941022,73.1307386
6 Marla 25x60 Pack Plot For Sale Snober City Adyala Road,0.52,"Adiala Road, Rawalpindi",https://www.zameen.com/Property/rawalpindi_adiala_road_6_marla_25x60_pack_plot_for_sale_snober_city_adyala_road-54659266-478-2.html,120,Rawalpindi,Adiala Road,6.0,33.5778124,73.0650131
Corner Plot Most Prime Locations For More Details Contact Us,1.95,"Bahria Town Phase 7, Bahria Town Rawalpindi",https://www.zameen.com/Property/bahria_town_rawalpindi_bahria_town_phase_7_corner_plot_most_prime_locations_for_more_details_contact_us-54659111-3047-2.html,120,Rawalpindi,Bahria Town Phase 7,10.0,33.5701202,73.1163357
Best Location Heighted Plot For More Details Contact Us,0.8,"Bahria Town Phase 8 - Sector F-2, Bahria Town Phase 8",https://www.zameen.com/Property/bahria_town_phase_8_bahria_town_phase_8_-_sector_f-2_best_location_heighted_plot_for_more_details_contact_us-54659096-8250-2.html,120,Rawalpindi,Bahria Town Phase 8 - Sector F-2,10.0,33.4855018,73.0971219
5 Marla Level Plot Develop Sector,0.65,"Bahria Town Phase 8 - Block M, Bahria Town Phase 8",https://www.zameen.com/Property/bahria_town_phase_8_bahria_town_phase_8_-_block_m_5_marla_level_plot_develop_sector-54556838-3062-2.html,120,Rawalpindi,Bahria Town Phase 8 - Block M,5.0,33.4862,73.0874
SOLID LAND READY PLOT FOR SALE,0.48,"Bahria Town Phase 8 - Block K, Bahria Town Phase 8",https://www.zameen.com/Property/bahria_town_phase_8_bahria_town_phase_8_-_block_k_solid_land_ready_plot_for_sale-53579975-3060-2.html,120,Rawalpindi,Bahria Town Phase 8 - Block K,8.0,33.4862,73.0874
PRIME LOCATION LEVEL PLOT FOR SALE,1.15,"Bahria Town Phase 8 - Sector F-4, Bahria Town Phase 8",https://www.zameen.com/Property/bahria_town_phase_8_bahria_town_phase_8_-_sector_f-4_prime_location_level_plot_for_sale-53580058-8252-2.html,120,Rawalpindi,Bahria Town Phase 8 - Sector F-4,20.0,33.4855018,73.0971219
BEST LOCATION SOLID LAND NEAR TO MASJID PLOT FOR SALE,0.5,"Bahria Town Phase 8 - Block K, Bahria Town Phase 8",https://www.zameen.com/Property/bahria_town_phase_8_bahria_town_phase_8_-_block_k_best_location_solid_land_near_to_masjid_plot_for_sale-54093282-3060-2.html,120,Rawalpindi,Bahria Town Phase 8 - Block K,7.0,33.4862,73.0874
Investors Should sale This Residential Plot Located Ideally In Bahria Town Rawalpindi,1.25,"Bahria Town Phase 8 - Block E, Bahria Town Phase 8",https://www.zameen.com/Property/bahria_town_phase_8_bahria_town_phase_8_-_block_e_investors_should_sale_this_residential_plot_located_ideally_in_bahria_town_rawalpindi-54145706-3053-2.html,120,Rawalpindi,Bahria Town Phase 8 - Block E,10.0,33.4862,73.0874
10 Marla Residential Plot In Bahria Town Phase 8 For sale,1.5,"Bahria Town Phase 8, Bahria Town Rawalpindi",https://www.zameen.com/Property/bahria_town_rawalpindi_bahria_town_phase_8_10_marla_residential_plot_in_bahria_town_phase_8_for_sale-54638789-3048-2.html,120,Rawalpindi,Bahria Town Phase 8,10.0,33.5012685,73.0872635
5 Marla Residential Plot For sale In Bahria Town Phase 8 - Block M,0.8,"Bahria Town Phase 8 - Block M, Bahria Town Phase 8",https://www.zameen.com/Property/bahria_town_phase_8_bahria_town_phase_8_-_block_m_5_marla_residential_plot_for_sale_in_bahria_town_phase_8_-_block_m-54638790-3062-2.html,120,Rawalpindi,Bahria Town Phase 8 - Block M,5.0,33.4862,73.0874
Find Your Ideal Residential Plot In Rawalpindi Under Rs. 35000000,3.5,"Bahria Town Phase 8 - Block A1, Bahria Town Phase 8",https://www.zameen.com/Property/bahria_town_phase_8_bahria_town_phase_8_-_block_a1_find_your_ideal_residential_plot_in_rawalpindi_under_rs_35000000-54634850-12180-2.html,120,Rawalpindi,Bahria Town Phase 8 - Block A1,20.0,33.5012685,73.0872635
A Great Choice For A 12 Marla Residential Plot Available In Bahria Town Phase 8 - Block A1,1.4,"Bahria Town Phase 8 - Block A1, Bahria Town Phase 8",https://www.zameen.com/Property/bahria_town_phase_8_bahria_town_phase_8_-_block_a1_a_great_choice_for_a_12_marla_residential_plot_available_in_bahria_town_phase_8_-_block_a1-54634852-12180-2.html,120,Rawalpindi,Bahria Town Phase 8 - Block A1,12.0,33.5012685,73.0872635
Corner 8 Marla Residential Plot In Bahria Town Phase 8 - Block L For sale At Good Location,0.8,"Bahria Town Phase 8 - Block L, Bahria Town Phase 8",https://www.zameen.com/Property/bahria_town_phase_8_bahria_town_phase_8_-_block_l_corner_8_marla_residential_plot_in_bahria_town_phase_8_-_block_l_for_sale_at_good_location-54634854-3061-2.html,120,Rawalpindi,Bahria Town Phase 8 - Block L,8.0,33.4862,73.0874
Sale The Ideally Located Residential Plot For An Incredible Price Of Pkr Rs. 6800000,0.68,"Bahria Town Phase 8 - Block L, Bahria Town Phase 8",https://www.zameen.com/Property/bahria_town_phase_8_bahria_town_phase_8_-_block_l_sale_the_ideally_located_residential_plot_for_an_incredible_price_of_pkr_rs_6800000-54634853-3061-2.html,120,Rawalpindi,Bahria Town Phase 8 - Block L,8.0,33.4862,73.0874
You Can Find A Gorgeous Residential Plot For sale In Bahria Town Phase 8 - Block J,0.88,"Bahria Town Phase 8 - Block J, Bahria Town Phase 8",https://www.zameen.com/Property/bahria_town_phase_8_bahria_town_phase_8_-_block_j_you_can_find_a_gorgeous_residential_plot_for_sale_in_bahria_town_phase_8_-_block_j-54634855-3058-2.html,120,Rawalpindi,Bahria Town Phase 8 - Block J,10.0,33.4862,73.0874
Plot For Sale With A Beautiful Location,1.45,"Punjab Government Servant Housing Foundation (PGSHF), Rawalpindi",https://www.zameen.com/Property/rawalpindi_punjab_government_servant_housing_foundation_pgshf_plot_for_sale_with_a_beautiful_location-54652658-10424-2.html,120,Rawalpindi,Punjab Government Servant Housing Foundation (PGSHF),20.0,33.4542,72.9515
10 Marla Plot For Sale In Media Town,3.25,"Media Town, Rawalpindi",https://www.zameen.com/Property/rawalpindi_media_town_10_marla_plot_for_sale_in_media_town-54473192-8157-2.html,120,Rawalpindi,Media Town,10.0,33.5639764,73.1222157
5 Marla Residential Plot,0.75,"Defence Road, Rawalpindi",https://www.zameen.com/Property/rawalpindi_defence_road_5_marla_residential_plot-54650981-8144-2.html,120,Rawalpindi,Defence Road,5.0,33.5451816,73.0653656
For Sale 1 Kanal Plot In Bahria Town Phase 1,2.8,"Bahria Town Phase 1, Bahria Town Rawalpindi",https://www.zameen.com/Property/bahria_town_rawalpindi_bahria_town_phase_1_for_sale_1_kanal_plot_in_bahria_town_phase_1-54650893-3033-2.html,120,Rawalpindi,Bahria Town Phase 1,20.0,33.5701202,73.1163357
10 Marla 3570 Possession Ready To Construction Highted Location Plot Available For Sale On Investor Price In Taj Residencia Orchard Block,1.35,"Taj Residencia - Orchard Block, Taj Residencia",https://www.zameen.com/Property/taj_residencia_taj_residencia_-_orchard_block_10_marla_3570_possession_ready_to_construction_highted_location_plot_available_for_sale_on_investor_price_in_taj_residencia_orchard_block-54650855-18998-2.html,121,Rawalpindi,Taj Residencia - Orchard Block,10.0,33.5855,72.9348
10 Marla Possession Ready To Construction Highted Location Plot Available For Sale On Investor Price In Taj Residencia Rose Block,1.15,"Taj Residencia - Rose Block, Taj Residencia",https://www.zameen.com/Property/taj_residencia_taj_residencia_-_rose_block_10_marla_possession_ready_to_construction_highted_location_plot_available_for_sale_on_investor_price_in_taj_residencia_rose_block-54650806-18999-2.html,121,Rawalpindi,Taj Residencia - Rose Block,10.0,33.5855,72.9348
L Block 10 Marla Beautiful Plot Sale,0.8,"Bahria Town Phase 8 - Block L, Bahria Town Phase 8",https://www.zameen.com/Property/bahria_town_phase_8_bahria_town_phase_8_-_block_l_l_block_10_marla_beautiful_plot_sale-45041965-3061-2.html,121,Rawalpindi,Bahria Town Phase 8 - Block L,10.9,33.4862,73.0874
8 Marla Brand New Plot For Sale | Safari Home Sector B,0.98,"Bahria Town Phase 8 - Safari Valley, Bahria Town Phase 8",https://www.zameen.com/Property/bahria_town_phase_8_bahria_town_phase_8_-_safari_valley_8_marla_brand_new_plot_for_sale_safari_home_sector_b-53445771-3074-2.html,121,Rawalpindi,Bahria Town Phase 8 - Safari Valley,8.0,33.4848621,73.096708
15 Marla Residential Plot for Sale | L Block Bahria Town Phase 8 Rawalpindi | Prime Location | Best Investment Opportunity,1.05,"Bahria Town Phase 8 - Block L, Bahria Town Phase 8",https://www.zameen.com/Property/bahria_town_phase_8_bahria_town_phase_8_-_block_l_15_marla_residential_plot_for_sale_l_block_bahria_town_phase_8_rawalpindi_prime_location_best_investment_opportunity-54482655-3061-2.html,121,Rawalpindi,Bahria Town Phase 8 - Block L,15.0,33.4862,73.0874
Get Your Dream Residential Plot In Bahria Town Phase 8 - Umer Block Rawalpindi,0.8,"Bahria Town Phase 8 - Umer Block, Bahria Town Phase 8 - Safari Valley",https://www.zameen.com/Property/bahria_town_phase_8_safari_valley_bahria_town_phase_8_-_umer_block_get_your_dream_residential_plot_in_bahria_town_phase_8_-_umer_block_rawalpindi-54422671-3067-2.html,121,Rawalpindi,Bahria Town Phase 8 - Umer Block,7.0,33.4862,73.0874
Spacious 10 Marla Residential Plot Available For Sale In Bahria Town Phase 8 - Block L,0.93,"Bahria Town Phase 8 - Block L, Bahria Town Phase 8",https://www.zameen.com/Property/bahria_town_phase_8_bahria_town_phase_8_-_block_l_spacious_10_marla_residential_plot_available_for_sale_in_bahria_town_phase_8_-_block_l-53383411-3061-2.html,121,Rawalpindi,Bahria Town Phase 8 - Block L,10.0,33.4862,73.0874
Backopen Forever Plot Is For Sale,1.15,"Bahria Town Phase 8 - Block H, Bahria Town Phase 8",https://www.zameen.com/Property/bahria_town_phase_8_bahria_town_phase_8_-_block_h_backopen_forever_plot_is_for_sale-54464849-3056-2.html,121,Rawalpindi,Bahria Town Phase 8 - Block H,13.0,33.4862,73.0874
2nd To Corner Near To Malik Riaz Masjid,1.5,"Bahria Town Phase 8 - Block B, Bahria Town Phase 8",https://www.zameen.com/Property/bahria_town_phase_8_bahria_town_phase_8_-_block_b_2nd_to_corner_near_to_malik_riaz_masjid-54523901-3050-2.html,121,Rawalpindi,Bahria Town Phase 8 - Block B,10.0,33.4848621,73.096708
Very Beautiful Residential Plot For Sale,0.95,"Punjab Government Servant Housing Foundation (PGSHF), Rawalpindi",https://www.zameen.com/Property/rawalpindi_punjab_government_servant_housing_foundation_pgshf_very_beautiful_residential_plot_for_sale-54550567-10424-2.html,121,Rawalpindi,Punjab Government Servant Housing Foundation (PGSHF),10.0,33.4542,72.9515
"Park Facing Prime Plot Of 620 Sq. Yards In Bahria Phase 8 Club City, 120 Sqyd Extra Land.",2.8,"Bahria Town Phase 8 - Club City, Bahria Town Phase 8",https://www.zameen.com/Property/bahria_town_phase_8_bahria_town_phase_8_-_club_city_park_facing_prime_plot_of_620_sq_yards_in_bahria_phase_8_club_city_120_sqyd_extra_land-54648535-12591-2.html,121,Rawalpindi,Bahria Town Phase 8 - Club City,24.0,33.4862,73.0874
5 Marla Plot For Sale,0.26,"Samarzar Housing Society, Rawalpindi",https://www.zameen.com/Property/rawalpindi_samarzar_housing_society_5_marla_plot_for_sale-54647727-9179-2.html,121,Rawalpindi,Samarzar Housing Society,5.0,33.5262396,73.0484983
Blue World City - The WaterFront District,0.1,"Blue World City, Chakri Road",https://www.zameen.com/Property/chakri_road_blue_world_city_blue_world_city_-_the_waterfront_district-54647154-11768-2.html,121,Rawalpindi,Blue World City,6.0,33.3674961,72.8668694
5 Marla Corner Plot Very Near From Bulevard,0.72,"Punjab Government Servant Housing Foundation (PGSHF), Rawalpindi",https://www.zameen.com/Property/rawalpindi_punjab_government_servant_housing_foundation_pgshf_5_marla_corner_plot_very_near_from_bulevard-54216499-10424-2.html,121,Rawalpindi,Punjab Government Servant Housing Foundation (PGSHF),5.0,33.4542,72.9515
10 Marla Corner Main Bulevard Sun Face Outstanding Location,0.98,"Punjab Government Servant Housing Foundation (PGSHF), Rawalpindi",https://www.zameen.com/Property/rawalpindi_punjab_government_servant_housing_foundation_pgshf_10_marla_corner_main_bulevard_sun_face_outstanding_location-54187247-10424-2.html,121,Rawalpindi,Punjab Government Servant Housing Foundation (PGSHF),10.0,33.4542,72.9515
10 Marla Plot For Sale In Tulip Block - Taj Residencia,1.45,"Taj Residencia - Tulip Block, Taj Residencia",https://www.zameen.com/Property/taj_residencia_taj_residencia_-_tulip_block_10_marla_plot_for_sale_in_tulip_block_-_taj_residencia-53327410-19000-2.html,121,Rawalpindi,Taj Residencia - Tulip Block,10.0,33.5855,72.9348
5 Marla Plot For Sale In Daffodils Block- Taj Residencia,0.7,"Taj Residencia - Daffodils Block, Taj Residencia",https://www.zameen.com/Property/taj_residencia_taj_residencia_-_daffodils_block_5_marla_plot_for_sale_in_daffodils_block-_taj_residencia-53327557-18990-2.html,121,Rawalpindi,Taj Residencia - Daffodils Block,5.0,33.5855,72.9348
VIP Location Plot In VIP Orchid Block Of Taj Residencia,1.35,"Taj Residencia - Orchard Block, Taj Residencia",https://www.zameen.com/Property/taj_residencia_taj_residencia_-_orchard_block_vip_location_plot_in_vip_orchid_block_of_taj_residencia-53358530-18998-2.html,121,Rawalpindi,Taj Residencia - Orchard Block,10.0,33.5855,72.9348
6 Marla Plot For Sale Bulder Plot,0.55,"Airport Housing Society, Rawalpindi",https://www.zameen.com/Property/rawalpindi_airport_housing_society_6_marla_plot_for_sale_bulder_plot-53935926-426-2.html,121,Rawalpindi,Airport Housing Society,6.0,33.5941022,73.1307386
10 Marla Develop Plot For Sale In Bahria Town Phase 8,0.85,"Bahria Town Phase 8, Bahria Town Rawalpindi",https://www.zameen.com/Property/bahria_town_rawalpindi_bahria_town_phase_8_10_marla_develop_plot_for_sale_in_bahria_town_phase_8-54325555-3048-2.html,121,Rawalpindi,Bahria Town Phase 8,10.0,33.5012685,73.0872635
Bahria Town Phase 7 Residential Plot Sized 15 Marla,2.3,"Bahria Town Phase 7, Bahria Town Rawalpindi",https://www.zameen.com/Property/bahria_town_rawalpindi_bahria_town_phase_7_bahria_town_phase_7_residential_plot_sized_15_marla-54521222-3047-2.html,122,Rawalpindi,Bahria Town Phase 7,15.0,33.5701202,73.1163357
1 Kanal Plot +1 Kanal Extraland B Cat Plot For Sale,3.0,"Bahria Town Phase 8 - Block A, Bahria Town Phase 8",https://www.zameen.com/Property/bahria_town_phase_8_bahria_town_phase_8_-_block_a_1_kanal_plot_1_kanal_extraland_b_cat_plot_for_sale-54612559-3049-2.html,122,Rawalpindi,Bahria Town Phase 8 - Block A,20.0,33.4862,73.0874
IDEAL LOCATION 10 MARLA PLOT NEAR MAIN ROAD,0.62,"Bahria Town Phase 8 - Block K, Bahria Town Phase 8",https://www.zameen.com/Property/bahria_town_phase_8_bahria_town_phase_8_-_block_k_ideal_location_10_marla_plot_near_main_road-53885917-3060-2.html,122,Rawalpindi,Bahria Town Phase 8 - Block K,10.0,33.4862,73.0874
PRIME LOCATION 10 MARLA PLOT FOR SALE,0.72,"Bahria Town Phase 8 - Block K, Bahria Town Phase 8",https://www.zameen.com/Property/bahria_town_phase_8_bahria_town_phase_8_-_block_k_prime_location_10_marla_plot_for_sale-53579987-3060-2.html,122,Rawalpindi,Bahria Town Phase 8 - Block K,10.0,33.4862,73.0874
LOW PRICE READY PLOT FOR SALE,0.48,"Bahria Town Phase 8 - Block K, Bahria Town Phase 8",https://www.zameen.com/Property/bahria_town_phase_8_bahria_town_phase_8_-_block_k_low_price_ready_plot_for_sale-53885925-3060-2.html,122,Rawalpindi,Bahria Town Phase 8 - Block K,7.0,33.4862,73.0874
In Bahria Town Phase 8 - Sector F-3 10 Marla Residential Plot For sale,0.9,"Bahria Town Phase 8 - Sector F-3, Bahria Town Phase 8",https://www.zameen.com/Property/bahria_town_phase_8_bahria_town_phase_8_-_sector_f-3_in_bahria_town_phase_8_-_sector_f-3_10_marla_residential_plot_for_sale-54410780-8251-2.html,122,Rawalpindi,Bahria Town Phase 8 - Sector F-3,10.0,33.4855018,73.0971219
7.5 Marla Plot For Sale,0.98,"Gulistan Colony, Rawalpindi",https://www.zameen.com/Property/rawalpindi_gulistan_colony_7_5_marla_plot_for_sale-54629290-739-2.html,122,Rawalpindi,Gulistan Colony,8.0,33.570708,73.0920455
"10.75 Marla Residential Plot For Sale In Lalazar Valley Housing Society, Adyala Road Rawalpindi",2.35,"Adiala Road, Rawalpindi",https://www.zameen.com/Property/rawalpindi_adiala_road_10_75_marla_residential_plot_for_sale_in_lalazar_valley_housing_society_adyala_road_rawalpindi-54640643-478-2.html,122,Rawalpindi,Adiala Road,10.7,33.5778124,73.0650131
"Reasonably-Priced 1 Kanal Residential Plot In Bahria Town Phase 8 - Block P, Rawalpindi Is Available As Of Now",1.15,"Bahria Town Phase 8 - Block P, Bahria Town Phase 8",https://www.zameen.com/Property/bahria_town_phase_8_bahria_town_phase_8_-_block_p_reasonably-priced_1_kanal_residential_plot_in_bahria_town_phase_8_-_block_p_rawalpindi_is_available_as_of_now-54145592-3065-2.html,122,Rawalpindi,Bahria Town Phase 8 - Block P,20.0,33.4862,73.0874
703 Main Boulevard Plot For Sale,2.8,"Bahria Town Phase 8 - Block A, Bahria Town Phase 8",https://www.zameen.com/Property/bahria_town_phase_8_bahria_town_phase_8_-_block_a_703_main_boulevard_plot_for_sale-54287880-3049-2.html,122,Rawalpindi,Bahria Town Phase 8 - Block A,20.0,33.4862,73.0874
Corner +Boulevard 3 Side Open Plot For Sale,3.5,"Hub Commercial, Bahria Town Phase 8 - Safari Valley",https://www.zameen.com/Property/bahria_town_phase_8_safari_valley_hub_commercial_corner_boulevard_3_side_open_plot_for_sale-54287875-9034-2.html,122,Rawalpindi,Hub Commercial,5.0,33.4916714,73.0957614
Bahria Phase 8 Invested Price Plot For Sale.,0.65,"Bahria Town Phase 8, Bahria Town Rawalpindi",https://www.zameen.com/Property/bahria_town_rawalpindi_bahria_town_phase_8_bahria_phase_8_invested_price_plot_for_sale-54640091-3048-2.html,122,Rawalpindi,Bahria Town Phase 8,10.0,33.5012685,73.0872635
Block J Solid Plot Starting Street,0.89,"Bahria Town Phase 8 - Block J, Bahria Town Phase 8",https://www.zameen.com/Property/bahria_town_phase_8_bahria_town_phase_8_-_block_j_block_j_solid_plot_starting_street-54639795-3058-2.html,122,Rawalpindi,Bahria Town Phase 8 - Block J,8.0,33.4862,73.0874
3.5 Marla Plot 20-40 Size Balloted Plot No Main Boulevard,0.23,"Taj Residencia, Rawalpindi",https://www.zameen.com/Property/rawalpindi_taj_residencia_3_5_marla_plot_20-40_size_balloted_plot_no_main_boulevard-53742016-11491-2.html,122,Rawalpindi,Taj Residencia,3.5,33.589782,72.9679336
Abubakar Block 7 Marla Plot For Sale,1.0,"Bahria Town Phase 8 - Abu Bakar Block, Bahria Town Phase 8 - Safari Valley",https://www.zameen.com/Property/bahria_town_phase_8_safari_valley_bahria_town_phase_8_-_abu_bakar_block_abubakar_block_7_marla_plot_for_sale-53577940-3069-2.html,122,Rawalpindi,Bahria Town Phase 8 - Abu Bakar Block,7.0,33.4862,73.0874
A Block 10 Marla Blvd Back Plot For Sale,0.8,"Bahria Town Phase 8 - Block A, Bahria Town Phase 8",https://www.zameen.com/Property/bahria_town_phase_8_bahria_town_phase_8_-_block_a_a_block_10_marla_blvd_back_plot_for_sale-53478879-3049-2.html,122,Rawalpindi,Bahria Town Phase 8 - Block A,10.0,33.4862,73.0874
Bahria Town Ali Block Investor Price Plot For Sale.,0.6,"Bahria Town Phase 8 - Ali Block, Bahria Town Phase 8 - Safari Valley",https://www.zameen.com/Property/bahria_town_phase_8_safari_valley_bahria_town_phase_8_-_ali_block_bahria_town_ali_block_investor_price_plot_for_sale-54638260-3070-2.html,122,Rawalpindi,Bahria Town Phase 8 - Ali Block,5.0,33.4862,73.0874
Plot For Sale With A Beautiful Location,0.85,"Punjab Government Servant Housing Foundation (PGSHF), Rawalpindi",https://www.zameen.com/Property/rawalpindi_punjab_government_servant_housing_foundation_pgshf_plot_for_sale_with_a_beautiful_location-54638144-10424-2.html,122,Rawalpindi,Punjab Government Servant Housing Foundation (PGSHF),7.0,33.4542,72.9515
Plot For Sale,0.77,"Punjab Government Servant Housing Foundation (PGSHF), Rawalpindi",https://www.zameen.com/Property/rawalpindi_punjab_government_servant_housing_foundation_pgshf_plot_for_sale-54638138-10424-2.html,122,Rawalpindi,Punjab Government Servant Housing Foundation (PGSHF),7.0,33.4542,72.9515
Plot For Sale in GT Road Rawat Bagha Shekha,0.2,"GT Road, Rawalpindi",https://www.zameen.com/Property/rawalpindi_gt_road_plot_for_sale_in_gt_road_rawat_bagha_shekha-54467400-1118-2.html,122,Rawalpindi,GT Road,5.0,32.9452295,73.7160216
"10 Marla Ready-to-Construct Plot for Sale Bahria Town Phase 8,",0.75,"Bahria Town Phase 8 - Block I, Bahria Town Phase 8",https://www.zameen.com/Property/bahria_town_phase_8_bahria_town_phase_8_-_block_i_10_marla_ready-to-construct_plot_for_sale_bahria_town_phase_8-54636731-3057-2.html,123,Rawalpindi,Bahria Town Phase 8 - Block I,10.0,33.4862,73.0874
5 Marla Plot Available For Sale Sector I,0.45,"Bahria Town Phase 8 - Block L, Bahria Town Phase 8",https://www.zameen.com/Property/bahria_town_phase_8_bahria_town_phase_8_-_block_l_5_marla_plot_available_for_sale_sector_i-54636728-3061-2.html,123,Rawalpindi,Bahria Town Phase 8 - Block L,5.0,33.4862,73.0874
10 Marla Plot Available For Sale,0.4,"Bahria Town Phase 8 - Sector F-3, Bahria Town Phase 8",https://www.zameen.com/Property/bahria_town_phase_8_bahria_town_phase_8_-_sector_f-3_10_marla_plot_available_for_sale-54636726-8251-2.html,123,Rawalpindi,Bahria Town Phase 8 - Sector F-3,10.0,33.4855018,73.0971219
5 Marla Residential Plots Avalible For Sale In New Lalazar,0.9,"New Lalazar, Rawalpindi",https://www.zameen.com/Property/rawalpindi_new_lalazar_5_marla_residential_plots_avalible_for_sale_in_new_lalazar-54636049-8336-2.html,123,Rawalpindi,New Lalazar,5.0,33.5588558,73.067793
5 Marla Back Open Plot For Sale,0.68,"Bahria Town Phase 8 - Block M, Bahria Town Phase 8",https://www.zameen.com/Property/bahria_town_phase_8_bahria_town_phase_8_-_block_m_5_marla_back_open_plot_for_sale-54609305-3062-2.html,123,Rawalpindi,Bahria Town Phase 8 - Block M,5.0,33.4862,73.0874
5 Marla Plots on 2 Years Installment Qurtaba City,0.3,"Qurtaba City, Lahore Islamabad Motorway",https://www.zameen.com/Property/lahore_islamabad_motorway_qurtaba_city_5_marla_plots_on_2_years_installment_qurtaba_city-54487398-1475-2.html,123,Rawalpindi,Qurtaba City,5.0,33.3379846,72.7666462
plot for sale,1.17,"Punjab Government Servant Housing Foundation (PGSHF), Rawalpindi",https://www.zameen.com/Property/rawalpindi_punjab_government_servant_housing_foundation_pgshf_plot_for_sale-54498241-10424-2.html,123,Rawalpindi,Punjab Government Servant Housing Foundation (PGSHF),20.0,33.4542,72.9515
5 Marla Ready-To-Construct Plot Available For Sale Sector I,0.65,"Bahria Town Phase 8 - Block I, Bahria Town Phase 8",https://www.zameen.com/Property/bahria_town_phase_8_bahria_town_phase_8_-_block_i_5_marla_ready-to-construct_plot_available_for_sale_sector_i-54357499-3057-2.html,123,Rawalpindi,Bahria Town Phase 8 - Block I,5.0,33.4862,73.0874
Rose Garden 5 Marla Plot Available For Sale,0.4,"Rose Garden, Bahria Town Phase 8",https://www.zameen.com/Property/bahria_town_phase_8_rose_garden_rose_garden_5_marla_plot_available_for_sale-54424866-12363-2.html,123,Rawalpindi,Rose Garden,5.0,33.5874801,73.0857514
"1 Kanal Residential Plot Available For Sale Sector F4, Bahria Town Rawalpindi Phase 8",0.85,"Bahria Town Phase 8 - Sector F-4, Bahria Town Phase 8",https://www.zameen.com/Property/bahria_town_phase_8_bahria_town_phase_8_-_sector_f-4_1_kanal_residential_plot_available_for_sale_sector_f4_bahria_town_rawalpindi_phase_8-54531903-8252-2.html,123,Rawalpindi,Bahria Town Phase 8 - Sector F-4,20.0,33.4855018,73.0971219
Phase 7 Plot#268 18 Marla 3 Side Corner Near To Globe Chowk,3.1,"Bahria Town Phase 7, Bahria Town Rawalpindi",https://www.zameen.com/Property/bahria_town_rawalpindi_bahria_town_phase_7_phase_7_plot_268_18_marla_3_side_corner_near_to_globe_chowk-54425888-3047-2.html,123,Rawalpindi,Bahria Town Phase 7,18.0,33.5701202,73.1163357
Phase 7 Plot#1038 corner 1kanal with all charges paid,3.0,"Bahria Town Phase 7, Bahria Town Rawalpindi",https://www.zameen.com/Property/bahria_town_rawalpindi_bahria_town_phase_7_phase_7_plot_1038_corner_1kanal_with_all_charges_paid-54425975-3047-2.html,123,Rawalpindi,Bahria Town Phase 7,20.0,33.5701202,73.1163357
Phase 8 Sector A Plot#120 Corner Kanal With 14.5mara Extralnd Paid,3.65,"Bahria Town Phase 8 - Block A, Bahria Town Phase 8",https://www.zameen.com/Property/bahria_town_phase_8_bahria_town_phase_8_-_block_a_phase_8_sector_a_plot_120_corner_kanal_with_14_5mara_extralnd_paid-54426003-3049-2.html,123,Rawalpindi,Bahria Town Phase 8 - Block A,34.0,33.4862,73.0874
E1 PlotA#76 Boulevard Road 2 Size 10marla Phase 8 Bahria Town Rawalpindi,1.25,"Bahria Town Phase 8 - Sector E-1, Bahria Town Phase 8",https://www.zameen.com/Property/bahria_town_phase_8_bahria_town_phase_8_-_sector_e-1_e1_plota_76_boulevard_road_2_size_10marla_phase_8_bahria_town_rawalpindi-54596437-8360-2.html,123,Rawalpindi,Bahria Town Phase 8 - Sector E-1,10.0,33.4855018,73.0971219
Rafi Block Phase 8 Plot#540 All Charges Paid Ready For Construction,0.75,"Bahria Town Phase 8 - Rafi Block, Bahria Town Phase 8",https://www.zameen.com/Property/bahria_town_phase_8_bahria_town_phase_8_-_rafi_block_rafi_block_phase_8_plot_540_all_charges_paid_ready_for_construction-54598264-3071-2.html,123,Rawalpindi,Bahria Town Phase 8 - Rafi Block,5.0,33.4862,73.0874
Bahria Greens (Overseas Sector) 5 Plot#119 With 5.5marla Extraland Plot For Sale,2.9,"Bahria Greens - Overseas Enclave - Sector 5, Bahria Greens - Overseas Enclave",https://www.zameen.com/Property/bahria_greens_overseas_enclave_bahria_greens_-_overseas_enclave_-_sector_5_bahria_greens_overseas_sector_5_plot_119_with_5_5marla_extraland_plot_for_sale-54598314-8304-2.html,123,Rawalpindi,Bahria Greens - Overseas Enclave - Sector 5,20.0,33.4735,73.091
Plot#1546 Phase 7 Bahria Town Rawalpindi Size 10marla,1.8,"Bahria Town Phase 7, Bahria Town Rawalpindi",https://www.zameen.com/Property/bahria_town_rawalpindi_bahria_town_phase_7_plot_1546_phase_7_bahria_town_rawalpindi_size_10marla-54598284-3047-2.html,123,Rawalpindi,Bahria Town Phase 7,10.0,33.5701202,73.1163357
5 Marla Fresh Booking Possession Able Plots,0.9,"Taj Residencia - Lily Block, Taj Residencia",https://www.zameen.com/Property/taj_residencia_taj_residencia_-_lily_block_5_marla_fresh_booking_possession_able_plots-53303236-18996-2.html,123,Rawalpindi,Taj Residencia - Lily Block,5.0,33.5855,72.9348
2 Kanal Plot For Sale In Zinnia Block - Taj Residencia,3.5,"Taj Residencia - Zinnia Block, Taj Residencia",https://www.zameen.com/Property/taj_residencia_taj_residencia_-_zinnia_block_2_kanal_plot_for_sale_in_zinnia_block_-_taj_residencia-53327436-19001-2.html,123,Rawalpindi,Taj Residencia - Zinnia Block,40.0,33.5855,72.9348
5 Marla Prime Location Plot For Sale,0.82,"Taj Residencia - Gardenia Block, Taj Residencia",https://www.zameen.com/Property/taj_residencia_taj_residencia_-_gardenia_block_5_marla_prime_location_plot_for_sale-53526968-18992-2.html,123,Rawalpindi,Taj Residencia - Gardenia Block,5.0,33.5855,72.9348
10 Marla Prime Location Plots For Sale In Rose Block Taj Residencia,1.1,"Taj Residencia - Rose Block, Taj Residencia",https://www.zameen.com/Property/taj_residencia_taj_residencia_-_rose_block_10_marla_prime_location_plots_for_sale_in_rose_block_taj_residencia-53526985-18999-2.html,124,Rawalpindi,Taj Residencia - Rose Block,10.0,33.5855,72.9348
One Kanal Plot Ready For Construction,1.5,"Bahria Town Phase 8 - Club City, Bahria Town Phase 8",https://www.zameen.com/Property/bahria_town_phase_8_bahria_town_phase_8_-_club_city_one_kanal_plot_ready_for_construction-54447773-12591-2.html,124,Rawalpindi,Bahria Town Phase 8 - Club City,20.0,33.4862,73.0874
Get In Touch Now To Buy A Corner Residential Plot In Bahria Town Phase 8 - Block C Rawalpindi,1.15,"Bahria Town Phase 8 - Block C, Bahria Town Phase 8",https://www.zameen.com/Property/bahria_town_phase_8_bahria_town_phase_8_-_block_c_get_in_touch_now_to_buy_a_corner_residential_plot_in_bahria_town_phase_8_-_block_c_rawalpindi-53931922-3051-2.html,124,Rawalpindi,Bahria Town Phase 8 - Block C,10.0,33.4862,73.0874
1 Kanal Corner Prime Location Plot Near Lake,1.5,"Punjab Government Servant Housing Foundation (PGSHF), Rawalpindi",https://www.zameen.com/Property/rawalpindi_punjab_government_servant_housing_foundation_pgshf_1_kanal_corner_prime_location_plot_near_lake-54385771-10424-2.html,124,Rawalpindi,Punjab Government Servant Housing Foundation (PGSHF),20.0,33.4542,72.9515
To Sale You Can Find Spacious Residential Plot In Bahria Town Phase 8 - Ali Block,0.8,"Bahria Town Phase 8 - Ali Block, Bahria Town Phase 8 - Safari Valley",https://www.zameen.com/Property/bahria_town_phase_8_safari_valley_bahria_town_phase_8_-_ali_block_to_sale_you_can_find_spacious_residential_plot_in_bahria_town_phase_8_-_ali_block-53412580-3070-2.html,124,Rawalpindi,Bahria Town Phase 8 - Ali Block,7.0,33.4862,73.0874
Main Double Road Residential Plot For Sale In Bahria Town Phase 7,3.75,"Bahria Town Phase 7, Bahria Town Rawalpindi",https://www.zameen.com/Property/bahria_town_rawalpindi_bahria_town_phase_7_main_double_road_residential_plot_for_sale_in_bahria_town_phase_7-53442270-3047-2.html,124,Rawalpindi,Bahria Town Phase 7,20.0,33.5701202,73.1163357
Get Your Hands On Residential Plot In Rawalpindi Best Area,1.18,"Bahria Town Phase 8 - Block C, Bahria Town Phase 8",https://www.zameen.com/Property/bahria_town_phase_8_bahria_town_phase_8_-_block_c_get_your_hands_on_residential_plot_in_rawalpindi_best_area-53568621-3051-2.html,124,Rawalpindi,Bahria Town Phase 8 - Block C,10.0,33.4862,73.0874
10 Marla Plot Phase 7 Bahria Town,1.5,"Bahria Town Phase 7, Bahria Town Rawalpindi",https://www.zameen.com/Property/bahria_town_rawalpindi_bahria_town_phase_7_10_marla_plot_phase_7_bahria_town-53765671-3047-2.html,124,Rawalpindi,Bahria Town Phase 7,10.0,33.5701202,73.1163357
10 Marla Possession Ready To Construction Highted Location Plot Available For Sale On Investor Price In Taj Residencia Orchard Block,1.35,"Taj Residencia - Orchard Block, Taj Residencia",https://www.zameen.com/Property/taj_residencia_taj_residencia_-_orchard_block_10_marla_possession_ready_to_construction_highted_location_plot_available_for_sale_on_investor_price_in_taj_residencia_orchard_block-54627171-18998-2.html,124,Rawalpindi,Taj Residencia - Orchard Block,10.0,33.5855,72.9348
Get In Touch Now To Buy A 10 Marla Residential Plot In Rawalpindi,1.6,"Bahria Greens - Overseas Enclave - Sector 3, Bahria Greens - Overseas Enclave",https://www.zameen.com/Property/bahria_greens_overseas_enclave_bahria_greens_-_overseas_enclave_-_sector_3_get_in_touch_now_to_buy_a_10_marla_residential_plot_in_rawalpindi-54626843-8302-2.html,124,Rawalpindi,Bahria Greens - Overseas Enclave - Sector 3,10.0,33.4735,73.091
Plot 7 Marla,0.75,"Punjab Government Servant Housing Foundation (PGSHF), Rawalpindi",https://www.zameen.com/Property/rawalpindi_punjab_government_servant_housing_foundation_pgshf_plot_7_marla-54625605-10424-2.html,124,Rawalpindi,Punjab Government Servant Housing Foundation (PGSHF),7.0,33.4542,72.9515
10 Marla Residential Plot In Beautiful Location Of Punjab Government Servant Housing Foundation (PGSHF) In Punjab Government Servant Housing Foundation (PGSHF),0.78,"Punjab Government Servant Housing Foundation (PGSHF), Rawalpindi",https://www.zameen.com/Property/rawalpindi_punjab_government_servant_housing_foundation_pgshf_10_marla_residential_plot_in_beautiful_location_of_punjab_government_servant_housing_foundation_pgshf_in_punjab_government_servant_housing_foundation_pgshf-54625606-10424-2.html,124,Rawalpindi,Punjab Government Servant Housing Foundation (PGSHF),10.0,33.4542,72.9515
Stunning Residential Plot Is Available For sale In Punjab Government Servant Housing Foundation (PGSHF),0.76,"Punjab Government Servant Housing Foundation (PGSHF), Rawalpindi",https://www.zameen.com/Property/rawalpindi_punjab_government_servant_housing_foundation_pgshf_stunning_residential_plot_is_available_for_sale_in_punjab_government_servant_housing_foundation_pgshf-54617925-10424-2.html,124,Rawalpindi,Punjab Government Servant Housing Foundation (PGSHF),8.0,33.4542,72.9515
5 Marla Residential Plot In Bahria Town Phase 8 - Block M Best Option,0.75,"Bahria Town Phase 8 - Block M, Bahria Town Phase 8",https://www.zameen.com/Property/bahria_town_phase_8_bahria_town_phase_8_-_block_m_5_marla_residential_plot_in_bahria_town_phase_8_-_block_m_best_option-53556174-3062-2.html,124,Rawalpindi,Bahria Town Phase 8 - Block M,5.0,33.4862,73.0874
Residential Plot 10 Marla For Sale In Bahria Town Phase 8 - Block H,1.4,"Bahria Town Phase 8 - Block H, Bahria Town Phase 8",https://www.zameen.com/Property/bahria_town_phase_8_bahria_town_phase_8_-_block_h_residential_plot_10_marla_for_sale_in_bahria_town_phase_8_-_block_h-53556163-3056-2.html,124,Rawalpindi,Bahria Town Phase 8 - Block H,10.0,33.4862,73.0874
7 Marla Prime Location Plot For Sale,0.9,"Punjab Government Servant Housing Foundation (PGSHF), Rawalpindi",https://www.zameen.com/Property/rawalpindi_punjab_government_servant_housing_foundation_pgshf_7_marla_prime_location_plot_for_sale-54622336-10424-2.html,124,Rawalpindi,Punjab Government Servant Housing Foundation (PGSHF),7.0,33.4542,72.9515
5 Marla Corner Plot For Sale,0.72,"Punjab Government Servant Housing Foundation (PGSHF), Rawalpindi",https://www.zameen.com/Property/rawalpindi_punjab_government_servant_housing_foundation_pgshf_5_marla_corner_plot_for_sale-54622321-10424-2.html,124,Rawalpindi,Punjab Government Servant Housing Foundation (PGSHF),5.0,33.4542,72.9515
"10 Marla Residential Plot For Sale Gardenia Block, Taj Residencia, Islamabad.",1.45,"Taj Residencia - Gardenia Block, Taj Residencia",https://www.zameen.com/Property/taj_residencia_taj_residencia_-_gardenia_block_10_marla_residential_plot_for_sale_gardenia_block_taj_residencia_islamabad-54621239-18992-2.html,125,Rawalpindi,Taj Residencia - Gardenia Block,10.0,33.5855,72.9348
Plot For Sale In Bahria Town Phase 8 Sector P,1.5,"Bahria Town Phase 8 - Block P, Bahria Town Phase 8",https://www.zameen.com/Property/bahria_town_phase_8_bahria_town_phase_8_-_block_p_plot_for_sale_in_bahria_town_phase_8_sector_p-54605296-3065-2.html,125,Rawalpindi,Bahria Town Phase 8 - Block P,20.0,33.4862,73.0874
"Prime Investment: 5 Marla Solid Land | Ali Block, Bahria Town Phase 8",0.72,"Bahria Town Phase 8 - Ali Block, Bahria Town Phase 8 - Safari Valley",https://www.zameen.com/Property/bahria_town_phase_8_safari_valley_bahria_town_phase_8_-_ali_block_prime_investment_5_marla_solid_land_ali_block_bahria_town_phase_8-54131721-3070-2.html,125,Rawalpindi,Bahria Town Phase 8 - Ali Block,5.0,33.4862,73.0874
Best Price Plot in Bahria Town Limited Time Offer,1.0,"Bahria Town Phase 8, Bahria Town Rawalpindi",https://www.zameen.com/Property/bahria_town_rawalpindi_bahria_town_phase_8_best_price_plot_in_bahria_town_limited_time_offer-54162530-3048-2.html,125,Rawalpindi,Bahria Town Phase 8,10.0,33.5012685,73.0872635
Luxzary 10 Marla Plot For Sale In Ayub colony Chakala Scheme 3 Rawalpindi,2.2,"Chaklala Scheme 3, Chaklala Scheme",https://www.zameen.com/Property/chaklala_scheme_chaklala_scheme_3_luxzary_10_marla_plot_for_sale_in_ayub_colony_chakala_scheme_3_rawalpindi-54268533-1312-2.html,125,Rawalpindi,Chaklala Scheme 3,10.0,33.5695006,73.0667911
10 Marla Plot Available For Sale,0.8,"Gulshan Abad, Rawalpindi",https://www.zameen.com/Property/rawalpindi_gulshan_abad_10_marla_plot_available_for_sale-54543501-1058-2.html,125,Rawalpindi,Gulshan Abad,10.0,33.6603777,73.0830223
PLOT FOR SALE-ALL DUES CLEARED- INVESTOR RATE,0.9,"Bahria Town Phase 8 - Block L, Bahria Town Phase 8",https://www.zameen.com/Property/bahria_town_phase_8_bahria_town_phase_8_-_block_l_plot_for_sale-all_dues_cleared-_investor_rate-54400065-3061-2.html,125,Rawalpindi,Bahria Town Phase 8 - Block L,10.0,33.4862,73.0874
Usman D Boulevard Safari Valley D Block,2.4,"Bahria Town Phase 8 - Usman D Block, Bahria Town Phase 8 - Safari Valley",https://www.zameen.com/Property/bahria_town_phase_8_safari_valley_bahria_town_phase_8_-_usman_d_block_usman_d_boulevard_safari_valley_d_block-54179038-12179-2.html,125,Rawalpindi,Bahria Town Phase 8 - Usman D Block,20.0,33.4862,73.0874
10 Marla Plot For Sale In Phase 3 Bahria Town Rawalpindi,2.64,"Bahria Town Phase 3, Bahria Town Rawalpindi",https://www.zameen.com/Property/bahria_town_rawalpindi_bahria_town_phase_3_10_marla_plot_for_sale_in_phase_3_bahria_town_rawalpindi-54463522-3036-2.html,125,Rawalpindi,Bahria Town Phase 3,10.0,33.5701202,73.1163357
12 Marla Plot for Sale Sector F3 | Bahria Town Phase 8,0.67,"Bahria Town Phase 8 - Sector F-3, Bahria Town Phase 8",https://www.zameen.com/Property/bahria_town_phase_8_bahria_town_phase_8_-_sector_f-3_12_marla_plot_for_sale_sector_f3_bahria_town_phase_8-53428850-8251-2.html,125,Rawalpindi,Bahria Town Phase 8 - Sector F-3,12.0,33.4855018,73.0971219
5 Marla Plot For Sale In Lalazar Sair Zaman Lane No 3,0.99,"Lalazar, Rawalpindi",https://www.zameen.com/Property/rawalpindi_lalazar_5_marla_plot_for_sale_in_lalazar_sair_zaman_lane_no_3-53458114-576-2.html,126,Rawalpindi,Lalazar,5.0,33.5683596,73.0550925
10 Marla Prime Plot Sirf 65 Lac | Area Ki Sab Se Kam Qeemat,0.6,"Bahria Town Phase 8, Bahria Town Rawalpindi",https://www.zameen.com/Property/bahria_town_rawalpindi_bahria_town_phase_8_10_marla_prime_plot_sirf_65_lac_area_ki_sab_se_kam_qeemat-53552210-3048-2.html,126,Rawalpindi,Bahria Town Phase 8,10.0,33.5012685,73.0872635
"Ideal 10 Marla Residential Plot Has Landed On Market In Bahria Town Phase 8 - Block E, Rawalpindi",1.2,"Bahria Town Phase 8 - Block E, Bahria Town Phase 8",https://www.zameen.com/Property/bahria_town_phase_8_bahria_town_phase_8_-_block_e_ideal_10_marla_residential_plot_has_landed_on_market_in_bahria_town_phase_8_-_block_e_rawalpindi-53556159-3053-2.html,126,Rawalpindi,Bahria Town Phase 8 - Block E,10.0,33.4862,73.0874
10 Marla Plot For Sale In Overseas 3 Prime Location | Ready Investment Opportunity,1.8,"Bahria Greens - Overseas Enclave - Sector 3, Bahria Greens - Overseas Enclave",https://www.zameen.com/Property/bahria_greens_overseas_enclave_bahria_greens_-_overseas_enclave_-_sector_3_10_marla_plot_for_sale_in_overseas_3_prime_location_ready_investment_opportunity-53556161-8302-2.html,126,Rawalpindi,Bahria Greens - Overseas Enclave - Sector 3,10.0,33.4735,73.091
Bahria Greens - Overseas Enclave - Sector 5 Residential Plot Sized 10 Marla For Sale,1.65,"Bahria Greens - Overseas Enclave - Sector 5, Bahria Greens - Overseas Enclave",https://www.zameen.com/Property/bahria_greens_overseas_enclave_bahria_greens_-_overseas_enclave_-_sector_5_bahria_greens_-_overseas_enclave_-_sector_5_residential_plot_sized_10_marla_for_sale-53556162-8304-2.html,126,Rawalpindi,Bahria Greens - Overseas Enclave - Sector 5,10.0,33.4735,73.091
Gorgeous 7 Marla Boulevard Residential Plot For Sale Available In Bahria Town Phase 8 - Usman Block,0.98,"Bahria Town Phase 8 - Usman Block, Bahria Town Phase 8 - Safari Valley",https://www.zameen.com/Property/bahria_town_phase_8_safari_valley_bahria_town_phase_8_-_usman_block_gorgeous_7_marla_boulevard_residential_plot_for_sale_available_in_bahria_town_phase_8_-_usman_block-53556166-3068-2.html,126,Rawalpindi,Bahria Town Phase 8 - Usman Block,7.0,33.4848621,73.096708
1 Kanal Develop Plot For Sale In Bahria Town Phase 8 Ready For Construction All Dues Clear,1.2,"Bahria Town Phase 8, Bahria Town Rawalpindi",https://www.zameen.com/Property/bahria_town_rawalpindi_bahria_town_phase_8_1_kanal_develop_plot_for_sale_in_bahria_town_phase_8_ready_for_construction_all_dues_clear-53556170-3048-2.html,126,Rawalpindi,Bahria Town Phase 8,20.0,33.5012685,73.0872635
Ideal Location 10 Marla Plot in Bahria Town Phase 8,1.25,"Bahria Town Phase 8 - Sector F-1, Bahria Town Phase 8",https://www.zameen.com/Property/bahria_town_phase_8_bahria_town_phase_8_-_sector_f-1_ideal_location_10_marla_plot_in_bahria_town_phase_8-54606357-3095-2.html,126,Rawalpindi,Bahria Town Phase 8 - Sector F-1,10.0,33.4855018,73.0971219
Exceptional 10 Marla Height Plot | Block C (#1127-H) All Utilities & Possession Paid,1.3,"Bahria Town Phase 8 - Block C, Bahria Town Phase 8",https://www.zameen.com/Property/bahria_town_phase_8_bahria_town_phase_8_-_block_c_exceptional_10_marla_height_plot_block_c_1127-h_all_utilities_possession_paid-54606198-3051-2.html,126,Rawalpindi,Bahria Town Phase 8 - Block C,10.0,33.4862,73.0874
Bahria Town Phase 8 Rawalpindi Sector M Block Plot 676 For Sale,0.77,"Bahria Town Phase 8 - Block M, Bahria Town Phase 8",https://www.zameen.com/Property/bahria_town_phase_8_bahria_town_phase_8_-_block_m_bahria_town_phase_8_rawalpindi_sector_m_block_plot_676_for_sale-54430535-3062-2.html,126,Rawalpindi,Bahria Town Phase 8 - Block M,5.0,33.4862,73.0874
Bahria Town Phase 8 Rawalpindi Sector J For Sale 10 Marla Plot,0.77,"Bahria Town Phase 8 - Block J, Bahria Town Phase 8",https://www.zameen.com/Property/bahria_town_phase_8_bahria_town_phase_8_-_block_j_bahria_town_phase_8_rawalpindi_sector_j_for_sale_10_marla_plot-54430605-3058-2.html,126,Rawalpindi,Bahria Town Phase 8 - Block J,10.0,33.4862,73.0874
1 Kanal Plot Very Near to Main boulevard Highted Area,1.2,"Punjab Government Servant Housing Foundation (PGSHF), Rawalpindi",https://www.zameen.com/Property/rawalpindi_punjab_government_servant_housing_foundation_pgshf_1_kanal_plot_very_near_to_main_boulevard_highted_area-54512678-10424-2.html,126,Rawalpindi,Punjab Government Servant Housing Foundation (PGSHF),20.0,33.4542,72.9515
20 Marla Plot Main Bulevard'S Back Highted Area,1.35,"Punjab Government Servant Housing Foundation (PGSHF), Rawalpindi",https://www.zameen.com/Property/rawalpindi_punjab_government_servant_housing_foundation_pgshf_20_marla_plot_main_bulevard_s_back_highted_area-54326694-10424-2.html,126,Rawalpindi,Punjab Government Servant Housing Foundation (PGSHF),20.0,33.4542,72.9515
10 Marla Packed Plot On Highted Area Available For Sale,0.83,"Punjab Government Servant Housing Foundation (PGSHF), Rawalpindi",https://www.zameen.com/Property/rawalpindi_punjab_government_servant_housing_foundation_pgshf_10_marla_packed_plot_on_highted_area_available_for_sale-54549333-10424-2.html,126,Rawalpindi,Punjab Government Servant Housing Foundation (PGSHF),10.0,33.4542,72.9515
10 Marla Residential Plot Is Available In Affordable Price In Saffron City,0.82,"Saffron City, GT Road",https://www.zameen.com/Property/gt_road_saffron_city_10_marla_residential_plot_is_available_in_affordable_price_in_saffron_city-54591732-21050-2.html,126,Rawalpindi,Saffron City,10.0,33.6520202,73.076983
Buying A Residential Plot In Saffron City?,1.55,"Saffron City, GT Road",https://www.zameen.com/Property/gt_road_saffron_city_buying_a_residential_plot_in_saffron_city-54591733-21050-2.html,126,Rawalpindi,Saffron City,20.0,33.6520202,73.076983
Overeses 3 10 Marla Plot For Sale With Extra Land Back Open,1.65,"Bahria Greens - Overseas Enclave - Sector 3, Bahria Greens - Overseas Enclave",https://www.zameen.com/Property/bahria_greens_overseas_enclave_bahria_greens_-_overseas_enclave_-_sector_3_overeses_3_10_marla_plot_for_sale_with_extra_land_back_open-49731694-8302-2.html,126,Rawalpindi,Bahria Greens - Overseas Enclave - Sector 3,12.0,33.4735,73.091
5 Marla Marla Plots For Sale In Caltex Road Gated Community. 25*50,1.0,"Caltex Road, Rawalpindi",https://www.zameen.com/Property/rawalpindi_caltex_road_5_marla_marla_plots_for_sale_in_caltex_road_gated_community_25_50-51951815-9457-2.html,126,Rawalpindi,Caltex Road,5.0,33.5485822,73.0735232
11.5 Marla 272 Plot For Sale In Rose Lane. 100 Meter Near Main GT Road Near Ayub Park,2.3,"New Lalazar, Rawalpindi",https://www.zameen.com/Property/rawalpindi_new_lalazar_11_5_marla_272_plot_for_sale_in_rose_lane_100_meter_near_main_gt_road_near_ayub_park-52224172-8336-2.html,126,Rawalpindi,New Lalazar,11.0,33.5588558,73.067793
10 Marla Plot For Sale In New Lalazar,2.35,"New Lalazar, Rawalpindi",https://www.zameen.com/Property/rawalpindi_new_lalazar_10_marla_plot_for_sale_in_new_lalazar-52803473-8336-2.html,126,Rawalpindi,New Lalazar,10.0,33.5588558,73.067793
10 Marla Plot For Sale In Bahria Town Phase 8- Block L,0.88,"Bahria Town Phase 8 - Block L, Bahria Town Phase 8",https://www.zameen.com/Property/bahria_town_phase_8_bahria_town_phase_8_-_block_l_10_marla_plot_for_sale_in_bahria_town_phase_8-_block_l-54509737-3061-2.html,126,Rawalpindi,Bahria Town Phase 8 - Block L,10.0,33.4862,73.0874
1 Kanal Plot For Sale In Bahria Town Phase 7,3.3,"Bahria Town Phase 7, Bahria Town Rawalpindi",https://www.zameen.com/Property/bahria_town_rawalpindi_bahria_town_phase_7_1_kanal_plot_for_sale_in_bahria_town_phase_7-54542701-3047-2.html,126,Rawalpindi,Bahria Town Phase 7,20.0,33.5701202,73.1163357
E Plot Available For Sale,1.4,"Bahria Town Phase 8 - Block E, Bahria Town Phase 8",https://www.zameen.com/Property/bahria_town_phase_8_bahria_town_phase_8_-_block_e_e_plot_available_for_sale-54597710-3053-2.html,127,Rawalpindi,Bahria Town Phase 8 - Block E,10.0,33.4862,73.0874
Investor Price Sector M 5 Marla Plot Solid Land 100% All Paid,0.8,"Bahria Town Phase 8 - Block M, Bahria Town Phase 8",https://www.zameen.com/Property/bahria_town_phase_8_bahria_town_phase_8_-_block_m_investor_price_sector_m_5_marla_plot_solid_land_100_all_paid-53730641-3062-2.html,127,Rawalpindi,Bahria Town Phase 8 - Block M,5.0,33.4862,73.0874
1 Kanal Plot On Ideal Location Of Overseas 5 For Sale,3.0,"Bahria Greens - Overseas Enclave - Sector 5, Bahria Greens - Overseas Enclave",https://www.zameen.com/Property/bahria_greens_overseas_enclave_bahria_greens_-_overseas_enclave_-_sector_5_1_kanal_plot_on_ideal_location_of_overseas_5_for_sale-54592680-8304-2.html,127,Rawalpindi,Bahria Greens - Overseas Enclave - Sector 5,20.0,33.4735,73.091
10 Marla Residential Plot For Sale Bahria Phase 8 Sector B,1.4,"Bahria Town Phase 8 - Block B, Bahria Town Phase 8",https://www.zameen.com/Property/bahria_town_phase_8_bahria_town_phase_8_-_block_b_10_marla_residential_plot_for_sale_bahria_phase_8_sector_b-54591199-3050-2.html,127,Rawalpindi,Bahria Town Phase 8 - Block B,10.0,33.4848621,73.096708
20 MARLA BEST LOCATION PLOT LEVEL LAND FOR SALE,0.9,"Bahria Town Phase 8 - Bahria Orchard, Bahria Town Phase 8",https://www.zameen.com/Property/bahria_town_phase_8_bahria_town_phase_8_-_bahria_orchard_20_marla_best_location_plot_level_land_for_sale-53914139-9584-2.html,127,Rawalpindi,Bahria Town Phase 8 - Bahria Orchard,20.0,33.4862,73.0874
PRIME LOCATION SOLID LAND PLOT FOR SALE,0.8,"Bahria Town Phase 8 - Block J, Bahria Town Phase 8",https://www.zameen.com/Property/bahria_town_phase_8_bahria_town_phase_8_-_block_j_prime_location_solid_land_plot_for_sale-54122098-3058-2.html,127,Rawalpindi,Bahria Town Phase 8 - Block J,8.0,33.4862,73.0874
NEAR TO MAIN ROAD 10 MARLA PLOT FOR SALE,1.18,"Bahria Town Phase 8 - Block E, Bahria Town Phase 8",https://www.zameen.com/Property/bahria_town_phase_8_bahria_town_phase_8_-_block_e_near_to_main_road_10_marla_plot_for_sale-54145775-3053-2.html,127,Rawalpindi,Bahria Town Phase 8 - Block E,10.0,33.4862,73.0874
Abubakar Block 7 Marla Plot For Sale,0.92,"Bahria Town Phase 8 - Abu Bakar Block, Bahria Town Phase 8 - Safari Valley",https://www.zameen.com/Property/bahria_town_phase_8_safari_valley_bahria_town_phase_8_-_abu_bakar_block_abubakar_block_7_marla_plot_for_sale-54350428-3069-2.html,127,Rawalpindi,Bahria Town Phase 8 - Abu Bakar Block,7.0,33.4862,73.0874
NEAR MAIN ROAD LEVEL PLOT FOR SALE,0.85,"Bahria Town Phase 8 - Block M, Bahria Town Phase 8",https://www.zameen.com/Property/bahria_town_phase_8_bahria_town_phase_8_-_block_m_near_main_road_level_plot_for_sale-54472458-3062-2.html,127,Rawalpindi,Bahria Town Phase 8 - Block M,5.0,33.4862,73.0874
Saffron City RDA Approved,0.34,"Saffron City, GT Road",https://www.zameen.com/Property/gt_road_saffron_city_saffron_city_rda_approved-54519289-21050-2.html,127,Rawalpindi,Saffron City,5.0,33.6520202,73.076983
Saffron City,0.35,"Saffron City, GT Road",https://www.zameen.com/Property/gt_road_saffron_city_saffron_city-54519327-21050-2.html,127,Rawalpindi,Saffron City,5.0,33.6520202,73.076983
6 Marla Plot For Sale,0.28,"Samarzar Housing Society, Rawalpindi",https://www.zameen.com/Property/rawalpindi_samarzar_housing_society_6_marla_plot_for_sale-54589080-9179-2.html,127,Rawalpindi,Samarzar Housing Society,6.0,33.5262396,73.0484983
10 Marla Beautiful Plot In Overseas Sector 5,1.75,"Bahria Greens - Overseas Enclave - Sector 5, Bahria Greens - Overseas Enclave",https://www.zameen.com/Property/bahria_greens_overseas_enclave_bahria_greens_-_overseas_enclave_-_sector_5_10_marla_beautiful_plot_in_overseas_sector_5-54516374-8304-2.html,127,Rawalpindi,Bahria Greens - Overseas Enclave - Sector 5,10.0,33.4735,73.091
Aesthetic Corner Residential Plot Of 7 Marla For sale Is Available,0.96,"Bahria Town Phase 8 - Ali Block, Bahria Town Phase 8 - Safari Valley",https://www.zameen.com/Property/bahria_town_phase_8_safari_valley_bahria_town_phase_8_-_ali_block_aesthetic_corner_residential_plot_of_7_marla_for_sale_is_available-54322135-3070-2.html,127,Rawalpindi,Bahria Town Phase 8 - Ali Block,7.0,33.4862,73.0874
6.6 Marla Residential Plot Ghauri Town Phase 8,0.32,"Ghauri Town, Rawalpindi",https://www.zameen.com/Property/rawalpindi_ghauri_town_6_6_marla_residential_plot_ghauri_town_phase_8-54567802-1339-2.html,127,Rawalpindi,Ghauri Town,6.6,33.8022151,72.7501235
"7 Marla Residential Plot For Sale UpCountry Enclosures, Block F",0.5,"UpCountry Enclosures Society - Block F, UpCountry Enclosures Housing Society",https://www.zameen.com/Property/upcountry_enclosures_housing_society_upcountry_enclosures_society_-_block_f_7_marla_residential_plot_for_sale_upcountry_enclosures_block_f-54537829-16295-2.html,127,Rawalpindi,UpCountry Enclosures Society - Block F,7.0,33.5412,72.8845
I Block 10 Marla Plot With Extra Land,1.3,"Bahria Town Phase 8 - Block I, Bahria Town Phase 8",https://www.zameen.com/Property/bahria_town_phase_8_bahria_town_phase_8_-_block_i_i_block_10_marla_plot_with_extra_land-54303446-3057-2.html,127,Rawalpindi,Bahria Town Phase 8 - Block I,10.0,33.4862,73.0874
10 Marla Top Heighted Solid Land Plot For Sale,2.0,"Bahria Greens - Overseas Enclave - Sector 7, Bahria Greens - Overseas Enclave",https://www.zameen.com/Property/bahria_greens_overseas_enclave_bahria_greens_-_overseas_enclave_-_sector_7_10_marla_top_heighted_solid_land_plot_for_sale-54205462-8306-2.html,127,Rawalpindi,Bahria Greens - Overseas Enclave - Sector 7,10.0,33.4735,73.091
"Boulevard Plot With Extra 3 Marla, Sec I , Plot 1221",1.05,"Bahria Town Phase 8, Bahria Town Rawalpindi",https://www.zameen.com/Property/bahria_town_rawalpindi_bahria_town_phase_8_boulevard_plot_with_extra_3_marla_sec_i_plot_1221-54584712-3048-2.html,127,Rawalpindi,Bahria Town Phase 8,10.0,33.5012685,73.0872635
E3 5 Marla Plot For Sale,0.75,"Bahria Town Phase 8 - Sector E-1, Bahria Town Phase 8",https://www.zameen.com/Property/bahria_town_phase_8_bahria_town_phase_8_-_sector_e-1_e3_5_marla_plot_for_sale-54581922-8360-2.html,128,Rawalpindi,Bahria Town Phase 8 - Sector E-1,5.0,33.4855018,73.0971219
Prime Location 5 Marla Plot Available For Sale In Upcountry Country Enclosures,0.35,"UpCountry Enclosures Society - Block H, UpCountry Enclosures Housing Society",https://www.zameen.com/Property/upcountry_enclosures_housing_society_upcountry_enclosures_society_-_block_h_prime_location_5_marla_plot_available_for_sale_in_upcountry_country_enclosures-52857253-16297-2.html,128,Rawalpindi,UpCountry Enclosures Society - Block H,5.0,33.5412,72.8845
Builder Location Plot For Sale,1.15,"Bahria Town Phase 8 - Block H, Bahria Town Phase 8",https://www.zameen.com/Property/bahria_town_phase_8_bahria_town_phase_8_-_block_h_builder_location_plot_for_sale-54437015-3056-2.html,128,Rawalpindi,Bahria Town Phase 8 - Block H,10.0,33.4862,73.0874
8 Marla Fresh Booking Prime Location Plot Available,1.0,"Taj Residencia - Lily Block, Taj Residencia",https://www.zameen.com/Property/taj_residencia_taj_residencia_-_lily_block_8_marla_fresh_booking_prime_location_plot_available-53303306-18996-2.html,128,Rawalpindi,Taj Residencia - Lily Block,8.0,33.5855,72.9348
Very Beautiful Location Near Askari 14 TNT COLONY MORGAH,0.65,"Morgah, Rawalpindi",https://www.zameen.com/Property/rawalpindi_morgah_very_beautiful_location_near_askari_14_tnt_colony_morgah-54477787-1260-2.html,128,Rawalpindi,Morgah,5.0,33.5474362,73.0838121
"5 Marla Plot at Prim Location Sector , M , Phase 8 - Bahria Town Rawalpindi",0.85,"Bahria Town Phase 8 - Block M, Bahria Town Phase 8",https://www.zameen.com/Property/bahria_town_phase_8_bahria_town_phase_8_-_block_m_5_marla_plot_at_prim_location_sector_m_phase_8_-_bahria_town_rawalpindi-54533333-3062-2.html,128,Rawalpindi,Bahria Town Phase 8 - Block M,5.0,33.4862,73.0874
14 Marla Residential Plot Top Highted Location Solid Land,0.95,"Bahria Town Phase 8 - Block L, Bahria Town Phase 8",https://www.zameen.com/Property/bahria_town_phase_8_bahria_town_phase_8_-_block_l_14_marla_residential_plot_top_highted_location_solid_land-54575812-3061-2.html,128,Rawalpindi,Bahria Town Phase 8 - Block L,14.0,33.4862,73.0874
5 Marla Residential Plot For Sale In Samarzar Housing Society,0.21,"Samarzar Housing Society, Rawalpindi",https://www.zameen.com/Property/rawalpindi_samarzar_housing_society_5_marla_residential_plot_for_sale_in_samarzar_housing_society-54214391-9179-2.html,128,Rawalpindi,Samarzar Housing Society,5.0,33.5262396,73.0484983
"Ideal 5 Marla Residential Plot has landed on market in Adiala Road, Adiala Road",0.25,"Adiala Road, Rawalpindi",https://www.zameen.com/Property/rawalpindi_adiala_road_ideal_5_marla_residential_plot_has_landed_on_market_in_adiala_road_adiala_road-53893863-478-2.html,128,Rawalpindi,Adiala Road,5.0,33.5778124,73.0650131
Ideal Prime Location Residential Plot In Rawalpindi Available For Rs. 8300000,0.83,"Bahria Town Phase 8 - Ali Block, Bahria Town Phase 8 - Safari Valley",https://www.zameen.com/Property/bahria_town_phase_8_safari_valley_bahria_town_phase_8_-_ali_block_ideal_prime_location_residential_plot_in_rawalpindi_available_for_rs_8300000-53452249-3070-2.html,128,Rawalpindi,Bahria Town Phase 8 - Ali Block,7.0,33.4862,73.0874
M Block 5 Marla Plot For Sale,0.73,"Bahria Town Phase 8, Bahria Town Rawalpindi",https://www.zameen.com/Property/bahria_town_rawalpindi_bahria_town_phase_8_m_block_5_marla_plot_for_sale-54570739-3048-2.html,128,Rawalpindi,Bahria Town Phase 8,5.0,33.5012685,73.0872635
"10 Marla Boulevard Back Open Plot for Sale I Block, Bahria Town Phase 8, Rawalpindi",1.23,"Bahria Town Phase 8 - Block I, Bahria Town Phase 8",https://www.zameen.com/Property/bahria_town_phase_8_bahria_town_phase_8_-_block_i_10_marla_boulevard_back_open_plot_for_sale_i_block_bahria_town_phase_8_rawalpindi-54482604-3057-2.html,128,Rawalpindi,Bahria Town Phase 8 - Block I,10.0,33.4862,73.0874
10 Marla Plot For Sale In F1 Sector | Bahria Town Phase 8 Rawalpindi | Prime Location | Best Investment Opportunity,1.23,"Bahria Town Phase 8 - Sector F-1, Bahria Town Phase 8",https://www.zameen.com/Property/bahria_town_phase_8_bahria_town_phase_8_-_sector_f-1_10_marla_plot_for_sale_in_f1_sector_bahria_town_phase_8_rawalpindi_prime_location_best_investment_opportunity-54482618-3095-2.html,128,Rawalpindi,Bahria Town Phase 8 - Sector F-1,10.9,33.4855018,73.0971219
Plot No 2375 Level Plot At Investor Rate,0.88,"Bahria Town Phase 8 - Abu Bakar Block, Bahria Town Phase 8 - Safari Valley",https://www.zameen.com/Property/bahria_town_phase_8_safari_valley_bahria_town_phase_8_-_abu_bakar_block_plot_no_2375_level_plot_at_investor_rate-54422658-3069-2.html,128,Rawalpindi,Bahria Town Phase 8 - Abu Bakar Block,7.0,33.4862,73.0874
6 Marla Residential Plot Available For Sale,0.65,"Gulshan Abad, Rawalpindi",https://www.zameen.com/Property/rawalpindi_gulshan_abad_6_marla_residential_plot_available_for_sale-52705878-1058-2.html,128,Rawalpindi,Gulshan Abad,6.0,33.6603777,73.0830223
1 Kanal Residential Plot Available For Sale,2.4,"Gulshan Abad, Rawalpindi",https://www.zameen.com/Property/rawalpindi_gulshan_abad_1_kanal_residential_plot_available_for_sale-52705903-1058-2.html,128,Rawalpindi,Gulshan Abad,20.0,33.6603777,73.0830223
1 Kanal Corner Residential Plot Available For Sale.,2.8,"Gulshan Abad Sector 2, Gulshan Abad",https://www.zameen.com/Property/gulshan_abad_gulshan_abad_sector_2_1_kanal_corner_residential_plot_available_for_sale-52705908-14739-2.html,128,Rawalpindi,Gulshan Abad Sector 2,20.0,33.6536015,73.0795873
10 Marla Residential Plot Available For Sale,1.28,"Gulshan Abad Sector 2, Gulshan Abad",https://www.zameen.com/Property/gulshan_abad_gulshan_abad_sector_2_10_marla_residential_plot_available_for_sale-52705924-14739-2.html,128,Rawalpindi,Gulshan Abad Sector 2,10.0,33.6536015,73.0795873
10 Marla Corner Residential Plot Available For Sale.,1.4,"Gulshan Abad Sector 2, Gulshan Abad",https://www.zameen.com/Property/gulshan_abad_gulshan_abad_sector_2_10_marla_corner_residential_plot_available_for_sale-52705912-14739-2.html,128,Rawalpindi,Gulshan Abad Sector 2,10.0,33.6536015,73.0795873
13 Marla Residential Plot Available For Sale,1.35,"Gulshan Abad Sector 2, Gulshan Abad",https://www.zameen.com/Property/gulshan_abad_gulshan_abad_sector_2_13_marla_residential_plot_available_for_sale-52705951-14739-2.html,128,Rawalpindi,Gulshan Abad Sector 2,13.0,33.6536015,73.0795873
Your Search For Residential Plot In Rawalpindi Ends Here,0.95,"Gulshan Abad Sector 3, Gulshan Abad",https://www.zameen.com/Property/gulshan_abad_gulshan_abad_sector_3_your_search_for_residential_plot_in_rawalpindi_ends_here-43783888-14741-2.html,128,Rawalpindi,Gulshan Abad Sector 3,10.0,33.6536015,73.0795873
Affordable Residential Plot Available For Sale In Gulshan Abad Sector 2,2.25,"Gulshan Abad Sector 2, Gulshan Abad",https://www.zameen.com/Property/gulshan_abad_gulshan_abad_sector_2_affordable_residential_plot_available_for_sale_in_gulshan_abad_sector_2-47276720-14739-2.html,128,Rawalpindi,Gulshan Abad Sector 2,20.0,33.6536015,73.0795873
Prominently-Located Residential Plot Available In Gulshan Abad Sector 3 For Sale,1.0,"Gulshan Abad Sector 3, Gulshan Abad",https://www.zameen.com/Property/gulshan_abad_gulshan_abad_sector_3_prominently-located_residential_plot_available_in_gulshan_abad_sector_3_for_sale-47276745-14741-2.html,128,Rawalpindi,Gulshan Abad Sector 3,10.0,33.6536015,73.0795873
Fair-Priced 10 Marla Residential Plot Available In Gulshan Abad Sector 1,1.5,"Gulshan Abad Sector 1, Gulshan Abad",https://www.zameen.com/Property/gulshan_abad_gulshan_abad_sector_1_fair-priced_10_marla_residential_plot_available_in_gulshan_abad_sector_1-47276756-14736-2.html,129,Rawalpindi,Gulshan Abad Sector 1,10.0,33.6536015,73.0795873
Prominently-Located Residential Plot Available In Gulshan Abad Sector 2 For Sale,2.15,"Gulshan Abad Sector 2, Gulshan Abad",https://www.zameen.com/Property/gulshan_abad_gulshan_abad_sector_2_prominently-located_residential_plot_available_in_gulshan_abad_sector_2_for_sale-47276724-14739-2.html,129,Rawalpindi,Gulshan Abad Sector 2,20.0,33.6536015,73.0795873
Buy A 10 Marla Residential Plot For Sale In Gulshan Abad Sector 2,1.1,"Gulshan Abad Sector 2, Gulshan Abad",https://www.zameen.com/Property/gulshan_abad_gulshan_abad_sector_2_buy_a_10_marla_residential_plot_for_sale_in_gulshan_abad_sector_2-47276735-14739-2.html,129,Rawalpindi,Gulshan Abad Sector 2,10.0,33.6536015,73.0795873
Residential Plot Sized 1 Kanal In Gulshan Abad Sector 2,2.15,"Gulshan Abad Sector 2, Gulshan Abad",https://www.zameen.com/Property/gulshan_abad_gulshan_abad_sector_2_residential_plot_sized_1_kanal_in_gulshan_abad_sector_2-47276772-14739-2.html,129,Rawalpindi,Gulshan Abad Sector 2,20.0,33.6536015,73.0795873
Ali Block 7 Marla Plot For Sale Sun Face Solid Land Category Plot,0.85,"Bahria Town Phase 8 - Ali Block, Bahria Town Phase 8 - Safari Valley",https://www.zameen.com/Property/bahria_town_phase_8_safari_valley_bahria_town_phase_8_-_ali_block_ali_block_7_marla_plot_for_sale_sun_face_solid_land_category_plot-48790375-3070-2.html,129,Rawalpindi,Bahria Town Phase 8 - Ali Block,7.0,33.4862,73.0874
Heighted Location Boulevard Corner With Extra Land Back Open 10 Marla Residencial Plot In Overseas Sector 6,1.35,"Bahria Greens - Overseas Enclave - Sector 6, Bahria Greens - Overseas Enclave",https://www.zameen.com/Property/bahria_greens_overseas_enclave_bahria_greens_-_overseas_enclave_-_sector_6_heighted_location_boulevard_corner_with_extra_land_back_open_10_marla_residencial_plot_in_overseas_sector_6-46645086-8305-2.html,129,Rawalpindi,Bahria Greens - Overseas Enclave - Sector 6,12.0,33.4735,73.091
Phase 7 10 Marla Plot For Back Open With Extra Land Level Solid Land Street Corner 2 Marla Extra land A Category   Direct Owner,1.15,"Bahria Town Phase 7, Bahria Town Rawalpindi",https://www.zameen.com/Property/bahria_town_rawalpindi_bahria_town_phase_7_phase_7_10_marla_plot_for_back_open_with_extra_land_level_solid_land_street_corner_2_marla_extra_land_a_category_direct_owner-46677473-3047-2.html,129,Rawalpindi,Bahria Town Phase 7,10.0,33.5701202,73.1163357
SECTOR H 10 MARLA PLOT FOR SALE WITH EXTRA LAND BACK OPEN SUN FACE,1.1,"Bahria Town Phase 8 - Block H, Bahria Town Phase 8",https://www.zameen.com/Property/bahria_town_phase_8_bahria_town_phase_8_-_block_h_sector_h_10_marla_plot_for_sale_with_extra_land_back_open_sun_face-48787027-3056-2.html,129,Rawalpindi,Bahria Town Phase 8 - Block H,10.0,33.4862,73.0874
Habib Lane Adiala Road Plot,0.3,"Adiala Road, Rawalpindi",https://www.zameen.com/Property/rawalpindi_adiala_road_habib_lane_adiala_road_plot-52305433-478-2.html,129,Rawalpindi,Adiala Road,5.0,33.5778124,73.0650131
Solid Land Plot Bahria Hamlet,1.53,"Bahria Hamlet, Bahria Town Phase 8",https://www.zameen.com/Property/bahria_town_phase_8_bahria_hamlet_solid_land_plot_bahria_hamlet-54526909-10354-2.html,129,Rawalpindi,Bahria Hamlet,22.0,33.4891,73.1232
2 Marla Plot For Sale Snober City Adiala Road,0.25,"Adiala Road, Rawalpindi",https://www.zameen.com/Property/rawalpindi_adiala_road_2_marla_plot_for_sale_snober_city_adiala_road-53463461-478-2.html,129,Rawalpindi,Adiala Road,2.0,33.5778124,73.0650131
5 Marla Plot For Sale Snober City Adyala Road Rwp,0.48,"Adiala Road, Rawalpindi",https://www.zameen.com/Property/rawalpindi_adiala_road_5_marla_plot_for_sale_snober_city_adyala_road_rwp-53743559-478-2.html,129,Rawalpindi,Adiala Road,5.0,33.5778124,73.0650131
5 Marla Plot For Sale Snober City Adyala Road Rwp,0.45,"Adiala Road, Rawalpindi",https://www.zameen.com/Property/rawalpindi_adiala_road_5_marla_plot_for_sale_snober_city_adyala_road_rwp-54180859-478-2.html,129,Rawalpindi,Adiala Road,5.0,33.5778124,73.0650131
Plot For Sale Snober City Adiala Road Rwp,0.3,"Adiala Road, Rawalpindi",https://www.zameen.com/Property/rawalpindi_adiala_road_plot_for_sale_snober_city_adiala_road_rwp-54277168-478-2.html,129,Rawalpindi,Adiala Road,2.0,33.5778124,73.0650131
10 Marla Beautiful Plot For Sale Gulshan Abad Adyala Road Rwp,1.25,"Adiala Road, Rawalpindi",https://www.zameen.com/Property/rawalpindi_adiala_road_10_marla_beautiful_plot_for_sale_gulshan_abad_adyala_road_rwp-54487098-478-2.html,129,Rawalpindi,Adiala Road,10.0,33.5778124,73.0650131
Beautiful Highted Location Front Open With Exta Land Paid (281D),0.73,"Punjab Government Servant Housing Foundation (PGSHF), Rawalpindi",https://www.zameen.com/Property/rawalpindi_punjab_government_servant_housing_foundation_pgshf_beautiful_highted_location_front_open_with_exta_land_paid_281d-54544103-10424-2.html,129,Rawalpindi,Punjab Government Servant Housing Foundation (PGSHF),5.0,33.4542,72.9515
10 Marla Possession Plot Investor Rate,0.65,"Bahria Town Phase 8 - Block N, Bahria Town Phase 8",https://www.zameen.com/Property/bahria_town_phase_8_bahria_town_phase_8_-_block_n_10_marla_possession_plot_investor_rate-54564072-3063-2.html,129,Rawalpindi,Bahria Town Phase 8 - Block N,10.0,33.4862,73.0874
7 Marla Plot For Sale,0.95,"Punjab Government Servant Housing Foundation (PGSHF), Rawalpindi",https://www.zameen.com/Property/rawalpindi_punjab_government_servant_housing_foundation_pgshf_7_marla_plot_for_sale-54563480-10424-2.html,129,Rawalpindi,Punjab Government Servant Housing Foundation (PGSHF),7.0,33.4542,72.9515
5 Marla Prime Loc Plot For Sale,0.8,"Punjab Government Servant Housing Foundation (PGSHF), Rawalpindi",https://www.zameen.com/Property/rawalpindi_punjab_government_servant_housing_foundation_pgshf_5_marla_prime_loc_plot_for_sale-54563470-10424-2.html,129,Rawalpindi,Punjab Government Servant Housing Foundation (PGSHF),5.0,33.4542,72.9515
M Block 5 Marla Plot For Sale,0.75,"Bahria Town Phase 8 - Block M, Bahria Town Phase 8",https://www.zameen.com/Property/bahria_town_phase_8_bahria_town_phase_8_-_block_m_m_block_5_marla_plot_for_sale-53500783-3062-2.html,129,Rawalpindi,Bahria Town Phase 8 - Block M,5.0,33.4862,73.0874
1 KANAL Plot in Bahria Town Ph 7 Islamabad.,2.75,"Bahria Town Phase 7, Bahria Town Rawalpindi",https://www.zameen.com/Property/bahria_town_rawalpindi_bahria_town_phase_7_1_kanal_plot_in_bahria_town_ph_7_islamabad-54415748-3047-2.html,129,Rawalpindi,Bahria Town Phase 7,20.0,33.5701202,73.1163357
6 Marla Plot For Sale In Marwa Town,0.72,"Ghauri Town, Rawalpindi",https://www.zameen.com/Property/rawalpindi_ghauri_town_6_marla_plot_for_sale_in_marwa_town-54378469-1339-2.html,130,Rawalpindi,Ghauri Town,6.0,33.8022151,72.7501235
11 Marla Back View Open Heighted Plot,0.99,"Bahria Town Phase 8 - Block G, Bahria Town Phase 8",https://www.zameen.com/Property/bahria_town_phase_8_bahria_town_phase_8_-_block_g_11_marla_back_view_open_heighted_plot-54434786-3055-2.html,130,Rawalpindi,Bahria Town Phase 8 - Block G,11.0,33.4862,73.0874
8 Marla Back Open Plot On Good Price For Sale,1.3,"Bahria Town Phase 8 - Block M, Bahria Town Phase 8",https://www.zameen.com/Property/bahria_town_phase_8_bahria_town_phase_8_-_block_m_8_marla_back_open_plot_on_good_price_for_sale-53101319-3062-2.html,130,Rawalpindi,Bahria Town Phase 8 - Block M,8.0,33.4862,73.0874
10 Marla Level Plot Near To Masjid On Ideal Location,0.95,"Bahria Town Phase 8 - Block L, Bahria Town Phase 8",https://www.zameen.com/Property/bahria_town_phase_8_bahria_town_phase_8_-_block_l_10_marla_level_plot_near_to_masjid_on_ideal_location-53832005-3061-2.html,130,Rawalpindi,Bahria Town Phase 8 - Block L,10.0,33.4862,73.0874
Saffron City 5 Marla Balloted Plot,0.45,"Saffron City, GT Road",https://www.zameen.com/Property/gt_road_saffron_city_saffron_city_5_marla_balloted_plot-54164868-21050-2.html,130,Rawalpindi,Saffron City,5.0,33.6520202,73.076983
Lake Vista Old File Available All Dues Clear Ready To Development.,0.2,"Adiala Road, Rawalpindi",https://www.zameen.com/Property/rawalpindi_adiala_road_lake_vista_old_file_available_all_dues_clear_ready_to_development-54558376-478-2.html,130,Rawalpindi,Adiala Road,5.0,33.5778124,73.0650131
IDEAL LOCATION REASONABLE PRICE PLOT FOR SALE,1.1,"Bahria Town Phase 8 - Sector F-2, Bahria Town Phase 8",https://www.zameen.com/Property/bahria_town_phase_8_bahria_town_phase_8_-_sector_f-2_ideal_location_reasonable_price_plot_for_sale-53571240-8250-2.html,130,Rawalpindi,Bahria Town Phase 8 - Sector F-2,10.0,33.4855018,73.0971219
10 Marla Plot Available Near Main Boulevard,0.95,"Punjab Government Servant Housing Foundation (PGSHF), Rawalpindi",https://www.zameen.com/Property/rawalpindi_punjab_government_servant_housing_foundation_pgshf_10_marla_plot_available_near_main_boulevard-54523036-10424-2.html,130,Rawalpindi,Punjab Government Servant Housing Foundation (PGSHF),10.0,33.4542,72.9515
5 Marla Plot At Heighted Location,0.68,"Punjab Government Servant Housing Foundation (PGSHF), Rawalpindi",https://www.zameen.com/Property/rawalpindi_punjab_government_servant_housing_foundation_pgshf_5_marla_plot_at_heighted_location-54523031-10424-2.html,130,Rawalpindi,Punjab Government Servant Housing Foundation (PGSHF),5.0,33.4542,72.9515
10 Marla Plot For Sale,0.8,"Punjab Government Servant Housing Foundation (PGSHF), Rawalpindi",https://www.zameen.com/Property/rawalpindi_punjab_government_servant_housing_foundation_pgshf_10_marla_plot_for_sale-54530376-10424-2.html,130,Rawalpindi,Punjab Government Servant Housing Foundation (PGSHF),10.0,33.4542,72.9515
22 Marla Plot With 15 Marla Extra Land,1.6,"Punjab Government Servant Housing Foundation (PGSHF), Rawalpindi",https://www.zameen.com/Property/rawalpindi_punjab_government_servant_housing_foundation_pgshf_22_marla_plot_with_15_marla_extra_land-54216521-10424-2.html,130,Rawalpindi,Punjab Government Servant Housing Foundation (PGSHF),22.0,33.4542,72.9515
10 Marla Plot For Sale,0.75,"Punjab Government Servant Housing Foundation (PGSHF), Rawalpindi",https://www.zameen.com/Property/rawalpindi_punjab_government_servant_housing_foundation_pgshf_10_marla_plot_for_sale-54285312-10424-2.html,130,Rawalpindi,Punjab Government Servant Housing Foundation (PGSHF),10.0,33.4542,72.9515
Very Beautiful Plot For Sale,0.85,"Punjab Government Servant Housing Foundation (PGSHF), Rawalpindi",https://www.zameen.com/Property/rawalpindi_punjab_government_servant_housing_foundation_pgshf_very_beautiful_plot_for_sale-54126207-10424-2.html,130,Rawalpindi,Punjab Government Servant Housing Foundation (PGSHF),10.0,33.4542,72.9515
Plot For Sale With A Beautiful Location,0.8,"Punjab Government Servant Housing Foundation (PGSHF), Rawalpindi",https://www.zameen.com/Property/rawalpindi_punjab_government_servant_housing_foundation_pgshf_plot_for_sale_with_a_beautiful_location-54126202-10424-2.html,130,Rawalpindi,Punjab Government Servant Housing Foundation (PGSHF),7.0,33.4542,72.9515
Plot For Sale With A Beautiful Location,1.65,"Punjab Government Servant Housing Foundation (PGSHF), Rawalpindi",https://www.zameen.com/Property/rawalpindi_punjab_government_servant_housing_foundation_pgshf_plot_for_sale_with_a_beautiful_location-54344596-10424-2.html,130,Rawalpindi,Punjab Government Servant Housing Foundation (PGSHF),20.0,33.4542,72.9515
Plot For Sale With A Beautiful Location For More Information Contact Us,1.55,"Punjab Government Servant Housing Foundation (PGSHF), Rawalpindi",https://www.zameen.com/Property/rawalpindi_punjab_government_servant_housing_foundation_pgshf_plot_for_sale_with_a_beautiful_location_for_more_information_contact_us-54344581-10424-2.html,130,Rawalpindi,Punjab Government Servant Housing Foundation (PGSHF),20.0,33.4542,72.9515
Plot For Sale With A Beautiful Location For More Information Contact Us,1.45,"Punjab Government Servant Housing Foundation (PGSHF), Rawalpindi",https://www.zameen.com/Property/rawalpindi_punjab_government_servant_housing_foundation_pgshf_plot_for_sale_with_a_beautiful_location_for_more_information_contact_us-54344566-10424-2.html,130,Rawalpindi,Punjab Government Servant Housing Foundation (PGSHF),20.0,33.4542,72.9515
Plot For Sale With A Beautiful Location For More Information Contact Us,0.85,"Punjab Government Servant Housing Foundation (PGSHF), Rawalpindi",https://www.zameen.com/Property/rawalpindi_punjab_government_servant_housing_foundation_pgshf_plot_for_sale_with_a_beautiful_location_for_more_information_contact_us-54344523-10424-2.html,130,Rawalpindi,Punjab Government Servant Housing Foundation (PGSHF),10.0,33.4542,72.9515
Plot For Sale With A Beautiful Location,0.78,"Punjab Government Servant Housing Foundation (PGSHF), Rawalpindi",https://www.zameen.com/Property/rawalpindi_punjab_government_servant_housing_foundation_pgshf_plot_for_sale_with_a_beautiful_location-54344517-10424-2.html,130,Rawalpindi,Punjab Government Servant Housing Foundation (PGSHF),10.0,33.4542,72.9515
