title,price,location,area,link,page_scraped
5 Marla Ready To Construction Plot Available For Sale In Overseas East Block In Capital Smart City,,"Capital Smart City Overseas - Block E, Capital Smart City Overseas",,,1
Most Prime Location Situated Opposite Dha Phase 2 Plot,,"GT Road, Rawalpindi",,,1
Most Exclusive BACK OPEN Plot For Sale With Green Belt On Its Back,,"Bahria Town Phase 8 - Block L, Bahria Town Phase 8",,,1
22 Marla Residential Plot Is available For Sale In Bahria town,,"Bahria Hills, Bahria Town Phase 8",,,1
In Chakbeli Road Agricultural Land Sized 150 Kanal For Sale,,"Chakbeli Road, Rawalpindi",,,1
5 Marla Plots Availablr om imstallmeny,,"Saffron City, GT Road",,,1
8 Marla Prime Location Mein Expressway Facing Plot For Sale In Bahria Town Islamabad Phase 7 Spring North,,"Bahria Spring North, Bahria Town Phase 7",,,1
5 Marla Plot For Sale In Sector A | Limited Plots First Come First Serve,,"Saffron City, GT Road",,,1
10 Marla Residential Plot For Sale In Bahria Town Phase 7 Rawalpindi/Islamabad,,"Bahria Town Phase 7, Bahria Town Rawalpindi",,,1
Saffron City Block-A Plot File,,"Saffron City, GT Road",,,1
Capital Smart City Commercial 4 Marla Pair Plots,,"Capital Smart City Overseas - Block I, Capital Smart City Overseas",,,1
1 Kanal Plot Available For Sale Bahria Town Phase 4,,"Bahria Town Phase 4, Bahria Town Rawalpindi",,,1
5 Marla Commercial Plot File for Sale BWC Overseas,,"Blue World City, Chakri Road",,,1
9 Marla Residential Corner Plot,,"Chakri Road, Rawalpindi",,,1
Beautifully Constructed Residential Plot Is Available For Sale In Saffron City,,"Saffron City, GT Road",,,1
10 Marla Residential Plot For Grabs In GT Road,,"Saffron City, GT Road",,,1
pgshf 5 Marla lavl plot,,"Punjab Government Servant Housing Foundation (PGSHF), Rawalpindi",,,1
10Marla level plot solid land,,"Bahria Town Phase 8 - Block C, Bahria Town Phase 8",,,1
Ready To Buy A Commercial Plot 10 Marla In Acantilado Commercial,,"Acantilado Commercial, Bahria Town Phase 7",,,1
Commercial Plot Is Available For sale In Bahria Spring North,,"Bahria Spring North, Bahria Town Phase 7",,,1
Capital Smart City Overseas Central Block,,"Capital Smart City Overseas Central, Capital Smart City",,,1
10 Marla Builders Location Plot H Block,,"Bahria Town Phase 8 - Block H, Bahria Town Phase 8",,,1
Solid Land 10 Marla Plot Sector A-1 Phase 8,,"Bahria Town Phase 8 - Block A1, Bahria Town Phase 8",,,1
SOLID LAND LEVEL PLOT FOR SALE,,"Bahria Town Phase 8 - Block C, Bahria Town Phase 8",,,1
pgshf 7 Marla lavl plot,,"Punjab Government Servant Housing Foundation (PGSHF), Rawalpindi",,,1
10 Marla Brand New House For Sale In Phase 5 Bahria Town Rawalpindi,,"Bahria Town Phase 5, Bahria Town Rawalpindi",,,2
Gulshanabad Sector 4 ( 1 Kanal Plot ) Good Location Boulevard Category Plot,,"Gulshan Abad, Rawalpindi",,,2
Centrally Located Corner Residential Plot For Sale In Bahria Town Phase 8 - Block C Available,,"Bahria Town Phase 8 - Block C, Bahria Town Phase 8",,,2
5 Marla Residential Plot In Rose Garden Zone 1 Bahria Town Rawalpindi Phase 8,,"Rose Garden, Bahria Town Phase 8",,,2
Possession & Semi Developed Plots Available on Cash & Installment in Blue World City,,"Blue World City, Chakri Road",,,2
Capital Smart City 10 Marla Possession Plot,,"Capital Smart City, Rawalpindi",,,2
Capital Smart City 5 Marla,,"Capital Smart City, Rawalpindi",,,2
5 Marla Residential Plot Is Available For sale In Bahria Greens - Overseas Enclave - Sector 5,,"Bahria Greens - Overseas Enclave - Sector 5, Bahria Greens - Overseas Enclave",,,2
"Hot Investment Opportunity 10 Marla Plot Available In Block L, Bahria Town Phase 8",,"Bahria Town Phase 8 - Block L, Bahria Town Phase 8",,,2
"Sale - 10 Marla Plot In Bahria Town Phase 2 , Original Pictures Attached",,"Bahria Town Phase 2, Bahria Town Rawalpindi",,,2
24 Marla Prime Commercial Plot for Sale in Bahria Town Phase 8 Rawalpindi,,"Bahria Business District, Bahria Town Phase 8",,,2
Plot For Sale,,"Bahria Town Phase 5, Bahria Town Rawalpindi",,,2
10 MARLA IDEAL LOCATION PLOT FOR SALE,,"Bahria Town Phase 8 - Block C, Bahria Town Phase 8",,,2
Prime Location | Ready for Construction | Ideal for Living & Investment,,"Bahria Town Phase 8 - Block M, Bahria Town Phase 8",,,2
Plot For Sale With A Beautiful Location,,"Punjab Government Servant Housing Foundation (PGSHF), Rawalpindi",,,2
Very Beautiful Residential Plot For Sale,,"Punjab Government Servant Housing Foundation (PGSHF), Rawalpindi",,,2
60 Feet Road Most Prime Location Front Open Plot,,"Bahria Greens - Overseas Enclave - Sector 5, Bahria Greens - Overseas Enclave",,,2
snober city 6 Marla plot,,"Snober City - Green Villas, Snober City",,,2
Pgshf 10 Marla Lavl Plot,,"Punjab Government Servant Housing Foundation (PGSHF), Rawalpindi",,,2
Pgshf 7 Marla Level Plot For Sale,,"Punjab Government Servant Housing Foundation (PGSHF), Rawalpindi",,,2
Snober City St 8. Lavl Plot,,"Snober City - Green Villas, Snober City",,,2
IDEAL LOCATION PLOT FOR SALE,,"Bahria Town Phase 8 - Block C, Bahria Town Phase 8",,,2
IDEAL LOCTION PLOT FOR SALE,,"Bahria Town Phase 8 - Block C, Bahria Town Phase 8",,,2
NEAR MALIK RIAZ MASJID 10 MARLA PLOT FOR SALE,,"Bahria Town Phase 8 - Block C, Bahria Town Phase 8",,,2
10 MARLA LEVEL PLOT FOR SALE,,"Bahria Town Phase 8 - Block C, Bahria Town Phase 8",,,2
Sale - 10 Marla Plot In Bahria Town Phase 5,,"Bahria Town Phase 5, Bahria Town Rawalpindi",,,3
8 Marla Plus 2 Marla Xtra Land Plot For Sale In L Block,,"Bahria Town Phase 8 - Block L, Bahria Town Phase 8",,,3
Bahria Town Rwp/Isb Phase7 10 Marla Front Open Forever Plot Available For Sale,,"Bahria Town Phase 7, Bahria Town Rawalpindi",,,3
"1 Kanal Plot For Sale In Block P, Bahria Town",,"Bahria Town Phase 8 - Block P, Bahria Town Phase 8",,,3
10 Marla Low Budget Plot Available For Sale,,"Bahria Town Phase 8 - Block A, Bahria Town Phase 8",,,3
Kanal Plot For Sale 2nd To Corner Park Facing,,"Bahria Town Phase 8 - Block C, Bahria Town Phase 8",,,3
Plot 711F Sector G Size 11 Marla Forever Back Open ONLY At 74 Lac,,"Bahria Town Phase 8 - Block G, Bahria Town Phase 8",,,3
CBR Town Phase 2 Block A 10 Marla Plot For Sale,,"CBR Town Phase 2 - Block A, CBR Town Phase 2",,,3
10 Marla Plot With 5 Marla Extra Land For Sale In Bahria Town Phase 8 Sector F-1,,"Bahria Town Phase 8 - Sector F-1, Bahria Town Phase 8",,,3
Centrally Located Corner Residential Plot In Bahria Town Phase 8 - Block E Is Available For sale,,"Bahria Town Phase 8 - Block E, Bahria Town Phase 8",,,3
Plot For Sale Scheme 3 Walayat Homes,,"Walait Homes, Rawalpindi",,,3
"5 Marla Prime Plot for Sale in Executive B Block, Capital Smart City Excellent Location & Ideal Investment Opportunity",,"Capital Smart City Executive - Block B, Capital Smart City Executive",,,3
URGENT SALE 5 MARLA CORNER PLOT | SCHOOL & PARK KE SATH!,,"UpCountry Enclosures Society - Block H, UpCountry Enclosures Housing Society",,,3
"Prime Location 5 Marla Solid Land Plot For Sale | Block f | UCE | Gas, Bijli, Pani Available",,"UpCountry Enclosures Housing Society, Rawalpindi",,,3
This Is 5 Marla Ready Possession-Able Plot For Sale 100 Person Solid Land Walking Distance Commercial Man Rood And Park Filter Plants,,"Bahria Greens - Overseas Enclave - Sector 5, Bahria Greens - Overseas Enclave",,,3
Capital smart city 5 Marla plot available for sale overseas block,,"Capital Smart City Overseas - Block H, Capital Smart City Overseas",,,3
1 Kanal Commercial Plot Available For Sale,,"Bahria Town - Civic Centre, Bahria Town Phase 4",,,3
MOST PRIME LOCATION 10 MARLA PLOT FOR SALE,,"Bahria Town Phase 8 - Block C, Bahria Town Phase 8",,,3
Snober City 5 Marla Lop Aproved Plot,,"Snober City - Green Villas, Snober City",,,3
pgshf 1 kanal plot,,"Punjab Government Servant Housing Foundation (PGSHF), Rawalpindi",,,3
Plot For Sale Bharia Town Phase 2 Extension,,"Bahria Town Phase 2 Extension, Bahria Town Rawalpindi",,,3
URGENT FOR SALE 1 KANAL PLOT,,"Bahria Town Phase 8 - Block P, Bahria Town Phase 8",,,3
IDEAL LOCATION PLOT SECTOR P,,"Bahria Town Phase 8 - Block P, Bahria Town Phase 8",,,3
URGENT SALE 5 MARLA CORNER PLOT | SCHOOL & PARK KE SATH!,,"UpCountry Enclosures Society - Block H, UpCountry Enclosures Housing Society",,,3
Prime Location 1 Kanal Plot For Sale |Easy To Main Road Access| Level Land | Low Price |,,"UpCountry Enclosures Housing Society, Rawalpindi",,,3
1 Kanal Commercial Plot For sale Is Available In Bahria Town - Civic Centre,,"Bahria Town - Civic Centre, Bahria Town Phase 4",,,4
10 Marla Prime Location Plot For Sale,,"Taj Residencia - Orchard Block, Taj Residencia",,,4
BTR PH 8 Sector P Investor Rate 20 Marla Price Men Kanal Sold Higheted Plot For Sell It Possession Able R Easy Iterance Pu Paid Rady Constr 7km From Gt Road Plot Meeting And Agreement With Owner Possible Ideal For Home And Investment Purpose,,"Bahria Town Phase 8 - Block P, Bahria Town Phase 8",,,4
Bahria Town Phase 8 Block M Corner 6 Marla Plots For Sale,,"Bahria Town Phase 8 - Block M, Bahria Town Phase 8",,,4
4500 Sq Ft Prime Residential Plot For Sale In Eastidge Housing Scheme | Clear Ownership & Prompt Transfer,,"Eastridge Housing Scheme, Rawalpindi",,,4
Good Location 1200 Square Feet Residential Plot Is Available For Sale,,"Bahria Town Phase 8 - Sector E-3, Bahria Town Phase 8",,,4
Buying A Residential Plot In Rawalpindi?,,"Bahria Town Phase 7, Bahria Town Rawalpindi",,,4
10 Mrla Commercial Plot Urgent Sale,,"Adiala Road, Rawalpindi",,,4
14 Marla CommerciaL Plot For Sale Adiala Road Near Kalyal Stop,,"Adiala Road, Rawalpindi",,,4
10 Marla Corner. Plot For Sale (Hostel & Comerica Area),,"7th Road, Rawalpindi",,,4
10 Marla Plot Ready For Construction Available For Sale In Sector C Of Overseas East Block Of Capital Smart City,,"Capital Smart City Overseas - Block C, Capital Smart City Overseas",,,4
1 Kanal Ready To Construction Plot Available For Sale In Overseas East Block Of Capital Smart City,,"Capital Smart City Overseas - Block J, Capital Smart City Overseas",,,4
21 Marla Commercial Plot Available For Sale,,"Bahria Paradise, Bahria Town Rawalpindi",,,4
Beautifully Constructed Residential Plot Is Available For sale In Bahria Town Phase 8 - Block M,,"Bahria Town Phase 8 - Block M, Bahria Town Phase 8",,,4
2 Marla Plot 272 Ft For Sale 10luc Per Marla,,"Adiala Road, Rawalpindi",,,4
Spacious Residential Plot Is Available For Sale In Ideal Location Of UpCountry Enclosures Housing Society,,"UpCountry Enclosures Housing Society, Rawalpindi",,,4
Residential Plot For sale In UpCountry Enclosures Housing Society UpCountry Enclosures Housing Society,,"UpCountry Enclosures Housing Society, Rawalpindi",,,4
Prime Location 5 Marla Plot | Solid Land | Low Price | F block |,,"UpCountry Enclosures Housing Society, Rawalpindi",,,4
Plots For Sale | Up Country Enclosure | H block 500 sries| Reasonable Rate,,"UpCountry Enclosures Housing Society, Rawalpindi",,,4
7-Marla Plot For Sale In The Most Populated Area Of Bahria Safari Valley Usman Block Rawalpindi At Investor'S Price.,,"Bahria Town Phase 8 - Safari Valley, Bahria Town Phase 8",,,4
Builders Location Solid Land 7-Marla Plot USMAN BLOCK For Sale At Investor'S Price.,,"Bahria Town Phase 8 - Safari Valley, Bahria Town Phase 8",,,4
Perfect 24 Marla Residential Plot In Bahria Town Phase 7 For Sale. Boulevard/Corner .,,"Bahria Town Phase 7, Bahria Town Rawalpindi",,,4
50*90 Size Plot Available For Sale In Bharia Phase 3,,"Bahria Town Phase 3, Bahria Town Rawalpindi",,,4
DOWN TOWN 5 MARLA BALLOTED PLOT FILE FRESH BOOKING AVAILABLE AT PRE LAUNCH RATE IN BLUE WORLD CITY,,"Blue World City, Chakri Road",,,4
Saffron City 5 Marla Balloted Plot,,"Saffron City, GT Road",,,4
1 Kamal Commercial Plot For Sale,,"Shamsabad, Rawalpindi",,,5
Very Beautiful Plot For Sale,,"Punjab Government Servant Housing Foundation (PGSHF), Rawalpindi",,,5
Taj Residencia - Rose Block Residential Plot For Sale Sized 10 Marla,,"Taj Residencia - Rose Block, Taj Residencia",,,5
Investor Rate Plot,,"Taj Residencia - Lily Block, Taj Residencia",,,5
CORNER PLOT For Sale In Media Town C Block | 10 Marla + 3 Marla Extra | Prime Location,,"Media Town - Block C, Media Town",,,5
2 Kanal Plot Available For Sale In Bahria Hamlet,,"Bahria Hamlet, Bahria Town Phase 8",,,5
One Kanal Plot For Sale In Dha 6 Rawalpindi,,"Defence Colony, Rawalpindi",,,5
Ideally Located Main Double Road Residential Plot Of 2 Kanal Is Available For Sale In Rawalpindi,,"Bahria Greens - Overseas Enclave - Sector 3, Bahria Greens - Overseas Enclave",,,5
1 Kanal Solid Land Plot Near Cuty School,,"Bahria Town Phase 7, Bahria Town Rawalpindi",,,5
2.5 Marla Prime Location Commercial Plot For Sale In Phase 8,,"Bahria Town Phase 8 - Eden Lake View Block, Bahria Town Phase 8",,,5
12 Marla Ready To Construction Plot Available For Sale In Sector A Overseas Central In Capital Smart City,,"Capital Smart City Overseas Central - Sector A, Capital Smart City Overseas Central",,,5
5 MARLA PLOT WITH REGISTRY INTIQAL AVAILABLE IN RAWALPINDI,,"Dhamyal Road, Rawalpindi",,,5
Residential Plot For Sale In UpCountry Enclosures Housing Society UpCountry Enclosures Housing Society,,"UpCountry Enclosures Housing Society, Rawalpindi",,,5
5 Marla Plot Near Possession for Sale in Sector B Saffron City | Total on Installments,,"Saffron City, GT Road",,,5
10 Marla Plot For Sale In Sector A Saffron City,,"Saffron City, GT Road",,,5
Commercial Plots On GT Road From Rawat Rawalpindi To Taxila Cantt,,"GT Road, Rawalpindi",,,5
PGSHF PUNJAB HOUSING ADYALA ROAD KANAL PLOT,,"Punjab Government Servant Housing Foundation (PGSHF), Rawalpindi",,,5
Residential Plot Available For sale In Bahria Town Phase 8 - Block A,,"Bahria Town Phase 8 - Block A, Bahria Town Phase 8",,,5
10 Marla Residential Plot In Stunning Bahria Town Phase 8 - Block A Is Available For sale,,"Bahria Town Phase 8 - Block A, Bahria Town Phase 8",,,5
Reserve A Residential Plot Of 10 Marla Now In Bahria Town Phase 8 - Block A,,"Bahria Town Phase 8 - Block A, Bahria Town Phase 8",,,5
"Reasonably-Priced 10 Marla Residential Plot In Bahria Town Phase 8 - Block H, Rawalpindi Is Available As Of Now",,"Bahria Town Phase 8 - Block H, Bahria Town Phase 8",,,5
A Spacious 10 Marla Residential Plot In Bahria Town Phase 8 - Block H,,"Bahria Town Phase 8 - Block H, Bahria Town Phase 8",,,5
Residential Plot Of 10 Marla Is Available For sale In Bahria Town Phase 8 - Block H,,"Bahria Town Phase 8 - Block H, Bahria Town Phase 8",,,5
Residential Plot Of 5 Marla Is Available For sale,,"Bahria Town Phase 8 - Block L, Bahria Town Phase 8",,,5
A 5 Marla Residential Plot Located In Bahria Town Phase 8 - Block L Is Available For sale,,"Bahria Town Phase 8 - Block L, Bahria Town Phase 8",,,5
"1 Kanal Boulavard Plot For Sale In Sector A1 Phase 8 Bahria Town, Rawalpindi",,"Bahria Town Phase 8 - Block A1, Bahria Town Phase 8",,,6
5 Marla Solid Land Prime Location Plot For Sale In M Block Phase 8,,"Bahria Town Phase 8 - Block M, Bahria Town Phase 8",,,6
10 Marla Solid Land Plot For Sale In I Block Phase 8,,"Bahria Town Phase 8 - Block I, Bahria Town Phase 8",,,6
10 Marla Solid Land Develop Plot For Sale In Sector K Phase 8,,"Bahria Town Phase 8 - Block K, Bahria Town Phase 8",,,6
"Residential Plot Chaklala Scheme-3, Rawalpindi 600 Sq. Yd. For Sale Demand 5.75 Crore",,"Chaklala Scheme 3, Chaklala Scheme",,,6
Investors Should Sale This Main Double Road Commercial Plot Located Ideally In Bahria Town Rawalpindi,,"Bahria Town Phase 8 - Block E, Bahria Town Phase 8",,,6
10 Marla Plus 6 Marla Extra Land Paid Plot,,"Bahria Town Phase 7, Bahria Town Rawalpindi",,,6
Beautifully Constructed Residential Plot Is Available For Sale In Bahria Town Phase 8 - Block I,,"Bahria Town Phase 8 - Block I, Bahria Town Phase 8",,,6
CBR town phase 2 Block C 10 marla plot for sale on 80ft road wide,,"CBR Town Phase 2, Rawalpindi",,,6
"10 Marla Plot For Sale Bahria Town Rawalpindi, Sector K",,"Bahria Town Phase 8 - Block K, Bahria Town Phase 8",,,6
"2275 Sq. Ft Plot Available For Sale In Block-E, TopCity-1, ISlamabad.",,"Top City-1, Rawalpindi",,,6
Exclusive Bahria Expressway Facing Commercial Plot For Sale,,"Bahria Town Phase 8 - Block G, Bahria Town Phase 8",,,6
"Position plots, Semi developed plots and installments plots available in Blue World City Downtown & Tourism Business District",,"Blue World City, Chakri Road",,,6
10 Marla Pack Plot For Sale Size 35*72 Sector 2 Level Plot Abadi Main Plot Hai,,"Gulshan Abad, Rawalpindi",,,6
Prime Plot for Sale at an Attractive Investor Price in sector G,,"Bahria Town Phase 8 - Block G, Bahria Town Phase 8",,,6
PUNJAB HOUSING SOCIETY ADYALA ROAD RAWALPINDI,,"Punjab Government Servant Housing Foundation (PGSHF), Rawalpindi",,,6
Saffron City (Corner) Plot File,,"Saffron City, GT Road",,,6
Best Options For Residential Plot Is Available For sale In Bahria Town Phase 8 - Block L,,"Bahria Town Phase 8 - Block L, Bahria Town Phase 8",,,6
Residential Plot For sale In Rawalpindi,,"Bahria Town Phase 8 - Block L, Bahria Town Phase 8",,,6
Affordable Residential Plot Of 10 Marla Is Available For sale,,"Bahria Town Phase 8 - Block L, Bahria Town Phase 8",,,6
Perfect 5 Marla Residential Plot In Bahria Town Phase 8 - Block I For sale,,"Bahria Town Phase 8 - Block I, Bahria Town Phase 8",,,6
Bahria Town Phase 8 - Block I 10 Marla Residential Plot Up For sale,,"Bahria Town Phase 8 - Block I, Bahria Town Phase 8",,,6
Bahria Town Phase 8 - Usman Block Residential Plot Sized 7 Marla,,"Bahria Town Phase 8 - Usman Block, Bahria Town Phase 8 - Safari Valley",,,6
Become Owner Of Your Residential Plot Today Which Is Centrally Located In Bahria Town Phase 8 - Usman Block In Rawalpindi,,"Bahria Town Phase 8 - Usman Block, Bahria Town Phase 8 - Safari Valley",,,6
Reserve A Centrally Located Commercial Plot In Bahria Town Phase 8 - Block I,,"Bahria Town Phase 8 - Block I, Bahria Town Phase 8",,,6
2.5 Marla Commercial Plot for Sale Prime Location,,"Bahria Town Phase 8 - Eden Lake View Block, Bahria Town Phase 8",,,7
Ready To Buy A Corner Residential Plot In Bahria Town Phase 8 - Usman Block Rawalpindi,,"Bahria Town Phase 8 - Usman Block, Bahria Town Phase 8 - Safari Valley",,,7
Buy A Centrally Located On Excellent Location 600 Square Yards Residential Plot In Bahria Intellectual Village,,"Bahria Intellectual Village, Bahria Town Rawalpindi",,,7
This Is Your Chance To Buy Corner Residential Plot In Bahria Town Phase 8 - Usman D Block,,"Bahria Town Phase 8 - Usman D Block, Bahria Town Phase 8 - Safari Valley",,,7
10 Marla Sized Residential Plot In Bahria Town Rawalpindi / Islamabad Phase 7 Best Option,,"Bahria Town Phase 7, Bahria Town Rawalpindi",,,7
Buying A Commercial Plot In Rawalpindi?,,"Bahria Town Phase 8 - E Commercial, Bahria Town Phase 8",,,7
70 Kanal Agriculture Land Near New Airport Islamabad,,"Thalian Interchange, Rawalpindi",,,7
74 Kanal Agriculture Land For Sale Near Islamabad International Airport,,"Thalian Interchange, Rawalpindi",,,7
17 Marla Plot Available For Sale,,"Bahria Town Phase 1, Bahria Town Rawalpindi",,,7
Prime 6 Marla Plots For Sale On Defence Road | Direct Owner | No Dealer | Ideal For Investment & Construction,,"Defence Road, Rawalpindi",,,7
Exclusive 60 Feet Front Commercial Plot On Bahria Expressway For Sale,,"Bahria Town Phase 8 - Block G, Bahria Town Phase 8",,,7
10 Marla Plot For Sale In Bahria Hills,,"Bahria Hills, Bahria Town Phase 8",,,7
12 Marla All Paid Like Map Possession And Utility Paid,,"Bahria Greens - Overseas Enclave - Sector 2, Bahria Greens - Overseas Enclave",,,7
2.5 Marla Possessionable Commercial Plot For Sale In River Hill Phase 8,,"River Hills, Bahria Expressway",,,7
"1 Kanal Residential Plot available for sale in Bahria Hamlet, Rawalpindi",,"Bahria Hamlet, Bahria Town Phase 8",,,7
Back Open Boulevard Category Plot,,"Bahria Town Phase 8, Bahria Town Rawalpindi",,,7
Bahria Town Rwp/Isb Phase8 Sector F1 10Marla (35*70)Sized Residential Plot Available,,"Bahria Town Phase 8 - Sector F-1, Bahria Town Phase 8",,,7
5 Marla Residential Plot For sale Is Available In Bahria Town Phase 8 - Block M,,"Bahria Town Phase 8 - Block M, Bahria Town Phase 8",,,7
A 5 Marla Residential Plot Is Up For Grabs In Bahria Town Rawalpindi,,"Bahria Town Phase 8 - Block M, Bahria Town Phase 8",,,7
5 Marla Residential Plot Is Available For sale In Bahria Town Phase 8 - Block M,,"Bahria Town Phase 8 - Block M, Bahria Town Phase 8",,,7
A Residential Plot At Affordable Price Awaits You,,"Bahria Town Phase 8 - Block M, Bahria Town Phase 8",,,7
Residential Plot For sale In Rs. 11000000,,"Bahria Town Phase 8 - Block J, Bahria Town Phase 8",,,7
A Palatial Residence For sale In Bahria Town Phase 8 - Sector E-1 Rawalpindi,,"Bahria Town Phase 8 - Sector E-1, Bahria Town Phase 8",,,7
"5 Marla Residential Plot available for sale in Bahria Town Phase 8 - Sector E-3, Rawalpindi",,"Bahria Town Phase 8 - Sector E-3, Bahria Town Phase 8",,,7
5 Marla Residential Plot For Sale In Rawalpindi 5 Marla Overseas,,"Capital Smart City Overseas, Capital Smart City",,,7
Looking For A Main Double Road Residential Plot In Bahria Hamlet,,"Bahria Hamlet, Bahria Town Phase 8",,,8
10 Marla Solid Land Plot For Sale In Overseas 6 Phase 8,,"Bahria Greens - Overseas Enclave - Sector 6, Bahria Greens - Overseas Enclave",,,8
Corner Extraland Plot,,"Taj Residencia, Rawalpindi",,,8
Residential Plot In Taj Residencia - Lily Block Sized 5 Marla Is Available,,"Taj Residencia - Lily Block, Taj Residencia",,,8
05 Marla On Reasonable Price,,"Taj Residencia - Gardenia Block, Taj Residencia",,,8
Plot For Sale In Tulsa Road Lalazar Few Steps From SLS School And Main Tulsa Chowk,,"Tulsa Road, Rawalpindi",,,8
Buying A On Excellent Location Residential Plot In Bahria Town Phase 8 - Block B?,,"Bahria Town Phase 8 - Block B, Bahria Town Phase 8",,,8
Get An Attractive Commercial Plot In Rawalpindi Under Rs. 60000000,,"Bahria Business District, Bahria Town Phase 8",,,8
1 Kanal Plot for Sale in Bahria Town Phase 8 Sector A | Ideal Location,,"Bahria Town Phase 8 - Block A, Bahria Town Phase 8",,,8
24 MARLA MOST PRIME LOCATION,,"Bahria Intellectual Village, Bahria Town Rawalpindi",,,8
Exclusive Street Corner Plot For Sale With Extra Land,,"Bahria Hills, Bahria Town Phase 8",,,8
Plot Most Prime Location Near Commercial And Mosque For Sale,,"Bahria Hills, Bahria Town Phase 8",,,8
"Prime 1 Kanal Residential Plot for Sale in Sector P, Bahria Town Phase 8 Front Open, Near Park & Masjid",,"Bahria Town Phase 8 - Block P, Bahria Town Phase 8",,,8
"12 Marla Corner Plot for Sale in Overseas Green 2, Bahria Town Rawalpindi",,"Bahria Greens - Overseas Enclave - Sector 2, Bahria Greens - Overseas Enclave",,,8
10 MARLA BOULEVARD BACK OPEN PLOT FOR SALE IN SECTOR L,,"Bahria Town Phase 8 - Block L, Bahria Town Phase 8",,,8
2.5 Marla Commercial Plot Available For Sale In Block C,,"Bahria Town Phase 8 - Block C, Bahria Town Phase 8",,,8
10 MARLA READY TO CONSTRUCT PLOT NEAR SLS SCHOOL BLOCK F-2,,"Bahria Town Phase 8 - Sector F-2, Bahria Town Phase 8",,,8
5 Marla Residential Plot For Sale In Rawalpindi 5 Marla Overseas,,"Capital Smart City Overseas, Capital Smart City",,,8
"In Bahria Town Phase 8 - Block H Of Rawalpindi, A 12 Marla Residential Plot Is Available",,"Bahria Town Phase 8 - Block H, Bahria Town Phase 8",,,8
Buy 10 Marla Residential Plot At Highly Affordable Price,,"Bahria Town Phase 8 - Block L, Bahria Town Phase 8",,,8
Top City-1 | Block C PLOT. Available For Sale Location: 50ft Road Sun Face,,"Top City-1, Rawalpindi",,,8
Sale The Ideally Located Residential Plot For An Incredible Price Of Pkr Rs. 19000000,,"Bahria Town Phase 8, Bahria Town Rawalpindi",,,8
Sale The Ideally Located Residential Plot For An Incredible Price,,"Bahria Town Phase 8, Bahria Town Rawalpindi",,,8
Get In Touch Now To Buy A 10 Marla Residential Plot In Bahria Town Phase 8 - Block L Rawalpindi,,"Bahria Town Phase 8 - Block L, Bahria Town Phase 8",,,8
10 Marla Spacious Residential Plot Is Available In Bahria Greens - Overseas Enclave - Sector 6 For Sale,,"Bahria Greens - Overseas Enclave - Sector 6, Bahria Greens - Overseas Enclave",,,8
A Great Choice For A 5 Marla Commercial Plot Available In Bahria Paradise,,"Bahria Paradise, Bahria Town Rawalpindi",,,9
2 Kanal Plot Commerical For Sale,,"Ayub National Park, Rawalpindi",,,9
CORNER PLOT WITH EXTRA LAND SOUTH FACE,,"Bahria Town Phase 8 - Block A, Bahria Town Phase 8",,,9
Bahria Phase 7 Plot for Sale at Investor's price. Ideal for Basement Lovers at very low budget.,,"Bahria Town Phase 7, Bahria Town Rawalpindi",,,9
Prime 1 Kanal Main Double Road Plot Available for Sale in UpCountry Enclosures,,"UpCountry Enclosures Housing Society, Rawalpindi",,,9
Good Location 2 Kanal Farm House Plot In Four Seasons Farm House Near ChakBeli Road Interchange Of Rawalpindi Ring Road,,"Chakbeli Road, Rawalpindi",,,9
New City Phase 2 Block A | Main Boulevard | 1 Kanal | 54 100 Ft.,,"Wah Link Road, Rawalpindi",,,9
Extra Land Paid Kanal Plot In Bahria Hamlet,,"Bahria Hamlet, Bahria Town Phase 8",,,9
Prime 3 Kanal GT Road Commercial Property | 90 Ft Front | Reasonable Price,,"GT Road, Rawalpindi",,,9
10 Marla Plot For Sale,,"Bahria Town Phase 8, Bahria Town Rawalpindi",,,9
Most Heighted Back Open Plot For Sale,,"Bahria Hamlet, Bahria Town Phase 8",,,9
10 Marla Plot For Sale In Bahria Town Rawalpindi,,"Bahria Town Phase 4, Bahria Town Rawalpindi",,,9
In Bahria Town Rawalpindi Phase 8 - Block-I 10Marla (35*70)Sized Residential Plot For Sale,,"Bahria Town Phase 8 - Block I, Bahria Town Phase 8",,,9
5Marla (25*45)Sized Residential Plot Ideally Situated In Bahria Town Phase 8 - Ali Block Rwp/Isb,,"Bahria Town Phase 8 - Ali Block, Bahria Town Phase 8 - Safari Valley",,,9
Bahria Town Rwp/Isb Phase1 17 Marla Residential Plot Availebe On Main Boulevard,,"Bahria Town Phase 1, Bahria Town Rawalpindi",,,9
Bahria Town Rwp Phase8 I Commercial 8Marla Extra Land Plot Available For Sale,,"Bahria Town Phase 8 - Block I, Bahria Town Phase 8",,,9
10 Marla (40*60)Sized Acantilado Commercial Available In Bahria Town Phase7 Rwp/Isb,,"Acantilado Commercial, Bahria Town Phase 7",,,9
Residential Plot For Sale Is Readily Available In Prime Location Of Bahria Town Phase 8 - Sector F-2,,"Bahria Town Phase 8 - Sector F-2, Bahria Town Phase 8",,,9
"Ideal 7 Marla Residential Plot Available In Bahria Town Phase 8 - Usman Block, Rawalpindi",,"Bahria Town Phase 8 - Usman Block, Bahria Town Phase 8 - Safari Valley",,,9
Residential Plot In Bahria Town Phase 8 - Block H For sale,,"Bahria Town Phase 8 - Block H, Bahria Town Phase 8",,,9
Get In Touch Now To Buy A 10 Marla Residential Plot In Rawalpindi,,"Bahria Town Phase 8 - Block A, Bahria Town Phase 8",,,9
"1 Kanal Residential Plot For Sale In Chaklala Scheme 3, Rawalpindi",,"Chaklala Scheme 3, Chaklala Scheme",,,9
"Investor Rate 10 Marla, Back Open, Plot For Sale in B Block, Phase 8, Bahria Town, Rawalpindi",,"Bahria Town Phase 8 - Block B, Bahria Town Phase 8",,,9
A Great Choice For A 5 Marla Commercial Plot Available In Bahria Paradise,,"Bahria Paradise, Bahria Town Rawalpindi",,,9
10 Marla Residential Plot Available For Sale In Bahria Town Phase 8 - Sector F-3,,"Bahria Town Phase 8 - Sector F-3, Bahria Town Phase 8",,,9
Your Ideal On Excellent Location 7 Marla Residential Plot # 239-N Is Available For Sale At Investor'S Price In Bahria Town Phase 8 - Usman Block.,,"Bahria Town Phase 8 - Usman Block, Bahria Town Phase 8 - Safari Valley",,,10
8 MARLA COMMERCIAL PLOT SPRING NORTH,,"Bahria Spring North, Bahria Town Phase 7",,,10
Builder Location Plot In Overseas 5,,"Bahria Greens - Overseas Enclave - Sector 5, Bahria Greens - Overseas Enclave",,,10
8 Marla Commercial Plot for Sale Spring North,,"Bahria Spring North, Bahria Town Phase 7",,,10
"Change Your Address To Prime Location Chakbeli Road, Chakbeli Road For A Reasonable Price Of Rs. 119750000",,"Chakbeli Road, Rawalpindi",,,10
Prime Location In Mandra - Chakwal Road Commercial Plot For Sale Sized 3 Kanal,,"Mandra - Chakwal Road, Mandra",,,10
Prime Location Commercial Plot 3 Kanal For Sale In Mandra,,"Mandra, Rawalpindi",,,10
"Rare 1 Kanal 4-Side Open Commercial Plot for Sale | Bahria Town Phase 8, Rawalpindi",,"Bahria Town Phase 8, Bahria Town Rawalpindi",,,10
1 KANAL PLOT FOR SALE,,"Bahria Town Phase 3, Bahria Town Rawalpindi",,,10
10 MARLA plot for sale Bahria town Rawalpindi PHESE 3,,"Bahria Town Phase 3, Bahria Town Rawalpindi",,,10
Corner Ak Kanal Plot For Sale,,"Bahria Town Phase 4, Bahria Town Rawalpindi",,,10
ak kanal level plot for sale,,"Bahria Town Phase 4, Bahria Town Rawalpindi",,,10
Bahria Town Rwp/Isb Phase8 Safari Valley Rafi Block 5Marla (25*45)Sized Residential Plot Available,,"Bahria Town Phase 8 - Rafi Block, Bahria Town Phase 8",,,10
Bahria Greens (Overseas Sector-3) 10Marla Residential Plot Available For Sale In Bahria Town Rawalpindi,,"Bahria Greens - Overseas Enclave - Sector 3, Bahria Greens - Overseas Enclave",,,10
Bahria Town Rwp/Isb Phase8 A1 Block 10Marla (35*70)Sized Park Facing & Back Open Residential Plot Available,,"Bahria Town Phase 8 - Block A1, Bahria Town Phase 8",,,10
Bahria Town Rwp/Isb Phase7 Spring North Commercial 5Marla (30*40)Sized Opposite To TMUC,,"Bahria Spring North, Bahria Town Phase 7",,,10
5 MARLA INVESTOR RATES PLOT AVAILABLE FOR SALE IN SECTOR A - ONLY CASH PAYMENT,,"Saffron City, GT Road",,,10
Buying A Residential Plot In Bahria Town Phase 8 - Sector F-3 Rawalpindi?,,"Bahria Town Phase 8 - Sector F-3, Bahria Town Phase 8",,,10
8 Marla Commercial Plot Available For Sale In Block C,,"Bahria Town Phase 8 - Block C, Bahria Town Phase 8",,,10
"Commercial Plot Of 16 Marla Is Available For Sale In Bahria Spring North, Rawalpindi",,"Bahria Spring North, Bahria Town Phase 7",,,10
1 Kanal Plot for Sale in Bahria Town Islamabad Prime Investment Opportunity!,,"Bahria Town Phase 5, Bahria Town Rawalpindi",,,10
"13 + 27 Marla Plots, 03 Side Cornor Plot on Misriot Road Chakri Road",,"Masriot, Rawalpindi",,,10
18Marla Corner & Park Facing Near Fatima Masjid Residential Plot Availble in Bahria Town Phase7 Rwp/Isb,,"Bahria Town Phase 7, Bahria Town Rawalpindi",,,10
Blue World City All Dues Clear 5 Marla Possession Plot Ready To Construction Near Serena Villas Near Road -4 Development Charges Paid Available For Sale,,"Blue World City - Sector 1, Blue World City",,,10
"Capital Smart City Overseas East Sector-J Develop ,Possession ,Ready To Construction 1 Kanal Plot Available For Sale",,"Capital Smart City Overseas Central, Capital Smart City",,,10
COMMERCIAL PLOTS FOR SALE,,"Bahria Paradise, Bahria Town Rawalpindi",,,11
Residential Plot Sized 10 Marla Available In Bahria Town Phase 8 - Sector F-3,,"Bahria Town Phase 8 - Sector F-3, Bahria Town Phase 8",,,11
5 Marla Plot in Sector E3,,"Bahria Town Phase 8 - Sector E-3, Bahria Town Phase 8",,,11
Bahria Town 1 Kanal Plot For Sale Overseas 5 Sector,,"Bahria Greens - Overseas Enclave - Sector 5, Bahria Greens - Overseas Enclave",,,11
Bahria Town Solid Land Plot For Sale,,"Bahria Town Phase 8 - Sector F-1, Bahria Town Phase 8",,,11
Bahria Town Overseas 5 Plot For Sale,,"Bahria Greens - Overseas Enclave - Sector 5, Bahria Greens - Overseas Enclave",,,11
Sector E Builder Location Plot For Sale,,"Bahria Town Phase 8 - Block E, Bahria Town Phase 8",,,11
Bahria Town Overseas 6 Plot For Sale,,"Bahria Greens - Overseas Enclave - Sector 6, Bahria Greens - Overseas Enclave",,,11
Bahria Town 10 Marla Plot For Sale,,"Bahria Town Phase 8 - Block B, Bahria Town Phase 8",,,11
Bahria Town Phase 7 Plot For Sale 10 Marla,,"Bahria Town Phase 7, Bahria Town Rawalpindi",,,11
Bahria Town Overseas 2 Plot For Sale 10 Marla,,"Bahria Greens - Overseas Enclave - Sector 2, Bahria Greens - Overseas Enclave",,,11
Plot In Bahria Town Phase 8 Builder Location,,"Bahria Town Phase 8 - Block L, Bahria Town Phase 8",,,11
Bahria Town Rwp/Isb Phase8 Safari Valley Usman Block 7Marla (30*55)Sized Residential Plot Available For Sale,,"Bahria Town Phase 8 - Usman Block, Bahria Town Phase 8 - Safari Valley",,,11
Bahria Town Rwp/Isb Phase8 P Block 1Kanal with Extra Land Plot Available For Sale,,"Bahria Town Phase 8 - Block P, Bahria Town Phase 8",,,11
Bahria Town Rwp/Isb Phase8 L Block 7Marla (30*60)Sized Residential Plot Available For Sale,,"Bahria Town Phase 8 - Block L, Bahria Town Phase 8",,,11
Bahria Greens (Overseas Sector-6) 10 Marla Residential Plot Avaible For Sale,,"Bahria Greens - Overseas Enclave - Sector 6, Bahria Greens - Overseas Enclave",,,11
Bahria Town Rwp Phase 8 Club City Adjacent With I Block 2Kanal With Huge Extra Land Residential Plot Available For Sale,,"Bahria Town Phase 8 - Club City, Bahria Town Phase 8",,,11
Kanal Plot File Booking Available Only On 10% Down Payment,,"Saffron City, GT Road",,,11
bahria town phase 8 corner Ring Road commercial 9marla plot,,"Bahria Town Phase 8, Bahria Town Rawalpindi",,,11
2800 Square Feet Plot For Sale Best Location Northway Islamabad Leave Plot,,"Airport Housing Society, Rawalpindi",,,11
5 Marla Corner Plot For Sale Best Location Northway Islamabad,,"Airport Housing Society, Rawalpindi",,,11
plot for sell beslaction nerhyway islamabad,,"Judicial Colony, Rawalpindi",,,11
3 Marla Plot For Sale Near Main Highway Islamabad,,"Gulbahar Scheme - Sector 1, Gulbahar Scheme",,,11
6 Marla Best Location Plot For Sale,,"Airport Housing Society, Rawalpindi",,,11
4 kanal Farms Houses plots available on cash and installments,,"Blue World City, Chakri Road",,,11
Prominently-Located 5 Marla Residential Plot Available In Bahria Town Phase 8 - Block M,,"Bahria Town Phase 8 - Block M, Bahria Town Phase 8",,,12
D Block Plot For Sale,,"Bahria Town Phase 8 - Block D, Bahria Town Phase 8",,,12
Rafi Block 5 Marla Plot For Sale,,"Bahria Town Phase 8 - Rafi Block, Bahria Town Phase 8",,,12
Bahria Town 5 Marla Plot For Sale,,"Bahria Town Phase 8 - Block L, Bahria Town Phase 8",,,12
17 Marla Corner Plot for Sale in Overseas 3 Bahria Town Phase 8 | Lake Garden | Extra Land Paid**,,"Bahria Greens - Overseas Enclave - Sector 3, Bahria Greens - Overseas Enclave",,,12
**534 Sq. Yd Plot For Sale In A Block Bahria Town Phase 8 | Plot 523 | Possession & Utility Paid**,,"Bahria Town Phase 8 - Block A, Bahria Town Phase 8",,,12
23 Marla Usman D Corner Plot For Sale,,"Bahria Town Phase 8 - Usman D Block, Bahria Town Phase 8 - Safari Valley",,,12
Phase 7 Commercial Plot 5 Marla For Sale,,"Bahria Town Phase 7, Bahria Town Rawalpindi",,,12
C Block 10 Mala Plot For Sale,,"Bahria Town Phase 8 - Block C, Bahria Town Phase 8",,,12
Petrol Pump Plot For Sale In Linear Commercial,,"Linear Commercial Centre, Bahria Town Rawalpindi",,,12
Highly-Desirable Commercial Plot Available In Bahria Town Phase 8 - Sector E-1 For sale,,"Bahria Town Phase 8 - Sector E-1, Bahria Town Phase 8",,,12
"5 Marla Commercial Plot Available For Sale With Map, Boulevard, Possession & Utility Paid",,"Bahria Square Commercial, Bahria Town Phase 7",,,12
Bahria Town Rwp/Isb Phase 8 L Block 10 Marla Residential Plot Availble For Sale,,"Bahria Town Phase 8 - Block L, Bahria Town Phase 8",,,12
Bahria Town Rwp Phase8 Bahria Hamlet 2kanal with Huge Extra Land Plot Available For Sale,,"Bahria Hamlet, Bahria Town Phase 8",,,12
Bahria Town Rwp/Isb Phase8 M Block 8Marla with 2Marla Extra Land Residential Plot Available For Sale,,"Bahria Town Phase 8 - Block M, Bahria Town Phase 8",,,12
5 Marla Plots Available On Installments - Pre Launch Offer,,"Marble Arch Enclave, Girja Road",,,12
Airport housing socity sector4 5marla Residential plot For sale,,"Airport Housing Society - Sector 4, Airport Housing Society",,,12
one Kanal 3-Side Corner Commercial Plot Bahria Town Phase 4 (civic Center),,"Bahria Town - Civic Centre, Bahria Town Phase 4",,,12
"1 Kanal Solid & Level, St Park Facing Plot at very Prime Location",,"Bahria Town Phase 8 - Block P, Bahria Town Phase 8",,,12
1 Kanal Plot For Sale Near Commercial Best Location Back Side Open Serious Buyers Contact,,"Judicial Colony, Rawalpindi",,,12
"1,000 Kanal Total Compact Land Thallian Interchange Rawalpindi",,"Thalian Interchange, Rawalpindi",,,12
"1,000 Kanal Total Compact Land Thallian Interchange Rawalpindi",,"Thalian Interchange, Rawalpindi",,,12
1 Kanal Residential Plot For Sale Near Park,,"Chaklala Scheme 3, Chaklala Scheme",,,12
PLOT For Sale Near Old Lalazar Valley,,"Lalazar Valley, Rawalpindi",,,12
10 Marla Plot For Sale In Bahria Town Phese 5,,"Bahria Town Phase 5, Bahria Town Rawalpindi",,,12
Residential Plot Of 4875 Square Feet Is Available For sale In Bahria Spring North,,"Bahria Spring North, Bahria Town Phase 7",,,13
"Reasonably-Priced 7500 Square Feet Residential Plot In Bahria Hamlet, Rawalpindi Is Available As Of Now",,"Bahria Hamlet, Bahria Town Phase 8",,,13
"5 Marla Commercial Plot Available For Sale With Map, Boulevard, Possession & Utility Paid",,"Bahria Square Commercial, Bahria Town Phase 7",,,13
5 Marla Commercial Plot For Sale,,"Bahria Greens - Overseas Enclave - Sector 6, Bahria Greens - Overseas Enclave",,,13
8 Marla Mein Expressway Facing Plot For Sale In Bahria Town Islamabad Phase 7 Spring North,,"Bahria Spring South, Bahria Town Phase 7",,,13
8 Marla Commercial Plot Available For Sale In Block C,,"Bahria Town Phase 8 - Block C, Bahria Town Phase 8",,,13
8 Marla Plot For Sale,,"Bahria Town Phase 8 - Usman Block, Bahria Town Phase 8 - Safari Valley",,,13
10 Marla Plot For Sale In Top City-1 Islamabad,,"Top City-1, Rawalpindi",,,13
"High ROI Investment, 1250 Sq. Ft Secure, Ready for Possession, Prime Corner Plot, in Block-G, Top City-1 Islamabad.",,"Top City-1, Rawalpindi",,,13
Plots Available On Installments,,"Blue World City, Chakri Road",,,13
10 Marla Plot With Extra Land,,"Bahria Town Phase 8 - Block H, Bahria Town Phase 8",,,13
10 Marla Plot With 11 Marla Extra Land,,"Bahria Greens - Overseas Enclave - Sector 6, Bahria Greens - Overseas Enclave",,,13
1 Kanal Plot Ready To Construct In Sector P Bahria Town Phase 8 .,,"Bahria Town Phase 8 - Block P, Bahria Town Phase 8",,,13
Stunning 1200 Square Yards Commercial Plot In Bahria Town Phase 8 - Block H Available,,"Bahria Town Phase 8 - Block H, Bahria Town Phase 8",,,13
5 Marla Commercial Plot For sale In Beautiful Bahria Town Phase 7,,"Bahria Town Phase 7, Bahria Town Rawalpindi",,,13
20 Marla Spacious Residential Plot Available In Bahria Town Phase 8 - Sector F-4 For sale,,"Bahria Town Phase 8 - Sector F-4, Bahria Town Phase 8",,,13
Centrally Located On Excellent Location Residential Plot Available In Bahria Town Phase 8 - Block B For sale,,"Bahria Town Phase 8 - Block B, Bahria Town Phase 8",,,13
10 Marla Plot For Sale In Bahria Town Ph5,,"Bahria Town Phase 5, Bahria Town Rawalpindi",,,13
35x72 Plot For Sale In Bahria Town Safari Villa 1 Sector F,,"Safari Villas - Sector F, Bahria Town - Safari Villas",,,13
Plot No 1645 Top Heighted Plot,,"Bahria Greens - Overseas Enclave - Sector 5, Bahria Greens - Overseas Enclave",,,13
Map Possession Utility All Charges Paid,,"Bahria Greens - Overseas Enclave - Sector 5, Bahria Greens - Overseas Enclave",,,13
Corner plot with huge front For Sale,,"Bahria Town Phase 8 - Block I, Bahria Town Phase 8",,,13
1700 Series Sale As A Investor Rate,,"Bahria Town Phase 7, Bahria Town Rawalpindi",,,13
Blvd Front Back Open Forever Plot For Sale,,"Bahria Town Phase 8 - Block M, Bahria Town Phase 8",,,13
5 Marla Plot Ready For Construction,,"Rose Garden, Bahria Town Phase 8",,,13
7 Marla Plot Is Available For Sale In Bahria Town Phase 8 Rawalpindi,,"Bahria Town Phase 8 - Ali Block, Bahria Town Phase 8 - Safari Valley",,,14
8 Marla Residential Plot Is Available For Sale Bahria Town Phase 8 Rawalpindi,,"Bahria Town Phase 8, Bahria Town Rawalpindi",,,14
Capital Smart City Overseas East Block E 5 Marla Street 9 Sun Facing Near To Main Theme Park Solid Land Possession Able Plot Available For Sale,,"Capital Smart City, Rawalpindi",,,14
Get A 5 Marla Residential Plot For Sale In Capital Smart City,,"Capital Smart City, Rawalpindi",,,14
"1 Kanal Residential Plot For Sale Taj Residencia, Tulip Block",,"Taj Residencia - Tulip Block, Taj Residencia",,,14
Kanal Plot For Sale In Bahria Town Rawalpindi,,"Bahria Town Phase 6, Bahria Town Rawalpindi",,,14
Kanal Corner Plot For Sale In Phase 3 Bahria Town Rawalpindi,,"Bahria Town Phase 3, Bahria Town Rawalpindi",,,14
Premium 7-Marla Corner Commercial Plot Prime Location Excellent Investment opportunity,,"Bahria Paradise, Bahria Town Rawalpindi",,,14
10 Marla Level Plot Passion Utility Paid,,"Bahria Town Phase 2, Bahria Town Rawalpindi",,,14
1 Kanal Boulevard Corner All Dues Clear Prime Location,,"Bahria Town Phase 2, Bahria Town Rawalpindi",,,14
10 Marla Prime Location Level Plot Passion Utility Charges Paid,,"Bahria Town Phase 2, Bahria Town Rawalpindi",,,14
KANAL BOULEVARD CORNER LEVEL PLOT,,"Bahria Town Phase 2, Bahria Town Rawalpindi",,,14
On Excellent Location 1 Kanal Residential Plot In Bahria Town Phase 8 - Block A For sale,,"Bahria Town Phase 8 - Block A, Bahria Town Phase 8",,,14
Reserve A Centrally Located On Excellent Location Residential Plot Of 5 Marla In Bahria Town Phase 8 - Rafi Block,,"Bahria Town Phase 8 - Rafi Block, Bahria Town Phase 8",,,14
Spacious On Excellent Location Residential Plot Is Available In Bahria Town Phase 8 - Ali Block For sale,,"Bahria Town Phase 8 - Ali Block, Bahria Town Phase 8 - Safari Valley",,,14
"On Excellent Location Residential Plot Of 1 Kanal Is Available For sale In Bahria Greens - Overseas Enclave - Sector 1, Rawalpindi",,"Bahria Greens - Overseas Enclave - Sector 1, Bahria Greens - Overseas Enclave",,,14
Get An Attractive On Excellent Location Residential Plot In Rawalpindi Under Rs. 8000000,,"Bahria Town Phase 8 - Block M, Bahria Town Phase 8",,,14
Plot For Sale Near To Mosque And Business District,,"Bahria Town Phase 8 - Block B, Bahria Town Phase 8",,,14
In Bahria Town Phase 8 - Block L 8 Marla Residential Plot For sale,,"Bahria Town Phase 8 - Block L, Bahria Town Phase 8",,,14
Ideal Residential Plot For Sale In Bahria Town Phase 8 - Block L,,"Bahria Town Phase 8 - Block L, Bahria Town Phase 8",,,14
Corner Plot With 40 Feet Front,,"Bahria Town Phase 8 - Umer Block, Bahria Town Phase 8 - Safari Valley",,,14
18 Marla Plot With Huge Front Plot No 810,,"Bahria Town Phase 8 - Block A, Bahria Town Phase 8",,,14
Plot No Solid Land 13 Marla Plot Extraland Not Paid,,"Bahria Town Phase 8 - Block A, Bahria Town Phase 8",,,14
Plot no 797 For Sale,,"Bahria Town Phase 8 - Block A, Bahria Town Phase 8",,,14
8 Marla Residential Plot Is Available In Bahria Town Phase 8 - Block L,,"Bahria Town Phase 8 - Block L, Bahria Town Phase 8",,,14
Kanal Corner With 6 Marla Extra Land Paid,,"Bahria Town Phase 1, Bahria Town Rawalpindi",,,15
CORNER SUN FACE PRIME LOCATION LEVEL PLOT,,"Bahria Town Phase 5, Bahria Town Rawalpindi",,,15
10 Marla Prime Location Street 15,,"Bahria Town Phase 8 - Sector F-1, Bahria Town Phase 8",,,15
1 Kanal Boulevard Corner Plot,,"Bahria Town Phase 3, Bahria Town Rawalpindi",,,15
10 Marla Plot For Sale In Bahria Town Rawalpindi,,"Bahria Town Phase 2, Bahria Town Rawalpindi",,,15
Kanal corner plot for sale in bahria town Rawalpindi,,"Bahria Town Phase 4, Bahria Town Rawalpindi",,,15
10 Marla Plot For Sale in Sector F1 - Bahria Town Phase VIII,,"Bahria Town Phase 8 - Sector F-1, Bahria Town Phase 8",,,15
10 Marla Plot Near Park & Mosque,,"Bahria Town Phase 8 - Block E, Bahria Town Phase 8",,,15
Heighted Back Open Plot Near Dua Chowk,,"Bahria Greens - Overseas Enclave - Sector 5, Bahria Greens - Overseas Enclave",,,15
1 Kanal Plot For Sale In Bahria Town Phase 1 Rwp,,"Bahria Town Phase 1, Bahria Town Rawalpindi",,,15
Paradise Commercial 7 Marla Corner Plot For Sale,,"Bahria Paradise, Bahria Town Rawalpindi",,,15
5 Marla Plot For Sale In Gulrez 2 Rasool Town,,"Gulraiz Housing Society Phase 2, Gulraiz Housing Scheme",,,15
A Spacious On Excellent Location 10 Marla Residential Plot In Bahria Town Phase 8 - Block A,,"Bahria Town Phase 8 - Block A, Bahria Town Phase 8",,,15
On Excellent Location Residential Plot Of 1 Kanal In Bahria Greens - Overseas Enclave - Sector 3 For sale,,"Bahria Greens - Overseas Enclave - Sector 3, Bahria Greens - Overseas Enclave",,,15
Centrally Located On Excellent Location Residential Plot In Bahria Town Phase 8 - Umer Block Is Available For sale,,"Bahria Town Phase 8 - Umer Block, Bahria Town Phase 8 - Safari Valley",,,15
A Perfect On Excellent Location Residential Plot Awaits You In Bahria Town Phase 8 - Usman Block Rawalpindi,,"Bahria Town Phase 8 - Usman Block, Bahria Town Phase 8 - Safari Valley",,,15
Plot For Sale In Defiance Road,,"Adiala Road, Rawalpindi",,,15
Residential Plot For Grabs In 10 Marla Rawalpindi,,"Bahria Town Phase 8 - Block L, Bahria Town Phase 8",,,15
8 Marla Corner Plot For Sale In L Block Phase 8,,"Bahria Town Phase 8 - Block L, Bahria Town Phase 8",,,15
Stunning Residential Plot Is Available For sale In Bahria Greens - Overseas Enclave - Sector 2,,"Bahria Greens - Overseas Enclave - Sector 2, Bahria Greens - Overseas Enclave",,,15
Highly-Desirable Residential Plot Available In Bahria Greens - Overseas Enclave - Sector 3 For sale,,"Bahria Greens - Overseas Enclave - Sector 3, Bahria Greens - Overseas Enclave",,,15
Get In Touch Now To Buy A Residential Plot In Bahria Hamlet Rawalpindi,,"Bahria Hamlet, Bahria Town Phase 8",,,15
Fair-Priced 1 Kanal Residential Plot Available In Bahria Hamlet,,"Bahria Hamlet, Bahria Town Phase 8",,,15
Bahria Greens (Overseas Sector-3) 10Marla Residential Plot Available For Sale,,"Bahria Greens - Overseas Enclave - Sector 3, Bahria Greens - Overseas Enclave",,,15
7Marla (30*55)Sized On Main Boulevard Residential Plot In Bahria Town Phase 8 - Ali Block Plot For Sale At Good Location,,"Bahria Town Phase 8 - Ali Block, Bahria Town Phase 8 - Safari Valley",,,15
Plot For Sale In DHA 6,,"Bahria Town Phase 7, Bahria Town Rawalpindi",,,16
Corner 2 Kanal Plot At Investor Price Near Masjid & Commercial,,"Bahria Greens - Overseas Enclave - Sector 5, Bahria Greens - Overseas Enclave",,,16
7 Marla Ready To Construction Plot Available For Sale In Overseas Prime Sector D In Capital Smart City,,"Capital Smart City Overseas Prime - Sector D, Capital Smart City Overseas Prime",,,16
1 Kanal Ready to Construction Plot Available for Sale in Overseas Block of Capital Smart City,,"Capital Smart City Overseas, Capital Smart City",,,16
CORNER PLOT FOR SALE,,"Bahria Town Phase 8 - Abu Bakar Block, Bahria Town Phase 8 - Safari Valley",,,16
Ideal Residential Plot In Capital Smart City Available For Rs. 6600000,,"Capital Smart City, Rawalpindi",,,16
Corner Extra Land Top Height Scenic Views Plot,,"Bahria Hamlet, Bahria Town Phase 8",,,16
10 Marla Corner Plot For Sale In Phase 3 Bahria Town Rawalpindi,,"Bahria Town Phase 3, Bahria Town Rawalpindi",,,16
Kanal Corner Plot For Sale In Phase 1 Bahria Town Rawalpindi,,"Bahria Town Phase 1, Bahria Town Rawalpindi",,,16
Kanal Boulevard And Corner Plot For Sale In Phase 2 Bahria Town Rawalpindi,,"Bahria Town Phase 2, Bahria Town Rawalpindi",,,16
Kanal Corner Plot For Sale In Phase 2 Bahria Town Rawalpindi,,"Bahria Town Phase 2, Bahria Town Rawalpindi",,,16
10 Marla Corner Plot For Sale In Phase 5 Bahria Town Rawalpindi,,"Bahria Town Phase 5, Bahria Town Rawalpindi",,,16
"1,000 Kanal Total Compact Land Thallian Interchange Rawalpindi",,"Thalian Interchange, Rawalpindi",,,16
Very Beautiful Residential Plot For Sale,,"Punjab Government Servant Housing Foundation (PGSHF), Rawalpindi",,,16
Very Beautiful Residential Plot For Sale,,"Punjab Government Servant Housing Foundation (PGSHF), Rawalpindi",,,16
Very Beautiful Residential Plot For Sale,,"Punjab Government Servant Housing Foundation (PGSHF), Rawalpindi",,,16
5 Marla Corner Plot File For Sale In Blue World City Islamabad,,"Blue World City - Sports Valley, Blue World City",,,16
Ideal 7 Marla With 2 Marla Extra Land Residential Plot Is Available For Sale In Bahria Town Phase8 Khalid Block Rawalpindi,,"Bahria Town Phase 8 - Khalid Block, Bahria Town Phase 8 - Safari Valley",,,16
Stunning and affordable 7Marla with Extra Land Residential Plot on Mian Boulevard available for sale in Bahria Town Phase 8 - Abu Bakar Block,,"Bahria Town Phase 8 - Abu Bakar Block, Bahria Town Phase 8 - Safari Valley",,,16
Residential Plot 14 Marla For Sale In Bahria Hamlet,,"Bahria Hamlet, Bahria Town Phase 8",,,16
10Marla (35*70)Sized Residential Plot In Bahria Town Phase 8 - Block N For Sale,,"Bahria Town Phase 8 - Block N, Bahria Town Phase 8",,,16
Perfect 10Marla (35*70)Sized Residential Plot In Bahria Town Phase 8 - Block K For Sale (Rwp/Isb),,"Bahria Town Phase 8 - Block K, Bahria Town Phase 8",,,16
Looking For A 10Marla (35*70)Sized Residential Plot In Bahria Town Phase 8 - Block I Rawalpindi,,"Bahria Town Phase 8 - Block I, Bahria Town Phase 8",,,16
Centrally Located 10Marla Residential Plot In Bahria Town Phase 8 - Block G Is Available For Sale,,"Bahria Town Phase 8 - Block G, Bahria Town Phase 8",,,16
10 MARLA LEVEL RESIDENTIAL PLOT AVAILABLE FOR SALE IN BLOCK C,,"Bahria Town Phase 8 - Block C, Bahria Town Phase 8",,,16
Extra Land Plot For Sale In Phase 3 Bahria Town Rawalpindi,,"Bahria Town Phase 3, Bahria Town Rawalpindi",,,17
PLOT FOR SALE,,"Bahria Town Phase 8 - Usman Block, Bahria Town Phase 8 - Safari Valley",,,17
BUILDER LOCATION PLOT FOR SALE,,"Bahria Town Phase 8 - Umer Block, Bahria Town Phase 8 - Safari Valley",,,17
5 Marla pair plot ali block Is Available For Sale In Bahria Town Phase 8 Rawalpindi,,"Bahria Town Phase 8, Bahria Town Rawalpindi",,,17
5 Marla Residencial Plot Is Available On 22% Discounted Pre- Launch Rate For Sale On Installments In Capital Smart City Phase 3,,"Capital Smart City, Rawalpindi",,,17
5 Marla Plot Ready For Construction Available For Sale In Executive C Block Of Capital Smart City,,"Capital Smart City Executive - Block C, Capital Smart City Executive",,,17
5 Marla Plot Ready For Construction Available For Sale In Executive B Block Of Capital Smart City,,"Capital Smart City Executive - Block B, Capital Smart City Executive",,,17
5 Marla Ready To Construction Plot Available For Sale In Overseas East Block In Capital Smart City,,"Capital Smart City Overseas - Block E, Capital Smart City Overseas",,,17
1 Kanal Double Category Park Face Ready To Construction Plot Available For Sale In Overseas Prime Block In Capital Smart City,,"Capital Smart City Overseas Prime - Sector H, Capital Smart City Overseas Prime",,,17
5 Marla Plot Ready For Construction Available For Sale In Overseas East H Block Of Capital Smart City,,"Capital Smart City Overseas - Block H, Capital Smart City Overseas",,,17
Fair-Priced 10 Marla Residential Plot Available In Capital Smart City,,"Capital Smart City, Rawalpindi",,,17
11 Marla 3570 Most Premium Plot Map Utility Possession Paid Level,,"Bahria Town Phase 2, Bahria Town Rawalpindi",,,17
5 Marla Commercial Plot For Sale Bahria Town Phase 7,,"Bahria Town Phase 7, Bahria Town Rawalpindi",,,17
Premium 31 Marla Residential Plot Is Available For sale In Rawalpindi,,"Bahria Hamlet, Bahria Town Phase 8",,,17
Residential Plot Of 10 Marla Is Available For sale In Bahria Town Phase 8 - Block E,,"Bahria Town Phase 8 - Block E, Bahria Town Phase 8",,,17
Bahria Town Phase 8 - Usman Block Residential Plot Sized 7 Marla For sale,,"Bahria Town Phase 8 - Usman Block, Bahria Town Phase 8 - Safari Valley",,,17
Petrol Pump Approved Commercial Plot On Main Saidpur Road Investors Golden Opportunity.,,"Saidpur Road, Rawalpindi",,,17
Centrally Located 1Kanal 4marla Extra Land Paid Residential Plot Available In Bahria Phase7 Rwp/Isb For Sale,,"Bahria Hills View, Bahria Town Phase 7",,,17
BOULEVARD BACK OPEN 5 MARLA PLOT FOR SALE IN BLOCK-M,,"Bahria Town Phase 8 - Block M, Bahria Town Phase 8",,,17
1 KANAL BOULEVARD PLOT WITH TOP LOCATION IS AVAILABLE FOR SALE IN BLOCK A-1,,"Bahria Town Phase 8 - Block A1, Bahria Town Phase 8",,,17
1 KANAL HEIGHTED VIEW RESIDENTIAL PLOT AVAILABLE FOR SALE IN BAHRIA HAMLET,,"Bahria Hamlet, Bahria Town Phase 8",,,17
Residential Plot Sized 10Marla (35*70)Sized On Main Boulevard & Back Open Available In Bahria Town Phase 8 - Block-C Rwp,,"Bahria Town Phase 8 - Block C, Bahria Town Phase 8",,,17
10 MARLA PLOT NEAR SLS SCHOOL IN F-3 BLOCK,,"Bahria Town Phase 8 - Sector F-3, Bahria Town Phase 8",,,17
PRIME PAIR PLOTS 10 MARLA FOR SALE IN BLOCK B,,"Bahria Town Phase 8 - Block B, Bahria Town Phase 8",,,17
LEVEL SOLID 10 MARLA PLOT FOR SALE IN K BLOCK,,"Bahria Town Phase 8 - Block K, Bahria Town Phase 8",,,17
Plot With Possession For Sale,,"Bahria Town Phase 8 - Block M, Bahria Town Phase 8",,,18
1 Kanal Plot With Possession,,"Bahria Town Phase 8 - Sector F-4, Bahria Town Phase 8",,,18
Kanal Plot For Sale In Bahria Town Rawalpindi,,"Bahria Town Phase 3, Bahria Town Rawalpindi",,,18
Kanal Corner Plot For Sale In Phase 3 Bahria Town Rawalpindi,,"Bahria Town Phase 3, Bahria Town Rawalpindi",,,18
Kanal Boulevard Plot For Sale In Phase 3 Bahria Town Rawalpindi,,"Bahria Town Phase 3, Bahria Town Rawalpindi",,,18
Kanal Plot For Sale In Phase 3 Bahria Town Rawalpindi,,"Bahria Town Phase 3, Bahria Town Rawalpindi",,,18
1 Kanal Top Location Plot Available For Sale In Bahria Town Phase 3,,"Bahria Town Phase 3, Bahria Town Rawalpindi",,,18
10marla park face plot available for sale bahria town,,"Bahria Town Phase 2, Bahria Town Rawalpindi",,,18
"Plot for Sale Punjsarki, Near Saddar Rawalpindi 120 feet wide road Main Sarwar Road",,"Saddar, Rawalpindi",,,18
Boulevard Plot Umer Avenue Hub Commercial,,"Hub Commercial, Bahria Town Phase 8 - Safari Valley",,,18
15 Marla A Category Builders Choice,,"Bahria Town Phase 8 - Block G, Bahria Town Phase 8",,,18
Extra Land Plot On Top Height Location Scenic Views,,"Bahria Town Phase 8 - Block G, Bahria Town Phase 8",,,18
10 Marla Lavl Plot,,"Punjab Government Servant Housing Foundation (PGSHF), Rawalpindi",,,18
Pgshf 10 Marla Level Plot,,"Snober City - Green Villas, Snober City",,,18
snober city 3.5 Marla brand new house,,"Snober City - Green Villas, Snober City",,,18
5 Marla Plot Available Old Booking Capital Smart City,,"Capital Smart City, Rawalpindi",,,18
10 Marla Plot File Available For Sale In Al Haram City Phase 1 Tuba Black,,"Al-Haram City - Phase 1, Al-Haram City",,,18
CORNER 30 MARLA PLOT IS AVAILABLE FOR SALE IN BAHRIA HAMLET,,"Bahria Hamlet, Bahria Town Phase 8",,,18
12 MARLA BOULEVARD PLOT FOR SALE NEAR COMMERCIAL IN BLOCK-I,,"Bahria Town Phase 8 - Block I, Bahria Town Phase 8",,,18
7 MARLA IDEAL RESIDENTIAL PLOT AVAILABLE FOR SALE IN USMAN BLOCK,,"Bahria Town Phase 8 - Usman Block, Bahria Town Phase 8 - Safari Valley",,,18
10 MARLA BOULEVARD BACK OPEN PLOT FOR SALE IN BLOCK F-1,,"Bahria Town Phase 8 - Sector F-1, Bahria Town Phase 8",,,18
24 MARLA CORNER READY TO CONSTRUCT 100% SOLID PLOT FOR SALE IN OVERSEAS -5,,"Bahria Greens - Overseas Enclave - Sector 5, Bahria Greens - Overseas Enclave",,,18
SOLID LAND 10 MARLA PLOT FOR SALE IN BLOCK L,,"Bahria Town Phase 8 - Block L, Bahria Town Phase 8",,,18
10 MARLA PLOT NEAR SLS SCHOOL AVAILABLE FOR SALE IN BLOCK F-2,,"Bahria Town Phase 8 - Sector F-2, Bahria Town Phase 8",,,18
A Well Designed 10Marla (35*70)Sized Residential Plot Is Up For sale In An Ideal Location In Bahria Town Phase8 Sector-D Rawalpindi,,"Bahria Town Phase 8 - Block D, Bahria Town Phase 8",,,18
12 Marla Top Heighted Back Open Plot For Sale,,"Bahria Greens - Overseas Enclave - Sector 3, Bahria Greens - Overseas Enclave",,,19
A kanal plot available near پارک مسجد commercial very nice location.   best for builder and dream house,,"Bahria Town Phase 8 - Block A, Bahria Town Phase 8",,,19
Get A 5 Marla Residential Plot For Sale In Capital Smart City,,"Capital Smart City, Rawalpindi",,,19
Solid Land Usman Block Plot For Sale,,"Bahria Town Phase 8 - Usman Block, Bahria Town Phase 8 - Safari Valley",,,19
Bahria Town Usman D Plot For Sale,,"Bahria Town Phase 8 - Usman D Block, Bahria Town Phase 8 - Safari Valley",,,19
To sale You Can Find Spacious Residential Plot In Bahria Town Phase 8 - Block M,,"Bahria Town Phase 8 - Block M, Bahria Town Phase 8",,,19
Corner 13 Marla Plot,,"Bahria Town Phase 8 - Umer Block, Bahria Town Phase 8 - Safari Valley",,,19
Boulevard Corner,,"Bahria Town Phase 8 - Umer Block, Bahria Town Phase 8 - Safari Valley",,,19
Stunning Residential Plot Is Available For sale In Bahria Town Phase 8 - Umer Block,,"Bahria Town Phase 8 - Umer Block, Bahria Town Phase 8 - Safari Valley",,,19
Ideal Residential Plot In Capital Smart City Available For Rs. 6600000,,"Capital Smart City, Rawalpindi",,,19
5 Marla Residential Plot For sale In Capital Smart City Capital Smart City,,"Capital Smart City, Rawalpindi",,,19
23 Marla Corner Plot For Sale,,"Bahria Town Phase 8 - Usman D Block, Bahria Town Phase 8 - Safari Valley",,,19
Plot File Available For Sale In Dhanial Block,,"Al-Haram City - Phase 1, Al-Haram City",,,19
Get In Touch Now To Buy A 5 Marla Residential Plot In Al-Haram City - Phase 1 Al harmain black Rawalpindi,,"Al-Haram City - Phase 1, Al-Haram City",,,19
5 Marla Plot For Sale In Gulshan Kashmir Rawalpindi,,"Gulshan-e-Kashmir, Rawalpindi",,,19
7 Marla Plot For Sale In Al Haram City Rawalpindi,,"Al-Haram City - Phase 1, Al-Haram City",,,19
5 Marla Plot For Sale In Al Haram City Al harmain blackRawalpindi,,"Al-Haram City - Phase 1, Al-Haram City",,,19
10 MARLA PLOT FOR SALE IN BLOCK C,,"Bahria Town Phase 8 - Block C, Bahria Town Phase 8",,,19
1 KANAL RESIDENTIAL PLOT AVAILABLE FOR SALE IN BLOCK E,,"Bahria Town Phase 8 - Block E, Bahria Town Phase 8",,,19
READY TO CONSTRUCT 5 MARLA PLOT FOR SALE IN BLOCK E-4,,"Bahria Town Phase 8 - Sector E-4, Bahria Town Phase 8",,,19
DEAD END CORNER PLOT WITH EXTRA LAND AVAILABLE FOR SALE IN BLOCK-I,,"Bahria Town Phase 8 - Block I, Bahria Town Phase 8",,,19
7 MARLA PLOT AVAILABLE FOR SALE WITH REGISTRY PAPERS,,"Bahria Town Phase 8 - Umer Block, Bahria Town Phase 8 - Safari Valley",,,19
10 MARLA LEVEL RESIDENTIAL PLOT AVAILABLE FOR SALE IN BLOCK A,,"Bahria Town Phase 8 - Block A, Bahria Town Phase 8",,,19
8 MARLA RESIDENTIAL PLOT AVAILABLE FOR SALE IN BLOCK L,,"Bahria Town Phase 8 - Block L, Bahria Town Phase 8",,,19
10 MARLA SOLID RESIDENTIAL PLOT FOR SALE IN BLOCK -J,,"Bahria Town Phase 8 - Block J, Bahria Town Phase 8",,,19
5 Marla Plot With Possession For Sale,,"Blue World City, Chakri Road",,,20
10 Marla Plot In Sector B,,"Bahria Town Phase 8 - Block B, Bahria Town Phase 8",,,20
Reasonable Price Plot Available For Sale,,"Bahria Town Phase 8 - Abu Bakar Block, Bahria Town Phase 8 - Safari Valley",,,20
26 Marla Plot For Sale In Bahria Town Rawalpindi,,"Bahria Town Phase 5, Bahria Town Rawalpindi",,,20
10 Marla Plot For Sale In Bahria Town Rawalpindi,,"Bahria Town Phase 2, Bahria Town Rawalpindi",,,20
10 Marla Plot For Sale in Sector L,,"Bahria Town Phase 8 - Block L, Bahria Town Phase 8",,,20
"4500 Square Feet Residential Plot, At Premium Location, Available For Sale In Top City 1",,"Top City-1, Rawalpindi",,,20
Fair-Priced 10 Marla Residential Plot Available In Capital Smart City,,"Capital Smart City, Rawalpindi",,,20
5 Marla Residential Plot In Capital Smart City Is Available For Sale,,"Capital Smart City, Rawalpindi",,,20
10 Marla Plot On Cheap Rate For Sale,,"Bahria Town Phase 8 - Block L, Bahria Town Phase 8",,,20
10 Marla Pair Plots on Heighted Location For Sale,,"Bahria Town Phase 8 - Block D, Bahria Town Phase 8",,,20
8 Marla Plot With Extra Land For Sale,,"Bahria Town Phase 8 - Block I, Bahria Town Phase 8",,,20
Residential Plot Available For Sale,,"Al-Haram City, Chakri Road",,,20
Residential Plot Available For Sale,,"Gulshan-e-Kashmir, Rawalpindi",,,20
5 Marla Plot For Sale,,"Al-Haram City, Chakri Road",,,20
CBR TOWN PHASE 2 1 KANAL PLOT FOR SALE | BLOCK A| 50 FT ROAD WIDE,,"CBR Town Phase 2, Rawalpindi",,,20
1 Kanal Plot For Sale At Main Bulevard Highted Area,,"Punjab Government Servant Housing Foundation (PGSHF), Rawalpindi",,,20
43 MARLA WITH OUTSTANDING LOCATION IN OVERSEAS -1,,"Bahria Greens - Overseas Enclave - Sector 1, Bahria Greens - Overseas Enclave",,,20
21 MARLA READY TO CONSTRUCT PLOT AVAILABLE FOR SALE IN BLOCK A,,"Bahria Town Phase 8 - Block A, Bahria Town Phase 8",,,20
10 MARLA LEVEL RESIDENTIAL PLOT AVAILABLE FOR SALE IN BLOCK B,,"Bahria Town Phase 8 - Block B, Bahria Town Phase 8",,,20
7 MARLA BOULEVARD CORNER ON TOP LOCATION IN ABUBAKAR BLOCK,,"Bahria Town Phase 8 - Abu Bakar Block, Bahria Town Phase 8 - Safari Valley",,,20
TOP LOCATION PLOT AVAILABLE FOR SALE IN BLOCK - C,,"Bahria Town Phase 8 - Block C, Bahria Town Phase 8",,,20
10 MARLA PLOT FOR SALE WITH STUNNING LOCATION IN BLOCK -C,,"Bahria Town Phase 8 - Block C, Bahria Town Phase 8",,,20
12 MARLA CORNER PLOT WITH REGISTRY AVAILABLE FOR SALE IN BLOCK-H,,"Bahria Town Phase 8 - Block H, Bahria Town Phase 8",,,20
16 MARLA CORNER PLOT WITH OUTSTANDING LOCATION IN BLOCK-I,,"Bahria Town Phase 8 - Block I, Bahria Town Phase 8",,,20
1 Kanal Plot On Builders Location For Sale,,"Bahria Greens - Overseas Enclave - Sector 5, Bahria Greens - Overseas Enclave",,,21
1 Kanal Plot On Prime Location Of A Block,,"Bahria Town Phase 8 - Block A, Bahria Town Phase 8",,,21
10 Marla Back Open Plot On Reasonable Price,,"Bahria Town Phase 8 - Block J, Bahria Town Phase 8",,,21
10 Marla Plot On Reasonable Rate For Sale,,"Bahria Town Phase 8 - Block A, Bahria Town Phase 8",,,21
1 Kanal Beautiful Location Plot For Sale,,"Bahria Town Phase 8 - Block A, Bahria Town Phase 8",,,21
3 Kanal Corner Plot On Prime Location On Cheao Price,,"Bahria Greens - Overseas Enclave - Sector 1, Bahria Greens - Overseas Enclave",,,21
12 Marla Level Plot Near To Masjid For Sale,,"Bahria Town Phase 8 - Block L, Bahria Town Phase 8",,,21
1 Kanal Blvd Back Open Plot On ideal Location,,"Bahria Town Phase 8 - Block P, Bahria Town Phase 8",,,21
1 Kanal Level Plot on Ideal Location For Sale,,"Bahria Town Phase 3, Bahria Town Rawalpindi",,,21
10 Marla Plot Near To Park And Masjid For Sale,,"Bahria Town Phase 3, Bahria Town Rawalpindi",,,21
Front Open 80 Feet Road Plot Available For Sale,,"Bahria Town Phase 8 - Block A1, Bahria Town Phase 8",,,21
Builder'S Location Heighted Plot Available For Sale,,"Bahria Greens - Overseas Enclave - Sector 3, Bahria Greens - Overseas Enclave",,,21
5 Marla Corner Plot,,"Punjab Government Servant Housing Foundation (PGSHF), Rawalpindi",,,21
12 Marla Corner With Alot Green Belt,,"Punjab Government Servant Housing Foundation (PGSHF), Rawalpindi",,,21
SAFFRON CITY SECTER B,,"Saffron City, GT Road",,,21
1 Kanal Plot Available In Bahria Hamlet,,"Bahria Hamlet, Bahria Town Phase 8",,,21
plot for sale prime location of snober city   near to market,,"Snober City, Adiala Road",,,21
10 MARLA PLOT AVAILABLE ON REASONABLE PRICE IN SECTOR A,,"Bahria Town Phase 8 - Block A, Bahria Town Phase 8",,,21
1 KANAL BOULEVARD BACK OPEN PLOT AVAILABLE FOR SALE IN BLOCK-A,,"Bahria Town Phase 8 - Block A, Bahria Town Phase 8",,,21
HUGE CORNER PLOT 36 MARLA AVAILABLE FOR SALE IN BLOCK-A,,"Bahria Town Phase 8 - Block A, Bahria Town Phase 8",,,21
PRIME PAIR PLOTS 10 MARLA AVAILABLE FOR SALE IN BLOCK - D,,"Bahria Town Phase 8 - Block D, Bahria Town Phase 8",,,21
5 MARLA PLOT WITH SOLID LAND AVAILABLE FOR SALE IN BLOCK L,,"Bahria Town Phase 8 - Block L, Bahria Town Phase 8",,,21
7 MARLA PLOT AVAILABLE FOR SALE ON PRIME LOCATION IN UMER BLOCK,,"Bahria Town Phase 8 - Umer Block, Bahria Town Phase 8 - Safari Valley",,,21
Bahria Town Rwp/Isb Phase8 E1 Block 10Marla (35*70)Sized Residential Plot Available For Sale,,"Bahria Town Phase 8 - Sector E-1, Bahria Town Phase 8",,,21
Possession Plots Available for Sale in Blue World City Islamabad   Available on Cash Payment Ready for Possession! A great opportunity to secure your plot in one of Islamabads emerging residential destinations.,,"Blue World City, Chakri Road",,,21
14 Marla Builder'S Location Plot Available For Sale,,"Bahria Greens - Overseas Enclave - Sector 6, Bahria Greens - Overseas Enclave",,,22
Bw Plot Available For Sale At Prime Location,,"Bahria Town Phase 8 - Block P, Bahria Town Phase 8",,,22
Ideal Residential Plot In Capital Smart City Available For Rs. 6600000,,"Capital Smart City, Rawalpindi",,,22
Builders Location Plot Available For Sale,,"Bahria Town Phase 7, Bahria Town Rawalpindi",,,22
35 Plot Number Opposite Dr A Q Khan College,,"Bahria Town Phase 8 - Ali Block, Bahria Town Phase 8 - Safari Valley",,,22
Corner 68 Hub Commercial Plot For Sale,,"Bahria Town Phase 8, Bahria Town Rawalpindi",,,22
5 Marla Plot Ready For Construction Available For Sale In Overseas East Block Of Capital Smart City,,"Capital Smart City Overseas - Block E, Capital Smart City Overseas",,,22
Get A 5 Marla Residential Plot For Sale In Capital Smart City,,"Capital Smart City, Rawalpindi",,,22
7 Marla Plot For Sale In Usman Block,,"Bahria Town Phase 8 - Usman Block, Bahria Town Phase 8 - Safari Valley",,,22
Corner Plot Near Future World School,,"Bahria Town Phase 8 - Block I, Bahria Town Phase 8",,,22
11 Marla Plot For Sale In Bahria Hills Near Phase VII,,"Bahria Hills, Bahria Town Phase 8",,,22
3 Investor Price Plot Phase 7,,"Bahria Town Phase 7, Bahria Town Rawalpindi",,,22
13 marla Corner Plot for sale in Bahria Town Phase 8 Sector L,,"Bahria Town Phase 8 - Block L, Bahria Town Phase 8",,,22
Plot for Sale in Safron City,,"Saffron City, GT Road",,,22
Looking For A Residential Plot In Rawalpindi,,"Bahria Town Phase 7, Bahria Town Rawalpindi",,,22
Bahria Town Phase 8 A Block | 1 Kanal Top Heighted Plot | Solid & Level Land | asking 2 crore Final 195,,"Bahria Town Phase 8 - Block A, Bahria Town Phase 8",,,22
10 Marla Back Open Plot | H Block Bahria Town Phase 8 | Hill View Extra Green Land | 112 Lac,,"Bahria Town Phase 8 - Block H, Bahria Town Phase 8",,,22
A Great Choice For A 5Marla (30*40)Sized Residential Plot Available,,"Bahria Town Phase 8 - Sector E-3, Bahria Town Phase 8",,,22
Plot For Sale In Upcountry Enclosure,,"UpCountry Enclosures Society - Block H, UpCountry Enclosures Housing Society",,,22
Buy 5Marla (30*40)Sized Residential Plot In Bahria Town Rwp/Isb Phase8 Sector E4 At Highly Affordable Price,,"Bahria Town Phase 8 - Sector E-4, Bahria Town Phase 8",,,22
Residential Plot For sale Is Readily Available In Prime Location Of Bahria Town Phase 8 - Block J,,"Bahria Town Phase 8 - Block J, Bahria Town Phase 8",,,22
7 Marla (30*60)Sized Residential Plot For Sale In Bahria Town Phase 8 - Block J,,"Bahria Town Phase 8 - Block J, Bahria Town Phase 8",,,22
Aesthetic Residential Plot Of 10Marla (35*70)Sized On Main 120ft Wide Road Residential Plot Available in Sector J,,"Bahria Town Phase 8 - Block J, Bahria Town Phase 8",,,22
Stunning 10Marla (35*70)Sized Corner Residential Plot In Bahria Town Phase 8 - Block K Rwp/Isb Available,,"Bahria Town Phase 8 - Block K, Bahria Town Phase 8",,,22
7 Marla (30*60)Sized Residential Plot For Sale In Bahria Town Phase 8 - Block K Rawalpindi,,"Bahria Town Phase 8 - Block K, Bahria Town Phase 8",,,22
Corner 68 Hub Commercial Plot,,"Bahria Town Phase 8, Bahria Town Rawalpindi",,,23
Commercial Plot Main Boulevard For Sale,,"Bahria Town Phase 8, Bahria Town Rawalpindi",,,23
Corner +Boulevard 3 Side Open Plot For Sale,,"Hub Commercial, Bahria Town Phase 8 - Safari Valley",,,23
Commercial Plot 2.5 Marla,,"Bahria Town Phase 8 - Sector F-2, Bahria Town Phase 8",,,23
Usman D Boulevard Safari Valley D Block,,"Bahria Town Phase 8 - Usman D Block, Bahria Town Phase 8 - Safari Valley",,,23
Main Boulevard Plot,,"Bahria Town Phase 8 - Block A1, Bahria Town Phase 8",,,23
30 Marla A Category Paid Map+Possession Paid,,"Bahria Town Phase 8 - Block A, Bahria Town Phase 8",,,23
Corner Extra Land Plot,,"Rose Garden, Bahria Town Phase 8",,,23
Pair Plot In Most Desired Street,,"Bahria Town Phase 8 - Block A, Bahria Town Phase 8",,,23
8 Marla Back Open Plot On Ideal Location for Sale,,"Bahria Town Phase 8 - Block M, Bahria Town Phase 8",,,23
Spacious Corner Residential Plot Is Available In Bahria Town Phase 8 - Block L For sale,,"Bahria Town Phase 8 - Block L, Bahria Town Phase 8",,,23
Highly-Desirable Residential Plot Available In Bahria Town Phase 8 - Abu Bakar Block For Sale,,"Bahria Town Phase 8 - Abu Bakar Block, Bahria Town Phase 8 - Safari Valley",,,23
Residential Plot For Grabs In 10 Marla Rawalpindi,,"Bahria Town Phase 8 - Sector F-3, Bahria Town Phase 8",,,23
Looking For A Residential Plot In Bahria Town Phase 8 - Block K,,"Bahria Town Phase 8 - Block K, Bahria Town Phase 8",,,23
Buy A Centrally Located 10 Marla Residential Plot In Bahria Greens - Overseas Enclave - Sector 3,,"Bahria Greens - Overseas Enclave - Sector 3, Bahria Greens - Overseas Enclave",,,23
Want To Buy A Corner Residential Plot In Rawalpindi?,,"Bahria Town Phase 8 - Sector F-3, Bahria Town Phase 8",,,23
Get In Touch Now To Buy A 10 Marla Residential Plot In Bahria Town Phase 8 - Sector F-2 Rawalpindi,,"Bahria Town Phase 8 - Sector F-2, Bahria Town Phase 8",,,23
Book 10Marla (35*70)Sized Residential Plot Today In Bahria Town Phase 8 - Block L (Rwp/Isb),,"Bahria Town Phase 8 - Block L, Bahria Town Phase 8",,,23
8 Marla (30*60)Sized Residential Plot Is Available For Sale In Bahria Town Phase 8 - Rafi Block Rwp/Isb,,"Bahria Town Phase 8 - Rafi Block, Bahria Town Phase 8",,,23
Get An Attractive 1kanal (50*90)Sized With Extra Land Residential Plot In Bahria Greens (Overseas Sectore-1) Rawalpindi Under Rs. 29000000,,"Bahria Greens - Overseas Enclave - Sector 1, Bahria Greens - Overseas Enclave",,,23
2-Kanal Residential Plot In Bahria Greens - Overseas Enclave - Sector 1 For sale At Good Location,,"Bahria Greens - Overseas Enclave - Sector 1, Bahria Greens - Overseas Enclave",,,23
Affordable 11 Marla Residential Plot Available For Sale In Bahria Greens - Overseas Enclave - Sector 2 Rwp,,"Bahria Greens - Overseas Enclave - Sector 2, Bahria Greens - Overseas Enclave",,,23
In Bahria Greens - Overseas Enclave - Sector 3 Residential Plot on Main Boulevard For sale Sized 2 Kanal (75*120)Sized,,"Bahria Greens - Overseas Enclave - Sector 3, Bahria Greens - Overseas Enclave",,,23
Gorgeous 10Marla (35*70)Sized Residential Plot For sale Available In Bahria Greens - Overseas Enclave - Sector 5 (Rwp/Isb),,"Bahria Greens - Overseas Enclave - Sector 5, Bahria Greens - Overseas Enclave",,,23
Bahria Town Rwp/Isb Phase 8 - Usman-D Block 22Marla (50*100)Sized Residential Plot Up For sale,,"Bahria Town Phase 8 - Usman D Block, Bahria Town Phase 8 - Safari Valley",,,23
Bahria Town Rawalpindi Phase 8 1 Kanal Possessionable Plot | Ready For Construction,,"Bahria Town Phase 8 - Sector F-4, Bahria Town Phase 8",,,24
F-2 Block Top Heighted Plot | Park & Commercial Adjacent | Back To Main Expressway | 85 Lac,,"Bahria Town Phase 8 - Sector F-2, Bahria Town Phase 8",,,24
14 Marla Back Open Plot | Extra Land | Park Facing | Prime C Block Bahria Town Phase 8 | Near Roots School | 145 Lac,,"Bahria Town Phase 8 - Block C, Bahria Town Phase 8",,,24
Bahria Town Rawalpindi Phase 8 M Block | 5 Marla Possession Able Plot For Sale | Solid Land Ready For Construction,,"Bahria Town Phase 8 - Block M, Bahria Town Phase 8",,,24
E Block 10 Marla Possession Able Plot Prime Location Ready For Construction Near Expressway & Main Commercial,,"Bahria Town Phase 8 - Block E, Bahria Town Phase 8",,,24
5 Marla Possession Able Plot | PU Paid | Level Ready For Construction | Ideal Location In I Block Bahria Town Phase 8,,"Bahria Town Phase 8 - Block I, Bahria Town Phase 8",,,24
F-1 Block Boulevard Plot | Back Open + Extra Green Land | Top Heighted | 105 Lac | Phase 8,,"Bahria Town Phase 8 - Sector F-1, Bahria Town Phase 8",,,24
Cheapest Plot in Phase 8! Rose Garden Zone 2 | Possession able | Ready for Construction | 45 Lac,,"Rose Garden Zone 2, Rose Garden",,,24
5 Marla Possessionable Plot | Top Height | 50 Ft Road | Near Park & Commercial | L Block Bahria Town Phase 8 | 62 Lac,,"Bahria Town Phase 8 - Block L, Bahria Town Phase 8",,,24
"23 Marla Possession Able Plot For Sale Sector A, Bahria Town Rawalpindi Phase 8 | Prime Location Near Business District & DHA 4 Bridge",,"Bahria Town Phase 8 - Block A, Bahria Town Phase 8",,,24
Bahria Town Rawalpindi Phase 8 M Block | 5 Marla Possessionable Plot for Sale | Prime Location with All Dues Paid,,"Bahria Town Phase 8 - Block M, Bahria Town Phase 8",,,24
"10 Marla Heighted Location Plot Prime Spot In N Block, Bahria Town Phase 8",,"Bahria Town Phase 8 - Block N, Bahria Town Phase 8",,,24
Plot For Sale 5marla,,"Adiala Road, Rawalpindi",,,24
5 Marla Residential Plot For Sale on Adiala Road Rawalpindi.,,"Adiala Road, Rawalpindi",,,24
7 MARLA RESIDENTIAL PLOT IN UMER BLOCK,,"Bahria Town Phase 8 - Umer Block, Bahria Town Phase 8 - Safari Valley",,,24
10 MARLA PLOT IN SECTOR J PHASE 8,,"Bahria Town Phase 8 - Block J, Bahria Town Phase 8",,,24
10 MARLA IDEALLY LOCATED PLOT BAHRIA TOWN,,"Bahria Town Phase 8 - Block L, Bahria Town Phase 8",,,24
"Reasonably-Priced 10 Marla(40*60)Sized Commercial Plot In Bahria Town Phase4 - Civic Centre, Rawalpindi Is Available As Of Now",,"Bahria Town - Civic Centre, Bahria Town Phase 4",,,24
5 Marla (30*40)Sized Corner Commercial Plot In Bahria Town Rawalpindi Phase7 River View Commercial For Sale At Good Location,,"River View Commercial, Bahria Town Phase 7",,,24
A 10Marla (40*60)Sized Commercial Plot Is Up For Grabs In Bahria Town Phase7 River View Commercial Rawalpindi,,"River View Commercial, Bahria Town Phase 7",,,24
Commercial Plot Of 4-Marla (30*30)Sized In Bahria Town Phase 8 - Sector E-1 For Sale,,"Bahria Town Phase 8 - Sector E-1, Bahria Town Phase 8",,,24
Bahria Town Rwp / Isb Phase7 Spring North Commercial Phase7 Corner 5Marla (30*40)Sized Available For Sale,,"Bahria Spring North, Bahria Town Phase 7",,,24
Bahria Town Rwp/Isb Phase8 C-Block Commercial (20*30) Size Available For Sale,,"Bahria Town Phase 8 - Block C, Bahria Town Phase 8",,,24
Bahria Town Rwp/Isb Phase8 Rafi Commercial 2.5Marla (20*30)Sized Available For Sale,,"Bahria Town Phase 8 - Rafi Block, Bahria Town Phase 8",,,24
Bahria Town Rwp/Isb Phase1 1Kanal With Extra Land Residential PLot Available For Sale,,"Bahria Town Phase 1, Bahria Town Rawalpindi",,,24
7 MARLA PLOT BOULEVARD CORNER BAHRIA TOWN,,"Bahria Town Phase 8 - Usman Block, Bahria Town Phase 8 - Safari Valley",,,25
Up Country Block F Plot 368 Plot 545 Demand 34 Lac,,"UpCountry Enclosures Society - Block F, UpCountry Enclosures Housing Society",,,25
10.6 Marla Commercial No 15. Acantilado/ Time Square. Bahria Phase 7. Islamabad,,"Bahria Town Phase 7, Bahria Town Rawalpindi",,,25
4 Kanal Land For Sale 2 Rooms With Boundary Wall,,"Rawat Industrial Estate, Rawalpindi",,,25
Solid Beautifully Located 05 Marla plot ready for construction available for sale.,,"Capital Smart City Executive, Capital Smart City",,,25
5 Marla Commercial Plot with Extra Land for Sale in Bahria Greens,,"Bahria Greens, Bahria Town Rawalpindi",,,25
Exclusive Elevated Plot in Bahria Hills Unmatched Views of Islamabad!,,"Bahria Hills, Bahria Town Phase 8",,,25
"Prime 1 Kanal Plot Usman D, Phase 8",,"Bahria Town Phase 8 - Usman D Block, Bahria Town Phase 8 - Safari Valley",,,25
"Capital Smart City, Overseas Central, 02 Kanal, Facing Park, ON Ground Possession Residential Plot For Sale.",,"Capital Smart City Overseas Central, Capital Smart City",,,25
"10 Marla Residential Plot With 3 Marla Extra Land For Sale Sector F-1, Phase 8, Bahria Town Rawalpindi",,"Bahria Town Phase 8 - Sector F-1, Bahria Town Phase 8",,,25
8 Marla Developed Plot Ready For Construction Prime Location Deal,,"Bahria Town Phase 8, Bahria Town Rawalpindi",,,25
5 Marla Level & Solid Plot For Sale In Bahria Town Phase 8 Ready For Construction,,"Bahria Town Phase 8, Bahria Town Rawalpindi",,,25
10 Marla Level Plot For Sale In Block C Near Main Road | Prime Location,,"Bahria Town Phase 8 - Block C, Bahria Town Phase 8",,,25
5 Marla Plot For Sale In Saffron City Easy Installments Pre-Launch Rates,,"Saffron City, GT Road",,,25
Saffron City 5 Marla Plots,,"Saffron City, GT Road",,,25
Corner 10 Marla Plot For Sale In UpCountry Enclosures,,"UpCountry Enclosures Society - Block H, UpCountry Enclosures Housing Society",,,25
4 Marla Commercial Plots for sale in Capital Smart City Overseas East,,"Capital Smart City Overseas, Capital Smart City",,,25
Bahria Town Rwp Phase7 24Marla Boulevard & Corner Residential Plot Available Sale,,"Bahria Town Phase 7, Bahria Town Rawalpindi",,,25
Bahria Town Rwp/Isb Phase3 10Marla Residential Plot Available Very Cheap,,"Bahria Town Phase 3, Bahria Town Rawalpindi",,,25
Bahria Town Rwp/Isb Phase 7 10 Marla Residential Plot Near Fatima Masjid In Bahria Town Phase 7 Rwp/Isb,,"Bahria Town Phase 7, Bahria Town Rawalpindi",,,25
Bahria Town Rwp/Isb Phase8 Safari Valley Usman Complex Commercial 2.5Marla Plot Availbe For Sale,,"Bahria Town Phase 8 - Usman Block, Bahria Town Phase 8 - Safari Valley",,,25
Bahria Town Rwp/Isb Phase8 F2 (2.5)Marla Commercial Near SLS School Available For Sale,,"Bahria Town Phase 8 - Sector F-2, Bahria Town Phase 8",,,25
Bahria Town Rwp/Isb Phase8 Safari Valley Abu-Bakar 7Marla Residentail Plot Available For Sale,,"Bahria Town Phase 8 - Abu Bakar Block, Bahria Town Phase 8 - Safari Valley",,,25
Bahria Greens (Overseas Sector-3) 1Kanal Residential Plot Available For Sale In Bahria Town Rwp/Isb,,"Bahria Greens - Overseas Enclave - Sector 3, Bahria Greens - Overseas Enclave",,,25
A Block 10Marla (35*70)Sized Residentail Plot Available For Sale In Bahria Town Rwp/Isb,,"Bahria Town Phase 8 - Block A, Bahria Town Phase 8",,,25
PLOTS AVAILABLE FOR SALE,,"UpCountry Enclosures Society - Block F, UpCountry Enclosures Housing Society",,,26
Residential Plot For Sale,,"Bahria Hills View, Bahria Town Phase 7",,,26
Residential Plot For Sale Is Readily Available In Prime Location Of Kashmir Model Town,,"Kashmir Model Town, Rawalpindi",,,26
Safron City 5 Marla Plot For Sale,,"Saffron City, GT Road",,,26
UP COUNTRY ENCLOSURE 1 KANAL SUN FACE PLOT FOR SALE | BlOCK F |,,"UpCountry Enclosures Society - Block F, UpCountry Enclosures Housing Society",,,26
Sector I 10Marla Builders Location Plot For Sale.,,"Bahria Town Phase 8, Bahria Town Rawalpindi",,,26
Residential Plot Of 1Kanal (50*90)Sized Is Available In Contemporary Neighborhood Of Bahria Town Ra Walpindi Phase8 Sector-E,,"Bahria Town Phase 8 - Block E, Bahria Town Phase 8",,,26
Phase7 1Kanal (50*90)Sized Residential Plot Available For Sale In Bahria Town Rwp/Isb,,"Bahria Town Phase 7, Bahria Town Rawalpindi",,,26
RESIDENTIAL PLOT FOR SALE,,"UpCountry Enclosures Society - Block H, UpCountry Enclosures Housing Society",,,26
RESIDENTIAL PLOT FOR SALE,,"CBR Town Phase 2 - Block C, CBR Town Phase 2",,,26
RESIDENTIAL PLOT FOR SALE,,"CBR Town Phase 2 - Block C, CBR Town Phase 2",,,26
Plot For Sale With A Beautiful Location,,"Punjab Government Servant Housing Foundation (PGSHF), Rawalpindi",,,26
"10 Marla Residential Plot For Sale In Overseas Sector, Bahria Town Phase 8",,"Bahria Greens - Overseas Enclave - Sector 3, Bahria Greens - Overseas Enclave",,,26
10 Marla Residential Plot in Overseas Sector Bahria Town Phase 8 Rawalpindi,,"Bahria Greens - Overseas Enclave - Sector 2, Bahria Greens - Overseas Enclave",,,26
"10 Marla Residential Plot for Sale in Overseas Sector, Bahria Town Phase 8",,"Bahria Greens - Overseas Enclave - Sector 2, Bahria Greens - Overseas Enclave",,,26
"10 Marla Residential Plot For Sale In Overseas Sector, Bahria Town Phase 8",,"Bahria Greens - Overseas Enclave - Sector 6, Bahria Greens - Overseas Enclave",,,26
"10 Marla Residential Plot for Sale in Overseas Sector, Bahria Town Phase 8",,"Bahria Greens - Overseas Enclave - Sector 3, Bahria Greens - Overseas Enclave",,,26
Bahria Greens (Overseas Sector-7) 10Marla Residential Plot Availble For Sale In Bahria Town Rwp/Isb,,"Bahria Greens - Overseas Enclave - Sector 7, Bahria Greens - Overseas Enclave",,,26
Bahria Greens (Overseas Sector-6) 11Marla Residentail Plot Availble For Sale In Bahria Town Rwp/Isb,,"Bahria Greens - Overseas Enclave - Sector 6, Bahria Greens - Overseas Enclave",,,26
Bahria Greens (Overseas Sector-5) 1Kanal Residentail Plot Available For Sale In Bahria Town Rwp/Isb,,"Bahria Greens - Overseas Enclave - Sector 5, Bahria Greens - Overseas Enclave",,,26
Bahria Town Rwp Phase7 15Marla Corner Residential Plot Available For Sale,,"Bahria Town Phase 7, Bahria Town Rawalpindi",,,26
Bahria Town Rwp/Isb Phase2 10Marla Corner Residential Plot Available For Sale,,"Bahria Town Phase 2, Bahria Town Rawalpindi",,,26
Bahria Greens (Overseas Sector-2) 10 Marla Residential Plot Available For Sale In Bahria Town Rwp/Isb,,"Bahria Greens - Overseas Enclave - Sector 2, Bahria Greens - Overseas Enclave",,,26
5 Marla Plot For Sale In Town21 Chakbeli Ring Road,,"Chakbeli Road, Rawalpindi",,,26
Gulrez Housing Phase 2 11 Marla Plot For Sale On Investor Rate,,"Gulraiz Housing Society Phase 2, Gulraiz Housing Scheme",,,26
"1 Kanal Plot For Sale in Overseas Sector, Bahria Town",,"Bahria Greens - Overseas Enclave - Sector 3, Bahria Greens - Overseas Enclave",,,27
"1 Kanal Plot For Sale in Overseas Sector, Bahria Town",,"Bahria Greens - Overseas Enclave - Sector 3, Bahria Greens - Overseas Enclave",,,27
"1 Kanal Plot For Sale In Overseas Sector, Bahria Town",,"Bahria Greens - Overseas Enclave - Sector 5, Bahria Greens - Overseas Enclave",,,27
"1 Kanal Plot For Sale in Overseas Sector, Bahria Town",,"Bahria Greens - Overseas Enclave - Sector 5, Bahria Greens - Overseas Enclave",,,27
"10 Marla Residential Plot For Sale In Overseas Sector, Bahria Town Phase 8",,"Bahria Greens - Overseas Enclave - Sector 5, Bahria Greens - Overseas Enclave",,,27
"10 Marla Residential Plot For Sale In Overseas Sector, Bahria Town Phase 8",,"Bahria Greens - Overseas Enclave - Sector 6, Bahria Greens - Overseas Enclave",,,27
CORNER Plot Solid Land 3 Side Open Possession Utility Paid Ready To Built Very Reason Able Price,,"Bahria Town Phase 8 - Usman D Block, Bahria Town Phase 8 - Safari Valley",,,27
1 Kanal Plot For Sale In Bahria Town 7,,"Bahria Town Phase 7, Bahria Town Rawalpindi",,,27
10 Marla Residential Plot For Sale In Bahria Town Phase 7,,"Bahria Town Phase 7, Bahria Town Rawalpindi",,,27
10 Marla Residential Plot for Sale in Bahria Town Phase 7,,"Bahria Town Phase 7, Bahria Town Rawalpindi",,,27
1 Kanal Plot For Sale in Bahria Town Phase 7,,"Bahria Town Phase 7, Bahria Town Rawalpindi",,,27
1 Kanal Plot For Sale In Sector P Bahria Town Phase 8,,"Bahria Town Phase 8 - Block P, Bahria Town Phase 8",,,27
"1 Kanal Plot For Sale in Bahria Hamlet, Bahria Town",,"Bahria Hamlet, Bahria Town Phase 8",,,27
"1 Kanal Plot For Sale In Bahria Hamlet, Bahria Town",,"Bahria Hamlet, Bahria Town Phase 8",,,27
"1 Kanal Low Budget Plot For Sale In Block P, Bahria Town",,"Bahria Town Phase 8 - Block P, Bahria Town Phase 8",,,27
1-Kanal Plot Commercial Plot Back Open Possession Utility Paid Height Location Very Reasonable Price,,"Bahria Town - Civic Centre, Bahria Town Phase 4",,,27
5 Marla Prime Commercial Plot For Sale,,"Bahria Greens - Overseas Enclave - Sector 6, Bahria Greens - Overseas Enclave",,,27
Premium 10 Marla Residential Plot Is Available For sale In Rawalpindi,,"Bahria Town Phase 8 - Sector F-1, Bahria Town Phase 8",,,27
1 Kanal Residential Plot Is Available In Affordable Price In Bahria Hamlet,,"Bahria Hamlet, Bahria Town Phase 8",,,27
"Residential Plot Of 8 Marla Is Available For sale In Bahria Town Phase 8 - Rafi Block, Rawalpindi",,"Bahria Town Phase 8 - Rafi Block, Bahria Town Phase 8",,,27
sale The Ideally Located Residential Plot For An Incredible Price Of Pkr Rs. 19500000,,"Bahria Town Phase 8 - Block A, Bahria Town Phase 8",,,27
Get In Touch Now To Buy A 1 Kanal Residential Plot In Bahria Intellectual Village Rawalpindi,,"Bahria Intellectual Village, Bahria Town Rawalpindi",,,27
Bahria Greens (Overseas Sector-1) 1kanal With Extra Land Residential Plot Available In Bahria Town Rwp/Isb,,"Bahria Greens - Overseas Enclave - Sector 1, Bahria Greens - Overseas Enclave",,,27
Bahria Town Rwp/Isb Phase8 Safari Valley Ali Block 5Marla (25*45)Sized Residential Plot Available Here,,"Bahria Town Phase 8 - Ali Block, Bahria Town Phase 8 - Safari Valley",,,27
Bahria Town Rwp Phase8 I Block 5Marla Boulevard & Back Open Residential Plot Available For Sale,,"Bahria Town Phase 8 - Block I, Bahria Town Phase 8",,,27
5 Marla Low Budget Plot For Sale In Block M,,"Bahria Town Phase 8 - Block M, Bahria Town Phase 8",,,28
5 Marla Low Budget Plot For Sale in Block M,,"Bahria Town Phase 8 - Block M, Bahria Town Phase 8",,,28
5 Marla Low Budget Plot For Sale in Block M,,"Bahria Town Phase 8 - Block M, Bahria Town Phase 8",,,28
"10 Marla Plot For Sale In Sector L, Bahria Town Phase 8.",,"Bahria Town Phase 8 - Block L, Bahria Town Phase 8",,,28
"10 Marla Residential Plot For Sale In Sector L, Bahria Town Phase 8",,"Bahria Town Phase 8 - Block L, Bahria Town Phase 8",,,28
5 Marla Low Budget Plot For Sale In Block L,,"Bahria Town Phase 8 - Block L, Bahria Town Phase 8",,,28
8 Marla Plot Available For Sale,,"Bahria Town Phase 8 - Block J, Bahria Town Phase 8",,,28
10 Marla Residential Plot In Block I Bahria Town Phase 8 Rawalpindi,,"Bahria Town Phase 8 - Block I, Bahria Town Phase 8",,,28
10 Marla Residential Plot in Block I Bahria Town Phase 8 Rawalpindi,,"Bahria Town Phase 8 - Block I, Bahria Town Phase 8",,,28
10 Marla Residential Plot in Block H Bahria Town Phase 8 Rawalpindi,,"Bahria Town Phase 8 - Block H, Bahria Town Phase 8",,,28
Top Heighted Plot For Sale In Bahria Town Phase 8,,"Bahria Town Phase 8 - Block H, Bahria Town Phase 8",,,28
10 Marla Residential Plot in Block G Bahria Town Phase 8 Rawalpindi,,"Bahria Town Phase 8 - Block G, Bahria Town Phase 8",,,28
10 Marla Plot For Sale In Block G Bahria Town Phase 8,,"Bahria Town Phase 8 - Block G, Bahria Town Phase 8",,,28
10 Marla Residential Plot In Sector F1 Bahria Town Phase 8 Rawalpindi,,"Bahria Town Phase 8 - Sector F-1, Bahria Town Phase 8",,,28
"10 Marla Residential Plot For Sale In Sector F1, Bahria Town Phase 8",,"Bahria Town Phase 8 - Sector F-1, Bahria Town Phase 8",,,28
"17 Marla Residential Plot For Sale In Block E, Bahria Town Phase 8",,"Bahria Town Phase 8 - Block E, Bahria Town Phase 8",,,28
"10 Marla Residential Plot for Sale in Block E, Bahria Town Phase 8",,"Bahria Town Phase 8 - Block E, Bahria Town Phase 8",,,28
Bahria Town Rwp/Isb Phase8 D Block 10Marla (35*70)Sized Residential Plot Available For Sale,,"Bahria Town Phase 8 - Block D, Bahria Town Phase 8",,,28
Bahria Town Rwp Phase8 M Block 5Marla (25*45)Sized Residential Plot Available For Sale,,"Bahria Town Phase 8 - Block M, Bahria Town Phase 8",,,28
Bahria Town Rwp/Isb Phase8 Safari Valley Umar Block 7Marla Residential Plot Avaialble For Sale,,"Bahria Town Phase 8 - Umer Block, Bahria Town Phase 8 - Safari Valley",,,28
Bahria Town Rwp/Isb Phase8 M Block 5Marla (25*45)Sized Boulevard & Back Open Residentail Plot Available For Sale,,"Bahria Town Phase 8, Bahria Town Rawalpindi",,,28
Residential Plot Of 1 Kanal Is Available For Sale In Bahria Greens - Overseas Enclave - Sector 4 (Rwp/Isb),,"Bahria Greens - Overseas Enclave - Sector 4, Bahria Greens - Overseas Enclave",,,28
Overseas-3 Builder Location Plot All Paid For Sale,,"Bahria Greens - Overseas Enclave - Sector 3, Bahria Greens - Overseas Enclave",,,28
Bahria Hamlet Investor Price 1 Kanal Good Location Plot For Sale,,"Bahria Hamlet, Bahria Town Phase 8",,,28
Overseas Sector Solid Land Plot for Sale,,"Bahria Greens - Overseas Enclave - Sector 5, Bahria Greens - Overseas Enclave",,,28
"10 Marla Residential Plot for Sale in Block C, Bahria Town Phase 8",,"Bahria Town Phase 8 - Block C, Bahria Town Phase 8",,,29
"10 Marla Plot For Sale In Block B, Bahria Town Phase 8",,"Bahria Town Phase 8 - Block B, Bahria Town Phase 8",,,29
"10 Marla Residential Plot In Block C, Bahria Town Phase 8 Rawalpindi",,"Bahria Town Phase 8 - Block C, Bahria Town Phase 8",,,29
"10 Marla Residential Plot For Sale In Block B, Bahria Town Phase 8",,"Bahria Town Phase 8 - Block B, Bahria Town Phase 8",,,29
"1 Kanal Low Budget Plot For Sale In Block A, Bahria Town Phase 8",,"Bahria Town Phase 8 - Block A, Bahria Town Phase 8",,,29
"1 Kanal Plot For Sale in Block A, Bahria Town",,"Bahria Town Phase 8 - Block A, Bahria Town Phase 8",,,29
10 Marla Level Plot For Sale In Bahria Town Phase 8,,"Bahria Town Phase 8 - Block A, Bahria Town Phase 8",,,29
Bahria Town Pahse 6 Islamabad Plot 29 Marla Ready To Built Very Reasonable Price,,"Bahria Town Phase 6, Bahria Town Rawalpindi",,,29
2 Kanal Corner 3 Side Open View Plot Extra Land Paid 2 Gates Approved Location Ready To Built Solid Land,,"Bahria Town Phase 8, Bahria Town Rawalpindi",,,29
Highly-Desirable Facing Park Residential Plot Available In Bahria Greens - Overseas Enclave - Sector 5 For sale,,"Bahria Greens - Overseas Enclave - Sector 5, Bahria Greens - Overseas Enclave",,,29
Best Corner Solid Land Plot Of Oversease Enclave,,"Bahria Greens - Overseas Enclave - Sector 2, Bahria Greens - Overseas Enclave",,,29
Beautiful Main Bolevard Plot For Sale,,"Bahria Greens - Overseas Enclave - Sector 7, Bahria Greens - Overseas Enclave",,,29
Hub Commercial Plot For Sale,,"Hub Commercial, Bahria Town Phase 8 - Safari Valley",,,29
Boulevard Corner Exta Land Ideal Commercial Plot,,"Hub Commercial, Bahria Town Phase 8 - Safari Valley",,,29
Bahria Greens (Overseas Sector-5) 5Marla (25*45)Sized Residential Plot Available In Bahria Town Rwp/Isb,,"Bahria Greens - Overseas Enclave - Sector 5, Bahria Greens - Overseas Enclave",,,29
8 Marla Possession Plot Available in Blue World City,,"Blue World City - Legends Enclave, Blue World City",,,29
CBR Town Phase 2 Block C Plot for sale,,"CBR Town Phase 2 - Block C, CBR Town Phase 2",,,29
Prime Location Farm House Plot For Sale In Cighu Farmhouses,,"Chakbeli Road, Rawalpindi",,,29
Own A Prime Location Residential Plot In 7 Marla Gulshan Abad,,"Gulshan Abad, Rawalpindi",,,29
5 Marla Plot For Sale In Good Location PIA Rawalpindi,,"PIA Officers Housing Society - Sector 4, PIA Officers Cooperative Housing Society",,,29
1 Kanal Plot For Sale Ideal Location In Rawalpindi,,"PIA Officers Housing Society - Sector 1, PIA Officers Cooperative Housing Society",,,29
10 Marla Good Location Plot For Sale In PIA Rawalpindi,,"PIA Officers Housing Society - Sector 5, PIA Officers Cooperative Housing Society",,,29
4 Kanal Boulevard Corner Plot Overseas Sector 1,,"Bahria Greens - Overseas Enclave - Sector 1, Bahria Greens - Overseas Enclave",,,29
Main Express Way 10 Marla Plot Overseas Sector 2,,"Bahria Greens - Overseas Enclave - Sector 2, Bahria Greens - Overseas Enclave",,,29
10 Marla Ideal Location Plot Sector F-1,,"Bahria Town Phase 8 - Sector F-1, Bahria Town Phase 8",,,29
10 Marla Plot In Orchid Block,,"Taj Residencia - Orchard Block, Taj Residencia",,,30
10 Marla Level Plot In Rose Block,,"Taj Residencia - Rose Block, Taj Residencia",,,30
CBR Town Phase 2 Block B 10 Marla Plot For Sale,,"CBR Town Phase 2 - Block B, CBR Town Phase 2",,,30
CBR Town Phase 2 Block E 10 Marla Gali Corner Plot For Sale With Possession Chargers Paid,,"CBR Town Phase 2 - Block E, CBR Town Phase 2",,,30
CBR Town Phase 2 Block C 10 Marla Plot For Sale,,"CBR Town Phase 2 - Block C, CBR Town Phase 2",,,30
CBR Town Phase 2 Block C 5 Marla Plot For Sale,,"CBR Town Phase 2 - Block C, CBR Town Phase 2",,,30
5 Marla Commercial Plot In Bahria Town Phase 4 Is Best Option,,"Bahria Town Phase 4, Bahria Town Rawalpindi",,,30
44 Marla Plot Is Available For Sale,,"Bahria Hamlet, Bahria Town Phase 8",,,30
2 Kanal 15 Marla Farm House Land For Sale,,"Takht Pari, Rawalpindi",,,30
22 Marla Corner Plot Available For Sale 2nd to Bulevard Highted Area,,"Punjab Government Servant Housing Foundation (PGSHF), Rawalpindi",,,30
7 Marla Plot For Sale Highted Area Opposite Society Office C 1 Block,,"Punjab Government Servant Housing Foundation (PGSHF), Rawalpindi",,,30
23 Marla Plot For Sale,,"Punjab Government Servant Housing Foundation (PGSHF), Rawalpindi",,,30
7 Marla Plot Near To Boulevard 2nd Street,,"Punjab Government Servant Housing Foundation (PGSHF), Rawalpindi",,,30
8 Kanal Industrial Plot For Sale,,"Rawat Industrial Estate, Rawalpindi",,,30
5 Marla Prime Location Plot For Sale,,"Taj Residencia - Marigold Block, Taj Residencia",,,30
7 Marla Commercial Plot Available For Sale,,"Bahria Paradise, Bahria Town Rawalpindi",,,30
Your Search For Residential Plot In Media Town Ends Here,,"Media Town, Rawalpindi",,,30
Corner 3 Sides Open 4 Marla Extra Land Plot N Block,,"Bahria Town Phase 8 - Block N, Bahria Town Phase 8",,,30
Saffron City Residential Plot Sized 5 Marla,,"Saffron City, GT Road",,,30
Affordable Residential Plot Available For Sale In Saffron City,,"Saffron City, GT Road",,,30
Residential Plot Available In Saffron City For Sale,,"Saffron City, GT Road",,,30
Book A 10 Marla Residential Plot In Saffron City,,"Saffron City, GT Road",,,30
Saffron City Residential Plot Sized 5 Marla,,"Saffron City, GT Road",,,30
Saffron City Residential Plot Sized 5 Marla,,"Saffron City, GT Road",,,30
Affordable Residential Plot Available For Sale In Saffron City,,"Saffron City, GT Road",,,30
Urgent For Sale Bahria Town Phase 8 Sector J 8 Marla Full Heighted Location Sold Land PU Paid Extra Land Paid Agreement And Meeting With Allotted Possible Full Develop Area 2km From Ring Road Plot No 197 Street 6,,"Bahria Town Phase 8 - Block J, Bahria Town Phase 8",,,31
Urgent For Sale Bahria Town Phase Sector F1 Full Highet Location Sold Land PU Paid Extra Land Paid Agreement And Meeting With Allotted Possible Full Develop Area 4km From Gt Road Walking Distance From Aq Khan School And International Hospital,,"Bahria Town Phase 8 - Sector F-1, Bahria Town Phase 8",,,31
Urgent For Bahria Town Phase 8 Khalid Block Invetor Price Propert 115 Lakh 8marla + 3 Marla Extra Land Total 11 Marla Plot In Just 95 Lakh Dm With Map Pu Sceurity Charges Paid Just Buy And Build Direct Deal With Owner On Confrm Bayana,,"Bahria Town Phase 8 - Khalid Block, Bahria Town Phase 8 - Safari Valley",,,31
17 Marla Residential Plot Ideally Situated In Bahria Town Phase 8 - Block G,,"Bahria Town Phase 8 - Block G, Bahria Town Phase 8",,,31
SOLID LAND BEST LOCATION PLOT FOR SALE,,"Bahria Town Phase 8 - Block H, Bahria Town Phase 8",,,31
E Block 10m Blvd Plot For Sale,,"Bahria Town Phase 8 - Block E, Bahria Town Phase 8",,,31
4.5 Kanal Commercial Property Available For Sale On Main GT Road Near Rawat Rawalpindi,,"GT Road, Rawalpindi",,,31
Beautiful Commercial Plot At Glass Factory Chowk Chah Sultan For Sale,,"Chah Sultan, Rawalpindi",,,31
"7 Marla Plot For Sale In Lane # 4, Peshawar Road",,"Peshawar Road, Rawalpindi",,,31
1 KANAL CORNER PLOT IN BAHRIA HAMLET,,"Bahria Hamlet, Bahria Town Phase 8",,,31
4.5 Marla 4th Said Corner Commercial Plot For Sale Westridge 1 Rawalpindi,,"Westridge 1, Westridge",,,31
26 Marla Corner Plot For Sale Westridge 1 Rawalpindi,,"Westridge 1, Westridge",,,31
3780 Sq Fit Plot For Sale Nisar Road Westridg 2 Rawalpindi,,"Westridge 2, Westridge",,,31
1 Kanal Plot For Sale,,"Punjab Government Servant Housing Foundation (PGSHF), Rawalpindi",,,31
10 Maral Polt For Sale,,"Punjab Government Servant Housing Foundation (PGSHF), Rawalpindi",,,31
"10 MARLA PLOT FOR SALE BAHRIA TOWN PHASE 8, RAWALPINDI",,"Bahria Town Phase 8 - Block C, Bahria Town Phase 8",,,31
10 Marla with 4 Marla extra land Prime location plot for sale,,"Bahria Town Phase 7, Bahria Town Rawalpindi",,,31
Park Face 10 Marla Level Plot Is Available For Sale,,"Punjab Government Servant Housing Foundation (PGSHF), Rawalpindi",,,31
2 commercial plots up for sale in dhagal main adyala road near adyala jail Rawalpindi each plot 5.5 marla,,"Adiala Road, Rawalpindi",,,31
"DHA phase 4 (RVN) 5Marla,Block E Plots For sale",,"Adiala Road, Rawalpindi",,,31
10 Marla level Plot All Facilities available,,"Gulshan Abad Sector 1, Gulshan Abad",,,31
"10 Marla LOP Approved Level Plot For Sale | Gas, Electricity & Water Bore Available",,"Gulshan Abad, Rawalpindi",,,31
"10 Marla Level Plot for Sale | Water Bore Installed | Gas, Electricity & Water Available",,"Gulshan Abad Sector 3, Gulshan Abad",,,31
10 Marla Level Plot For Sale Prime & Ideal Location,,"Gulshan Abad, Rawalpindi",,,31
"10 Marla Level Plot Prime Location, Near Main Road",,"Gulshan Abad, Rawalpindi",,,31
10 Marla Prime Location Plot For Sale,,"Bahria Town Phase 7, Bahria Town Rawalpindi",,,32
10 Marla Prime Location Plot For Sale,,"Bahria Town Phase 7, Bahria Town Rawalpindi",,,32
10 Marla Posesionable Plot For Sale,,"Taj Residencia - Rose Block, Taj Residencia",,,32
SOUTH FACE LEVEL NEAR MAIN ROAD PLOT FOR SALE,,"Bahria Town Phase 8 - Block P, Bahria Town Phase 8",,,32
BACK OPEN SOLID LAND PLOT SOUTH FACE PLOT FOR SALE,,"Bahria Town Phase 8 - Block P, Bahria Town Phase 8",,,32
"Ideal Prime Location 1 Kanal Residential Plot Available In Judicial Colony, Judicial Colony",,"Judicial Colony, Rawalpindi",,,32
Reserve A On Excellent Location Commercial Plot Of 1200 Square Feet Now In Bahria Paradise,,"Bahria Paradise, Bahria Town Rawalpindi",,,32
Residential Plot For Sale In Bahria Town Phase 7 Rawalpindi,,"Bahria Town Phase 7, Bahria Town Rawalpindi",,,32
15 Marla Residential Plot For Sale Is Available In Bahria Town Phase 7,,"Bahria Town Phase 7, Bahria Town Rawalpindi",,,32
1 KANAL PLOT IN SECTOR P BAHRIA TOWN,,"Bahria Town Phase 8 - Block P, Bahria Town Phase 8",,,32
Saffron City 5 Marla Plot For Sale,,"Saffron City, GT Road",,,32
"Rafi Block 11 Marla CORNER Plot For Sale Bahria Town Phase 8 - Rafi Block, Bahria Town Phase 8, Bahria Town Rawalpindi",,"Bahria Town Phase 8 - Rafi Block, Bahria Town Phase 8",,,32
Ready To Buy A Residential Plot In Bahria Town Phase 8 - Block D Rawalpindi,,"Bahria Town Phase 8 - Block D, Bahria Town Phase 8",,,32
Residential Plot For Sale In Beautiful Bahria Town Phase 8 - Umer Block,,"Bahria Town Phase 8 - Umer Block, Bahria Town Phase 8 - Safari Valley",,,32
Near Dubai Plaza And Iran Road,,"Satellite Town - Block A, Satellite Town",,,32
Own A Residential Plot In 5 Marla. Rawalpindi,,"Rose Garden, Bahria Town Phase 8",,,32
Plot No 101 Block M,,"Bahria Town Phase 8 - Block M, Bahria Town Phase 8",,,32
Level Good Location Plot Available For Sale,,"Taj Residencia - Daffodils Block, Taj Residencia",,,32
10 Marla Semi Commercial Plot For Sale In New Afzal Town Chaklala Schme 3 Rawalpindi,,"Chaklala Scheme 3, Chaklala Scheme",,,32
Bahria Town Rwp/Isb Phase 8 5Marla (30*40)Sized Possession Area Residential Plot In Rose Garden Zone-2,,"Bahria Town Phase 8, Bahria Town Rawalpindi",,,32
Bahria Town Rwp/Isb Phase8 F1 10Marla (35*70)Sized Residentail Plot Available For Sale,,"Bahria Town Phase 8 - Sector F-1, Bahria Town Phase 8",,,32
Bahria Town Rwp/Isb Phase8 M Block 5Marla Builder Location 100% Solid Land Residential Plot Availble For Sale,,"Bahria Town Phase 8 - Block M, Bahria Town Phase 8",,,32
"1 Kanal Plot For Sale With 33 Marla Extra Land Overseas Sector 1, Phase 8, Bahria Town (Ideal Location Near Bahria Head Office &Amp; Dominion Mall)",,"Bahria Greens - Overseas Enclave - Sector 1, Bahria Greens - Overseas Enclave",,,32
"1 Kanal Luxury Plot With Extra Land Phase 8 Overseas 1, Bahria Town Rawalpindi",,"Bahria Greens - Overseas Enclave - Sector 1, Bahria Greens - Overseas Enclave",,,32
"Bahria Town Phase 8 Sector N,5.5Marla Plot For Sale",,"Bahria Town Phase 8, Bahria Town Rawalpindi",,,32
Bahria Town Phase 8 Block E 10 Marla Plot For Sale,,"Bahria Town Phase 8, Bahria Town Rawalpindi",,,33
"Bahria Town Phase 8 Block E, 14 Marla Plot For Sale",,"Bahria Town Phase 8, Bahria Town Rawalpindi",,,33
Bahria Town Phase 8 Block D 10 Marla Plot For Sale,,"Bahria Town Phase 8 - Block D, Bahria Town Phase 8",,,33
"Bahria Town Rawalpindi Sector A, 10 Marla Plot For Sale",,"Bahria Town Phase 8 - Block A, Bahria Town Phase 8",,,33
Get An Attractive On Excellent Location Residential Plot In Rawalpindi,,"Bahria Town Phase 8 - Block B, Bahria Town Phase 8",,,33
On Excellent Location Bahria Town Phase 8 - Block I Residential Plot Sized 10 Marla For sale,,"Bahria Town Phase 8 - Block I, Bahria Town Phase 8",,,33
"34 Marla plot Bahria Town Sector A, for sale",,"Bahria Town Phase 8 - Block A, Bahria Town Phase 8",,,33
Bahria Town E 3 Plot Is Available For Sale In The Heart Of Bahria Town,,"Bahria Town Phase 8 - Sector E-3, Bahria Town Phase 8",,,33
Plot In Nisar Road Westridge Ll Rawalpindi,,"Westridge 2, Westridge",,,33
Plot For Sale In Sahafi Colony Addyla Road,,"Adiala Road, Rawalpindi",,,33
5 Marla Plot For Sale With Water Bore,,"Snober City, Adiala Road",,,33
Top Location Plot On Saddar For Sale,,"Saddar, Rawalpindi",,,33
LUCKY Opprtunity For Investment 10 Marla Plot,,"Adiala Road, Rawalpindi",,,33
4 Marla COMMERCIAL PLOT IN OVS CENTRAL,,"Capital Smart City, Rawalpindi",,,33
CAPITAL SMART CITY District 1 Com On Instalments,,"Capital Smart City, Rawalpindi",,,33
5 Marla Plot For Sale,,"7th Road, Rawalpindi",,,33
5 MARLA CORNER PLOT FOR SALE,,"7th Road, Rawalpindi",,,33
Bahria Town Rwp/Isb Phase8 Safari Valley Usman Block 7 Marla Residentail Plot Available For Sale,,"Bahria Town Phase 8 - Usman Block, Bahria Town Phase 8 - Safari Valley",,,33
Bahria Town Rwp Phase8 Safari Valley Rafi Block 5Marla with Extra Land Plot Availble For Sale,,"Bahria Town Phase 8 - Rafi Block, Bahria Town Phase 8",,,33
Bahria Town Rwp/Isb Phase8 B Block 10Marla (35*70)sized Residential Plot Available For Sale,,"Bahria Town Phase 8 - Block B, Bahria Town Phase 8",,,33
10 Marla Plot For Sale In A & B Blocks,,"Saffron City, GT Road",,,33
5 Marla Beautiful Plot For Sale In UpCountry Islamabad,,"UpCountry Enclosures Housing Society, Rawalpindi",,,33
1 Kanal 50x90 Beautiful Plot For Sale,,"UpCountry Enclosures Housing Society, Rawalpindi",,,33
CONFIRM Plot In LOP Area All Dues Cleared,,"UpCountry Enclosures Society - Block H, UpCountry Enclosures Housing Society",,,33
Best Location Plot In Bahria Town Phase 8 Overseas 1,,"Bahria Greens - Overseas Enclave - Sector 1, Bahria Greens - Overseas Enclave",,,33
10 Marla Plus 7 Marla Extra Land A Category Plot Phase 7,,"Bahria Town Phase 7, Bahria Town Rawalpindi",,,34
"5 Marla Plot for Sale in Gardenia Block, Taj Residencia",,"Taj Residencia - Gardenia Block, Taj Residencia",,,34
14 Marla Premium Residential Plot For Sale In Taj Residencia,,"Taj Residencia - Tulip Block, Taj Residencia",,,34
"10 Marla Residential Plot For Sale Taj Residencia, Rose Block",,"Taj Residencia - Rose Block, Taj Residencia",,,34
Spacious 5 Marla Residential Plot Available For sale In Bahria Town Phase 8 - Ali Block,,"Bahria Town Phase 8 - Ali Block, Bahria Town Phase 8 - Safari Valley",,,34
Reserve A Residential Plot Now In Bahria Town Phase 8 - Abu Bakar Block,,"Bahria Town Phase 8 - Abu Bakar Block, Bahria Town Phase 8 - Safari Valley",,,34
Residential Plot Of 5 Marla In Bahria Town Phase 8 - Block L Is Available,,"Bahria Town Phase 8 - Block L, Bahria Town Phase 8",,,34
Stunning And Affordable Residential Plot Available For Sale In Taj Residencia - Gardenia Block,,"Taj Residencia - Gardenia Block, Taj Residencia",,,34
GT Road Commercial plot Front facing | St. Ivy | 5.33 Marla,,"GT Road, Rawalpindi",,,34
"Change Your Address To Bahria Town Phase 8 - Bahria Orchard, Rawalpindi For A Reasonable Price Of Rs. 5500000",,"Bahria Town Phase 8 - Bahria Orchard, Bahria Town Phase 8",,,34
"Change Your Address To Bahria Town Phase 8 - Bahria Orchard, Rawalpindi For A Reasonable Price Of Rs. 5500000",,"Bahria Town Phase 8 - Bahria Orchard, Bahria Town Phase 8",,,34
A Stunning Residential Plot Is Up For Grabs In Bahria Town Phase 8 - Block I Rawalpindi,,"Bahria Town Phase 8 - Block I, Bahria Town Phase 8",,,34
7 Marla Plot For Sale In Rudn Enclave A Block | Near Ring Road Islamabad,,"Rudn Enclave - Block A, Rudn Enclave Housing Society",,,34
10 Marla Plot for Sale in Rudn Enclave A Block | Near Ring Road Islamabad,,"Rudn Enclave - Block A, Rudn Enclave Housing Society",,,34
5 Marla Residential Plot for Sale in Blue World Downtown Sector A,,"Blue World City Downtown, Blue World City",,,34
"5 Marla Residential Plot For Sale In Legends Enclave, Blue World City Rawalpindi",,"Blue World City - Legends Enclave, Blue World City",,,34
"10 Marla Plot For Sale Legends Enclave, Blue World City",,"Blue World City - Legends Enclave, Blue World City",,,34
Looking For A Residential Plot In UpCountry Enclosures Housing Society UpCountry Enclosures Housing Society,,"UpCountry Enclosures Housing Society, Rawalpindi",,,34
Residential Plot For Sale In UpCountry Enclosures Housing Society UpCountry Enclosures Housing Society,,"UpCountry Enclosures Housing Society, Rawalpindi",,,34
1800 Square Feet Residential Plot In UpCountry Enclosures Housing Society For sale,,"UpCountry Enclosures Housing Society, Rawalpindi",,,34
A Residential Plot At Affordable Price Awaits You,,"UpCountry Enclosures Housing Society, Rawalpindi",,,34
Residential Plot For Sale Situated In UpCountry Enclosures Housing Society Block F,,"UpCountry Enclosures Housing Society, Rawalpindi",,,34
Own A Residential Plot In 4500 Square Feet UpCountry Enclosures Housing Society Block F,,"UpCountry Enclosures Housing Society, Rawalpindi",,,34
A 4500 Square Feet Residential Plot Is Up For Grabs In UpCountry Enclosures Housing Society,,"UpCountry Enclosures Housing Society, Rawalpindi",,,34
Residential Plot For sale In UpCountry Enclosures Housing Society UpCountry Enclosures Housing Society,,"UpCountry Enclosures Housing Society, Rawalpindi",,,34
1 Kanal Residential Plot For Sale In Bahria Town Phase 8 D Block Prime Location,,"Bahria Town Phase 8 - Block D, Bahria Town Phase 8",,,35
Plot For Sale With A Beautiful Location,,"Punjab Government Servant Housing Foundation (PGSHF), Rawalpindi",,,35
Boulevard Category Plot with Back Side Open View,,"Bahria Greens - Overseas Enclave - Sector 6, Bahria Greens - Overseas Enclave",,,35
5 Marla Residential Plot for Sale Sector M,,"Bahria Town Phase 8 - Block M, Bahria Town Phase 8",,,35
"5 Marla Commercial Plot For Sale Bahria Town Phase 8, Rawalpindi",,"Bahria Town Phase 8 - Block N, Bahria Town Phase 8",,,35
1 Kanal Plot for Sale Bahria Town Phase 8 Overseas 5,,"Bahria Greens - Overseas Enclave - Sector 5, Bahria Greens - Overseas Enclave",,,35
Commercial Land Available For Sale,,"Mandra - Chakwal Road, Mandra",,,35
Farmhouse plot Available For Sale,,"GT Road, Rawalpindi",,,35
"5.5 Marla Corner Plot For Sale In Street 40, Overseas 5, Bahria Phase 8",,"Bahria Greens - Overseas Enclave - Sector 5, Bahria Greens - Overseas Enclave",,,35
1 Kanal Pair Plot Available For Sale In Bahria Hamlet,,"Bahria Hamlet, Bahria Town Phase 8",,,35
36 Marla Plot For Sale In Overseas 1,,"Bahria Greens - Overseas Enclave - Sector 1, Bahria Greens - Overseas Enclave",,,35
Bahria PH 7 Plot Corner 18 Marla For Sale,,"Bahria Town Phase 7, Bahria Town Rawalpindi",,,35
Commercial Plot For Sale In Bahria Hamlet,,"Bahria Hamlet, Bahria Town Phase 8",,,35
Buy A Residential Plot Of 2 Kanal In Bahria Town Phase 8 - Club City,,"Bahria Town Phase 8 - Club City, Bahria Town Phase 8",,,35
10 MARLA ALL PAID PLOT NEAR MASJID PARK,,"Bahria Town Phase 8 - Block L, Bahria Town Phase 8",,,35
10 MARLA Residential Plot In Bahria Town Rawalpindi Phase 7 Best Option,,"Bahria Town Phase 7, Bahria Town Rawalpindi",,,35
100% Secure Ownership | Registry & Inteqal | Unbeatable Location on Chakri Road,,"Al-Haram City, Chakri Road",,,35
Spacious Residential Plot Is Available For Sale In Ideal Location Of UpCountry Enclosures Housing Society,,"UpCountry Enclosures Housing Society, Rawalpindi",,,35
You Can Find A Gorgeous Residential Plot For sale In UpCountry Enclosures Housing Society,,"UpCountry Enclosures Housing Society, Rawalpindi",,,35
A 2450 Square Feet Residential Plot In UpCountry Enclosures Housing Society Is On The Market For Sale,,"UpCountry Enclosures Housing Society, Rawalpindi",,,35
Ideal Residential Plot For sale In UpCountry Enclosures Housing Society,,"UpCountry Enclosures Housing Society, Rawalpindi",,,35
UpCountry Enclosures Housing Society Residential Plot Sized 4500 Square Feet,,"UpCountry Enclosures Housing Society, Rawalpindi",,,35
Centrally Located Residential Plot Available In UpCountry Enclosures Housing Society For Sale,,"UpCountry Enclosures Housing Society, Rawalpindi",,,35
A 1250 Square Feet Residential Plot Is Up For Grabs In UpCountry Enclosures Housing Society,,"UpCountry Enclosures Housing Society, Rawalpindi",,,35
10 Marla Plot For Sale N Phase 3 Bahria Town Rawalpindi,,"Bahria Town Phase 3, Bahria Town Rawalpindi",,,35
Main Service Road Plot For Sale Media Town Block B,,"Media Town, Rawalpindi",,,36
6.5 Kanal Agriculture Land Rawalpindi Fathe Jang Road,,"Thalian Interchange, Rawalpindi",,,36
5 Marla Plot Available For Sale In Taj Residencia (Lilly Block),,"Taj Residencia, Rawalpindi",,,36
RAWAT INDUSTRAIL POLT (14) KANAL INVASTER PRICE FOR SALE,,"Rawat Industrial Estate, Rawalpindi",,,36
10 Marla Top Heighted Location Plot Available For Sale In Clifton Town Adyala Road,,"Clifton Township, Rawalpindi",,,36
Farm Houses Land Available For Sale,,"Mandra - Chakwal Road, Mandra",,,36
1 Kanal Plot Ready For Construction Available For Sale.,,"Capital Smart City Overseas - Block B, Capital Smart City Overseas",,,36
5 Marla Possession Able Plot,,"Blue World City, Chakri Road",,,36
10 Marla Plot Outstanding Location,,"Punjab Government Servant Housing Foundation (PGSHF), Rawalpindi",,,36
7 Marla Plot with Green Belt,,"Punjab Government Servant Housing Foundation (PGSHF), Rawalpindi",,,36
10 Marla Corner Plot With Green Belt,,"Punjab Government Servant Housing Foundation (PGSHF), Rawalpindi",,,36
10 Marla Prime Location Plot For Sale In Bahria Town Phase 8 Sector E,,"Bahria Town Phase 8 - Block E, Bahria Town Phase 8",,,36
5 Marla Main Road Corner Plot Top Location For Sale,,"Airport Housing Society - Sector 4, Airport Housing Society",,,36
Bahria Hub Commercial Plot For Sale,,"Hub Commercial, Bahria Town Phase 8 - Safari Valley",,,36
Beautifully Located Ready For Construction 05 Marla Plot For Sale,,"Capital Smart City, Rawalpindi",,,36
2.5 Marla Possessionable Commercial Plot For Sale In Hamlet,,"Bahria Hamlet, Bahria Town Phase 8",,,36
5 Marla Plot Available For Sale,,"Bahria Greens - Overseas Enclave - Sector 5, Bahria Greens - Overseas Enclave",,,36
10 Marla Commercial Plot For Sale In Civic Centre Phase 4 Bahria Town Rawalpindi,,"Bahria Town Phase 4, Bahria Town Rawalpindi",,,36
Kanal Plot For Sale In Bahria Town Rawalpindi,,"Bahria Town Phase 3, Bahria Town Rawalpindi",,,36
10 Marla Plot For Sale In Bahria Town Rawalpindi,,"Bahria Town Phase 5, Bahria Town Rawalpindi",,,36
10 Marla Commercial Plot In Central Bahria Town - Civic Centre For sale,,"Bahria Town - Civic Centre, Bahria Town Phase 4",,,36
5 Kanal CIGU Farmhouse | Ready For Possession | PKR 1.50 Crore | Prime Location,,"Chakbeli Road, Rawalpindi",,,36
c block builders location 10 marla plot for sale,,"Bahria Town Phase 8 - Block C, Bahria Town Phase 8",,,36
Immediately Sale 10 Marla Plot Available At A Very Good Location,,"Gulshan Abad Sector 3, Gulshan Abad",,,36
100 % Ready plot with possession utilities & development charges paid,,"Bahria Town Phase 8 - Block K, Bahria Town Phase 8",,,36
10 Marla Commercial Plot Available For Sale,,"Bahria Town - Civic Centre, Bahria Town Phase 4",,,37
Plot S For Sale,,"Bahria Greens - Overseas Enclave - Sector 1, Bahria Greens - Overseas Enclave",,,37
Back Open Extra Land Plot Bahria Hamlet,,"Bahria Hamlet, Bahria Town Phase 8",,,37
Over Seas 3 Main Blvd 2 Kanal Plot For Sale,,"Bahria Greens - Overseas Enclave - Sector 3, Bahria Greens - Overseas Enclave",,,37
Front Open Over Seas Sec 5,,"Bahria Greens - Overseas Enclave - Sector 5, Bahria Greens - Overseas Enclave",,,37
Back Open Extra Land Plot For Sale,,"Bahria Town Phase 7, Bahria Town Rawalpindi",,,37
2 Kanal Open Transfer Plot,,"Bahria Town Phase 8 - Club City, Bahria Town Phase 8",,,37
Back Open Extra Land End Corner Plot,,"Bahria Town Phase 7, Bahria Town Rawalpindi",,,37
1 Kanal Residential Plot For sale In Rawalpindi,,"Bahria Town Phase 7, Bahria Town Rawalpindi",,,37
10 Marla ( 40*70 in Block B ) Residential Plot On Main Service Road + Corner Plot in Media Town.,,"Media Town - Block B, Media Town",,,37
10 Marla ( 40*70 in Block B ) Residential Plot For Sale.,,"Media Town - Block B, Media Town",,,37
10 Marla ( 40*70 In Block B ) Residential Plot For Sale.,,"Media Town - Block B, Media Town",,,37
10 Marla ( 40*70 in Block A ) Residential Plot For Sale.,,"Media Town - Block A, Media Town",,,37
10 Marla ( 40*70 In Block C ) Residential Plot For Sale.,,"Media Town - Block C, Media Town",,,37
Investor Rate Kanal Outclass Location Plot For Sale Near Masjid Park Commercial On 60ft Road,,"Bahria Town Phase 1, Bahria Town Rawalpindi",,,37
Investor Rate Kanal Plot Boulevard Location,,"Bahria Town Phase 3, Bahria Town Rawalpindi",,,37
Ideal Residential Plot For Sale In Bahria Town Phase 8 - Block L,,"Bahria Town Phase 8 - Block L, Bahria Town Phase 8",,,37
Rawat Industrial Estate Plot For Sale,,"Rawat Industrial Estate, Rawalpindi",,,37
A-280 Coastal Road,,"Bahria Town Phase 8 - Block A, Bahria Town Phase 8",,,37
10 marla builders location plot for sale in bahria town arawalpindi,,"Bahria Town Phase 8 - Block B, Bahria Town Phase 8",,,37
21.5 marla plot at best location of bahria town rawlpindi phase 2,,"Bahria Town Phase 2, Bahria Town Rawalpindi",,,37
"Ideal 10 Marla Plot File Available In Blue World City, Rawalpindi",,"Blue World City, Chakri Road",,,37
Plot In Satellite Town Rwp,,"Satellite Town, Rawalpindi",,,37
Commercial Plot Of 8 Marla Available For Sale In Bahria Town Phase 8 E Commercial,,"Bahria Town Phase 8 - E Commercial, Bahria Town Phase 8",,,37
Looking For A Commercial Plot In Bahria Square Commercial,,"Bahria Square Commercial, Bahria Town Phase 7",,,37
"1 Kanal Plot For Sale | P Block, Bahria Town Phase 8",,"Bahria Town Phase 8 - Block P, Bahria Town Phase 8",,,38
"1 Kanal Plot For Sale In P Block, Bahria Town Phase 8",,"Bahria Town Phase 8 - Block P, Bahria Town Phase 8",,,38
5 Marla Residential Plot In Stunning Bahria Town Phase 8 - Block L Is Available For Sale,,"Bahria Town Phase 8 - Block L, Bahria Town Phase 8",,,38
Get In Touch Now To Buy A Residential Plot In Bahria Town Phase 8 - Block J Rawalpindi,,"Bahria Town Phase 8 - Block J, Bahria Town Phase 8",,,38
Stunning And Affordable Residential Plot Available For Sale In Bahria Town Phase 8 - Block M,,"Bahria Town Phase 8 - Block M, Bahria Town Phase 8",,,38
5 Marla Beautiful Location Level Plot Available For Sale At Sec 4,,"Airport Housing Society - Sector 4, Airport Housing Society",,,38
5 Marla Level Plot Available For Sale At Prime Location H Block Sector 4,,"Airport Housing Society - Sector 4, Airport Housing Society",,,38
"5 Marla Premium Plot For Sale Bahria Town Phase 8, Sector L Level-To-Ground | 100% Solid Land | Premium Location",,"Bahria Town Phase 8 - Block L, Bahria Town Phase 8",,,38
10 Marla Plot Ready For Construction PIA Officers Adyala Road,,"PIA Officers Cooperative Housing Society, Rawalpindi",,,38
10marla solid land prime location plot available for sale in Sector i Bahria Town phase 8,,"Bahria Town Phase 8 - Block I, Bahria Town Phase 8",,,38
Residential Plot Of 8 Marla In Bahria Town Phase 8 - Block K Is Available,,"Bahria Town Phase 8 - Block K, Bahria Town Phase 8",,,38
10 Marla Spacious Residential Plot Is Available In Bahria Town Phase 8 - Block K For Sale,,"Bahria Town Phase 8 - Block K, Bahria Town Phase 8",,,38
23 Marla With Hug Back Xtra Land Plot For Sale In A Block,,"Bahria Town Phase 8 - Block A, Bahria Town Phase 8",,,38
Chakri 10 Marla Plot Registry / Intiqaal,,"Chakri, Rawalpindi",,,38
One Acre 8 Kanal Industrial Plot For Sale,,"Rawat Industrial Estate, Rawalpindi",,,38
4 Kanal Industrial Plot Available For Sale In Rawat,,"Rawat Industrial Estate, Rawalpindi",,,38
4 Marla Ready Plot For Sale In Club City Phase 8,,"Bahria Town Phase 8 - Club City, Bahria Town Phase 8",,,38
Best Options For Commercial Plot Is Available For sale In Bahria Spring North,,"Bahria Spring North, Bahria Town Phase 7",,,38
Stunning Residential Plot Is Available For sale In Bahria Intellectual Village,,"Bahria Intellectual Village, Bahria Town Rawalpindi",,,38
Reserve A Centrally Located Residential Plot In Bahria Intellectual Village,,"Bahria Intellectual Village, Bahria Town Rawalpindi",,,38
Get This Amazing 5 Kanal Residential Plot Available In Bahria Intellectual Village,,"Bahria Intellectual Village, Bahria Town Rawalpindi",,,38
Highly-Desirable 5 Marla Commercial Plot Available In Bahria Paradise,,"Bahria Paradise, Bahria Town Rawalpindi",,,38
Residential Plot For Sale In Bahria Town Phase 7,,"Bahria Town Phase 7, Bahria Town Rawalpindi",,,38
Bahria Town Phase 8 - Abu Bakar Block Residential Plot Sized 7 Marla Is Available,,"Bahria Town Phase 8 - Abu Bakar Block, Bahria Town Phase 8 - Safari Valley",,,38
Beautiful Location Ideal Plot Near Masjid Park And School,,"Bahria Town Phase 8 - Block P, Bahria Town Phase 8",,,38
1 Kanal Plot Available For Sale,,"Bahria Town Phase 3, Bahria Town Rawalpindi",,,39
Sector B 10 Marla Level Land Boulevard Category Residential Plot Available For Sale in Bahria Town Phase 8 Rawalpindi Islamabad.,,"Bahria Town Phase 8 - Block B, Bahria Town Phase 8",,,39
A Residential Plot Of 10 Marla In Rs. 10000000,,"Bahria Town Phase 8 - Block A, Bahria Town Phase 8",,,39
Saffron city 5 marla plots available on installments and cash,,"Saffron City, GT Road",,,39
5 Marla Park Face Plot For Sale In UpCountry Enclosures F Block,,"UpCountry Enclosures Housing Society, Rawalpindi",,,39
10 Marla Plot Available For Sale,,"Bahria Town Phase 5, Bahria Town Rawalpindi",,,39
Investor Rate Kanal Plot For Sale Boulevard Location Near Pso Pump / Arena,,"Bahria Town Phase 4, Bahria Town Rawalpindi",,,39
4 Kanal Industrial Plot For Sale,,"Rawat Industrial Estate, Rawalpindi",,,39
2 Kanal Land For Sale,,"Rawat Industrial Estate, Rawalpindi",,,39
SAFARI VALLY MAIN Ya Plot 5 Marla Plot Investment View Option Location Near And Clean Society,,"French Housing Society, Adiala Road",,,39
This Sector Is At 200 Ft Wide Express Way Road Of Bahria Town Rawalpindi Plot Possession Utility Paid Plot For Sale,,"Bahria Town Phase 8 - Sector F-3, Bahria Town Phase 8",,,39
1 Kanal For Sale Extra Land Sath 8 Marla,,"Punjab Government Servant Housing Foundation (PGSHF), Rawalpindi",,,39
10 Marla Park Facing Plot For Sale Prime Location,,"Bahria Town Phase 8 - Block I, Bahria Town Phase 8",,,39
Residential Plot For sale In Rawalpindi,,"Bahria Town Phase 8 - Block I, Bahria Town Phase 8",,,39
10 Marla Plot For Sale In Gulraiz Phase 3,,"Gulraiz Housing Society Phase 3, Gulraiz Housing Scheme",,,39
Commercial Plot Of 5 Marla Available In Bahria Spring North,,"Bahria Spring North, Bahria Town Phase 7",,,39
A Commercial Plot Of 5 Marla In Rs. 18500000,,"Bahria Town Phase 8 - Safari Homes, Bahria Town Phase 8",,,39
A Palatial Residence For Sale In Bahria Paradise Rawalpindi,,"Bahria Paradise, Bahria Town Rawalpindi",,,39
Sale A Commercial Plot In Rawalpindi Prime Location,,"Bahria Paradise, Bahria Town Rawalpindi",,,39
827 Marla Commercial Plot For Sale Is Available In Bahria Paradise,,"Bahria Paradise, Bahria Town Rawalpindi",,,39
Commercial Plot For Sale Is Readily Available In Prime Location Of Bahria Paradise,,"Bahria Paradise, Bahria Town Rawalpindi",,,39
Commercial Plot For Sale In Bahria Town Phase 7 Rawalpindi,,"Bahria Town Phase 7, Bahria Town Rawalpindi",,,39
10 Marla Plot Available For Sale In Bahria Town Ph8 Sctor B,,"Bahria Town Phase 8 - Block B, Bahria Town Phase 8",,,39
10 Marla Plot Available For Sale In Bahria Town Ph8 Sctor I,,"Bahria Town Phase 8 - Block I, Bahria Town Phase 8",,,39
21 Marla Plot Available For Sale In Bahria Town Ph8 Sctor F4,,"Bahria Town Phase 8 - Sector F-4, Bahria Town Phase 8",,,39
5 Marla Commercial Plot In Bahria Town Rawalpindi Of Rawalpindi Is Available For sale,,"Bahria Town Phase 8 - Safari Homes, Bahria Town Phase 8",,,40
Ideally Located Commercial Plot For Sale In Bahria Town Phase 8 - Safari Homes Available,,"Bahria Town Phase 8 - Safari Homes, Bahria Town Phase 8",,,40
A Well Designed Residential Plot Is Up For Sale In An Ideal Location In Rawalpindi,,"Bahria Town Phase 8 - Block I, Bahria Town Phase 8",,,40
A Residential Plot At Affordable Price Awaits You,,"Bahria Town Phase 8 - Usman Block, Bahria Town Phase 8 - Safari Valley",,,40
Plot In Scheme 3 Chaklala Rawalpindi,,"Chaklala Scheme 3, Chaklala Scheme",,,40
12 Marla Scheme 3 Chaklala Prime Location,,"Chaklala Scheme 3, Chaklala Scheme",,,40
Commercial Plot Available For Sale,,"Hub Commercial, Bahria Town Phase 8 - Safari Valley",,,40
Commercial Plot For Sale In Wakeel Colony Main Road Rawalpindi,,"Wakeel Colony, Islamabad Highway",,,40
3 Marla Corner Plot For Sale Snober City Adyala Road Rawalpindi,,"Snober City, Adiala Road",,,40
5 Marla Corner Plot L. O. P For Sale Snober City Adyala Road Rwp.,,"Snober City, Adiala Road",,,40
Main Airport Road Plot,,"Airport Road, Rawalpindi",,,40
M Block PlotA#1354 Size 5marla Phase 8 Bahria Town Rawalpindi,,"Bahria Town Phase 8 - Block M, Bahria Town Phase 8",,,40
10 Marla Plot For Sale,,"Media Town - Block A, Media Town",,,40
10 Marla Corner Pack Pot For Sale,,"Adiala Road, Rawalpindi",,,40
Ready Gulraiz Plot In Elite Location,,"Gulraiz Housing Society Phase 2, Gulraiz Housing Scheme",,,40
8 Marla Corner Residential Plot With Extra Land For Sale In Sector L Bahria Town Phase 8 Rawalpindi,,"Bahria Town Phase 8, Bahria Town Rawalpindi",,,40
Agriculture Land Available For Sale,,"Mandra - Chakwal Road, Mandra",,,40
On Excellent Location A Centrally Located Residential Plot Is Available For sale In Rawalpindi,,"Bahria Town Phase 8 - Block K, Bahria Town Phase 8",,,40
On Excellent Location 10 Marla Residential Plot Up For sale In Bahria Town Phase 8 - Sector F-3,,"Bahria Town Phase 8 - Sector F-3, Bahria Town Phase 8",,,40
Buy A Centrally Located On Excellent Location 10 Marla Residential Plot In Bahria Town Phase 8 - Sector F-2,,"Bahria Town Phase 8 - Sector F-2, Bahria Town Phase 8",,,40
Ideally Located On Excellent Location Residential Plot Of 10 Marla Is Available For sale In Rawalpindi,,"Bahria Town Phase 8 - Block N, Bahria Town Phase 8",,,40
On Excellent Location 10 Marla Residential Plot For Grabs In Bahria Town Rawalpindi,,"Bahria Town Phase 8 - Block I, Bahria Town Phase 8",,,40
You Can Find A Gorgeous On Excellent Location Residential Plot For sale In Bahria Town Phase 8 - Sector F-4,,"Bahria Town Phase 8 - Sector F-4, Bahria Town Phase 8",,,40
On Excellent Location Residential Plot For sale In Beautiful Bahria Town Phase 8 - Block H,,"Bahria Town Phase 8 - Block H, Bahria Town Phase 8",,,40
A On Excellent Location Residential Plot At Affordable Price Awaits You,,"Bahria Town Phase 8 - Block L, Bahria Town Phase 8",,,40
Silver City Rawalpindi 5 Marla Pair Plots | Exceptional Opportunity,,"Silver City - Sector C, Silver City",,,41
CBR Town Phase 2 Bkoxk A Commercial Plot For Sale,,"CBR Town Phase 2 - Block A, CBR Town Phase 2",,,41
CBR Town Phase 2 Block C 5 Marla Plot For Sale,,"CBR Town Phase 2 - Block C, CBR Town Phase 2",,,41
UpCountry Block F 20 Marla Possession Plot For Sale,,"UpCountry Enclosures Society - Block F, UpCountry Enclosures Housing Society",,,41
UpCountry Block H 10 marla corner plot for sale,,"UpCountry Enclosures Society - Block H, UpCountry Enclosures Housing Society",,,41
CBR Town Phase 2 Block J 5 Marla Plot For Sale,,"CBR Town Phase 2 - Block J, CBR Town Phase 2",,,41
CBR Town Phase 2 Block J Plot For Sale,,"CBR Town Phase 2 - Block J, CBR Town Phase 2",,,41
Top Location 5 Marla Plot Overseas Central Harmony Block,,"Capital Smart City Overseas Central, Capital Smart City",,,41
Aesthetic Residential Plot Of 1350 Square Feet For Sale Is Available,,"Silver City, Girja Road",,,41
Plot For Sale In Bahria Town Umar Block Prime Location,,"Bahria Town Phase 8 - Umer Block, Bahria Town Phase 8 - Safari Valley",,,41
Commercial Plot For Sale In Bahria Town Spring North,,"Bahria Town Phase 7, Bahria Town Rawalpindi",,,41
Plot For Sale In Bahria Hamlet 50 Marla Plot With 10 To 15 Marla Extra Land Not Paid On Prime Location,,"Bahria Town Phase 8, Bahria Town Rawalpindi",,,41
Prime 10 Marla Boulevard Plot | Ready to Build | Solid Land & Fully Paid,,"Bahria Town Phase 8 - Block I, Bahria Town Phase 8",,,41
Premium Corner & Main Boulevard 10 Marla Plot | L-Block Location,,"Bahria Town Phase 8 - Block L, Bahria Town Phase 8",,,41
10 Marla Residential Plot for Sale in Saffron City | Cash Price PKR 72 Lac | Installment Option Also Available,,"Saffron City, GT Road",,,41
10 MARLA CORNER PLOT In PH 3 @ INVESTOR PRICE FOR SALE,,"Bahria Town Phase 3, Bahria Town Rawalpindi",,,41
8 Marla Corner Plot Available For Sale,,"Bahria Town Phase 8 - Block L, Bahria Town Phase 8",,,41
Best Options For On Excellent Location Residential Plot Is Available For sale In Bahria Town Phase 8 - Sector F-1,,"Bahria Town Phase 8 - Sector F-1, Bahria Town Phase 8",,,41
A Stunning On Excellent Location Residential Plot Is Up For Grabs In Bahria Town Phase 8 - Ali Block Rawalpindi,,"Bahria Town Phase 8 - Ali Block, Bahria Town Phase 8 - Safari Valley",,,41
Spacious On Excellent Location Residential Plot Is Available For sale In Ideal Location Of Bahria Town Phase 8 - Abu Bakar Block,,"Bahria Town Phase 8 - Abu Bakar Block, Bahria Town Phase 8 - Safari Valley",,,41
Find Your Ideal On Excellent Location Residential Plot In Rawalpindi Under Rs. 18500000,,"Bahria Greens - Overseas Enclave - Sector 2, Bahria Greens - Overseas Enclave",,,41
"1,000 Kanal Total Compact Land Thallian Interchange Rawalpindi",,"Thalian Interchange, Rawalpindi",,,41
"Position plots, Semi developed plots and installments plots available in Blue World City",,"Blue World City, Chakri Road",,,41
Spacious Corner Residential Plot Is Available In UpCountry Enclosures Housing Society For Sale,,"UpCountry Enclosures Housing Society, Rawalpindi",,,41
5 MARLA DEVELOPED POSSESSION READY FOR CONSTRUCTION RDA APPROVED,,"Silver City, Girja Road",,,41
4 Marla Commercial Plot for Sale | Bahria Town Rawalpindi Phase 8 | Sector E,,"Bahria Town Phase 8, Bahria Town Rawalpindi",,,42
HOT INVESTMENT OPPORTUNITY | BAHRIA TOWN PHASE 7,,"Bahria Town Phase 7, Bahria Town Rawalpindi",,,42
5 Marla Solid Land Plot At Very Reasonable Price In M Block,,"Bahria Town Phase 8, Bahria Town Rawalpindi",,,42
5 Marla Hot location Plot For Sale In Overseas Sector,,"Bahria Town Phase 7, Bahria Town Rawalpindi",,,42
A 10 Marla Residential Plot Is Up For Grabs In Bahria Town Rawalpindi,,"Bahria Town Phase 8 - Block D, Bahria Town Phase 8",,,42
Taj Residencia 5 Marla Plot Available In Lilly Sector,,"Taj Residencia, Rawalpindi",,,42
14 Marla Plot Available In Taj Residencia,,"Taj Residencia, Rawalpindi",,,42
Taj Residencia 5 Marla Plot Available For Sale,,"Taj Residencia, Rawalpindi",,,42
5 Marla Ideal Location Plot For Sale In Taj Residencia,,"Taj Residencia, Rawalpindi",,,42
Capital Smart City 1 Kanal Plot For Sale,,"Capital Smart City, Rawalpindi",,,42
Capital Smart City 1 Kanal Possession Plot,,"Capital Smart City, Rawalpindi",,,42
Capital Smart City 7 Marla Possession Plot,,"Capital Smart City, Rawalpindi",,,42
Capital Smart City 10 Marla Possession Plot,,"Capital Smart City, Rawalpindi",,,42
Capital Smart City 3.5 Marla Plot For Sale,,"Capital Smart City, Rawalpindi",,,42
Capital Smart City 5 Marla 180 Ft Road Plot For Sale,,"Capital Smart City, Rawalpindi",,,42
Capital Smart City 4 Marla Commercial Overseas Central,,"Capital Smart City, Rawalpindi",,,42
Capital Smart City 5 Marla Overseas East,,"Capital Smart City, Rawalpindi",,,42
6 MARLA ALL DUES CLEAR DEVELOPED POSSESSION READY FOR CONSTRUCTION RDA APPROVED,,"CBR Town Phase 2, Rawalpindi",,,42
6 MARLA COMMERCIAL DEVELOPED POSSESSION READY FOR CONSTRUCTION RDA APPROVED,,"Girja Road, Rawalpindi",,,42
10 Marla For Sale Bank Loan,,"Punjab Government Servant Housing Foundation (PGSHF), Rawalpindi",,,42
5 Marla Plot For Sale Exit Land 8 Marla,,"Punjab Government Servant Housing Foundation (PGSHF), Rawalpindi",,,42
5 Marla plot,,"Bahria Town Phase 8 - Sector E-3, Bahria Town Phase 8",,,42
10 Marla Residential Plot for Sale Bahria Greens (Direct Owner No Commission),,"Bahria Greens - Overseas Enclave - Sector 3, Bahria Greens - Overseas Enclave",,,42
"271 Sq. Yds Boulevard Residential Plot For Sale Bahria Town Phase 8, Sector E",,"Bahria Town Phase 8, Bahria Town Rawalpindi",,,42
1 Kanal Prime Residential Plot | Bahria Town Phase 8 | Sun-Facing | 2nd from Corner,,"Bahria Town Phase 2, Bahria Town Rawalpindi",,,42
Capital Smart City On Instalments Possession Plot 10 Marla,,"Capital Smart City, Rawalpindi",,,43
8 Marla Leveled Plot L Block,,"Bahria Town Phase 8 - Block L, Bahria Town Phase 8",,,43
B Block Phase 8 Prime Location 10 Marla Plot,,"Bahria Town Phase 8 - Block B, Bahria Town Phase 8",,,43
Upcountry Enclosure 5marla Corner Hblock Plot,,"UpCountry Enclosures Housing Society, Rawalpindi",,,43
READY TO CONSTRUCTION PLOT FOR SALE,,"Bahria Town Phase 8 - Block P, Bahria Town Phase 8",,,43
Raj Residecia 5 Marla Plot On Installment,,"Taj Residencia - Daffodils Block, Taj Residencia",,,43
5marla Corner Plot,,"Adiala Road, Rawalpindi",,,43
5 Marla Corner Plot For Sale Chakri Road Al Haram City,,"Gulshan-e-Kashmir, Rawalpindi",,,43
Ideal Residential Plot Is Available For sale In Gulshan-e-Kashmir,,"Gulshan-e-Kashmir, Rawalpindi",,,43
5 Marla Plot For Sale Main 60 Ft Road Al Haram City,,"Al-Haram City, Chakri Road",,,43
7 Marla Plot For Sale Chakri Road Al Haram City,,"Al-Haram City, Chakri Road",,,43
7 marla corner plot for sale,,"Khan Village, Chakri Road",,,43
10 Marla Plot For Sale Chakri Road Kohala,,"Kohala, Rawalpindi",,,43
You Can Find A Gorgeous Main Double Road Commercial Plot For sale In Adiala Road,,"Adiala Road, Rawalpindi",,,43
5.5 Marla Boulevard Plot Rose Garden Zone 1 Sale,,"Rose Garden, Bahria Town Phase 8",,,43
10 Marla Plot Corner Park Facing For Sale Rose Garden,,"Rose Garden, Bahria Town Phase 8",,,43
Golden Opportunity 5 Marla Plot In Bahria Orchard,,"Bahria Town Phase 8 - Bahria Orchard, Bahria Town Phase 8",,,43
Prime Location Corner Plot Available For Sale In Bahria Town Phase 4,,"Bahria Town Phase 4, Bahria Town Rawalpindi",,,43
"10 Marla Prime Residential Plot for Sale Sector 1, Gulshanabad",,"Gulshan Abad, Rawalpindi",,,43
proper corner plot in H block,,"UpCountry Enclosures Housing Society, Rawalpindi",,,43
"Prime Main Boulevard Backside 1 Kanal Plot For Sale F Block, Up Country Enclave Prime Location |",,"UpCountry Enclosures Housing Society, Rawalpindi",,,43
3 Marla Plot For Sale In Al-Huda Block,,"Al-Haram City, Chakri Road",,,43
20 Marla Plot For Sale In Tuba Block,,"Al-Haram City, Chakri Road",,,43
5 Marla Plot For Sale In Gulshan E Kashmir,,"Gulshan-e-Kashmir, Rawalpindi",,,43
3 Marla Plot For Sale In Al Haram City main 60 feet road Chakri Road Rawalpindi,,"Al-Haram City - Phase 1, Al-Haram City",,,43
10 Marla Solid Land Plot Sector L,,"Bahria Town Phase 8 - Block L, Bahria Town Phase 8",,,44
Media Town Sector A Plot#402 12marla Solid Land,,"Media Town - Block A, Media Town",,,44
Phase 7 Plot # 626e Main Boulevard Bahria Town Rawalpindi Size 10 Marla,,"Bahria Town Phase 7, Bahria Town Rawalpindi",,,44
7 Marla Prime Location Plot For Sale,,"Punjab Government Servant Housing Foundation (PGSHF), Rawalpindi",,,44
10 Marla Main Boulevard Prime Location Plot For Sale,,"Punjab Government Servant Housing Foundation (PGSHF), Rawalpindi",,,44
SOLID LAND ONE KANAL PLOT FOR SALE,,"Bahria Town Phase 8 - Block A, Bahria Town Phase 8",,,44
20 MARLA BEST LOCATION PLOT LEVEL LAND FOR SALE,,"Bahria Town Phase 8 - Block A, Bahria Town Phase 8",,,44
10 MARLA PLOT WITH MAP PAID FOR SALE,,"Bahria Town Phase 8 - Block A, Bahria Town Phase 8",,,44
Residential Plot Of 5 Marla Is Available For Sale In Taj Residencia - Gardenia Block,,"Taj Residencia - Gardenia Block, Taj Residencia",,,44
"6 Marla Plot Located In Sector VIP Extension, Of Airport Housing Society Rawalpindi.  The Demand Of Plot Is Very Reasonable Contact For Details",,"Airport Housing Society - Sector 4, Airport Housing Society",,,44
"5 Marla Residential Plot For Sale In Street 11, H-Block, Sector-4, Airport Housing Society Rawalpindi",,"Airport Housing Society - Sector 4, Airport Housing Society",,,44
Buy A Centrally Located 7 Marla Residential Plot In Bahria Town Phase 8 - Usman Block,,"Bahria Town Phase 8 - Usman Block, Bahria Town Phase 8 - Safari Valley",,,44
3 Marla Spacious Commercial Plot Available In Bahria Town Phase 8 - Eden Lake View Block For Sale,,"Bahria Town Phase 8 - Eden Lake View Block, Bahria Town Phase 8",,,44
Ready To sale A Residential Plot 10 Marla In Bahria Town Phase 8 - Block I Rawalpindi,,"Bahria Town Phase 8 - Block I, Bahria Town Phase 8",,,44
Reserve A Centrally Located Residential Plot In Bahria Town Phase 8 - Block I,,"Bahria Town Phase 8 - Block I, Bahria Town Phase 8",,,44
Premium 9 Marla (45x45) Commercial Corner Plot | Spring North Phase 7 | Fully Paid & Ready,,"Bahria Spring North, Bahria Town Phase 7",,,44
A Residential Plot At Affordable Price Awaits You,,"Bahria Town Phase 3, Bahria Town Rawalpindi",,,44
5 Marla Plot For Sale In Al Haram City Chakri Road Rawalpindi,,"Al-Haram City, Chakri Road",,,44
1 KANAL DEVELOPED PLOT FOR SALE ON INVESTOR PRICE,,"CBR Town Phase 2 - Block A, CBR Town Phase 2",,,44
5 Marla Corner Plot For Sale In Al Haram City Phase 1,,"Al-Haram City - Phase 1, Al-Haram City",,,44
5 Marla Plot For Sale In Chakri Road Khan Village,,"Khan Village, Chakri Road",,,44
2 Kanal Plot For Sale In Al Haram City Rawalpindi,,"Al-Haram City - Phase 1, Al-Haram City",,,44
8 Marla Residential Plot For Grabs In Bahria Town Rawalpindi,,"Bahria Town Phase 8 - Usman Block, Bahria Town Phase 8 - Safari Valley",,,44
8 Marla Residential Plot For Grabs In Bahria Town Rawalpindi,,"Bahria Town Phase 8 - Usman Block, Bahria Town Phase 8 - Safari Valley",,,44
8 Marla Residential Plot For Grabs In Bahria Town Rawalpindi,,"Bahria Town Phase 8 - Usman Block, Bahria Town Phase 8 - Safari Valley",,,44
15 Marla Plot Available For Sale,,"Bahria Town Phase 3, Bahria Town Rawalpindi",,,45
10 Marla Plot In Overseas East Capital Smart City,,"Capital Smart City, Rawalpindi",,,45
Bahria Town Phase 8 - Sector F-1 Residential Plot Sized 10 Marla For Sale,,"Bahria Town Phase 8 - Sector F-1, Bahria Town Phase 8",,,45
"1 Kanal Corner Plot + 4 Marla Extra Paid Land Main Boulevard, Bahria Town| Near PSO Pump",,"Bahria Town Phase 4, Bahria Town Rawalpindi",,,45
Residential Plot In Bahria Town Phase 1 Sized 1 Kanal Is Available,,"Bahria Town Phase 1, Bahria Town Rawalpindi",,,45
Good 10 Marla Residential Plot For Sale In Bahria Town Phase 8 - Block H,,"Bahria Town Phase 8 - Block H, Bahria Town Phase 8",,,45
5 Marla Developed Plot - L Block - Possession/Utility Paid - Direct Owner,,"Bahria Town Phase 8, Bahria Town Rawalpindi",,,45
River View Commercial Plot#332 Lilly Road Bahria Town Phase 7 Rawalpindi,,"River View Commercial, Bahria Town Phase 7",,,45
River View Commercial Plot#326 Lilly Road Bahria Town Phase 7 Rawalpindi,,"River View Commercial, Bahria Town Phase 7",,,45
5 Marla ( 25*50 ) Plot For Sale Faisal Town Phase-2 Islamabad,,"Fazal Town Phase 2, Fazal Town",,,45
5 Marla Residential Plot For Sale,,"Adiala Road, Rawalpindi",,,45
10 Marla Residential Plot In Bahria Town Phase 8 - Block C For Sale,,"Bahria Town Phase 8 - Block C, Bahria Town Phase 8",,,45
A Stunning Residential Plot Is Up For Grabs In Bahria Town Phase 7 Rawalpindi,,"Bahria Town Phase 7, Bahria Town Rawalpindi",,,45
Centrally Located Residential Plot For sale In Bahria Town Phase 8 - Sector F-1 Available,,"Bahria Town Phase 8 - Sector F-1, Bahria Town Phase 8",,,45
Looking For A Commercial Plot In Bahria Spring North Rawalpindi,,"Bahria Spring North, Bahria Town Phase 7",,,45
This Is Your Chance To Buy Residential Plot In Bahria Town Phase 8 - Usman Block,,"Bahria Town Phase 8 - Usman Block, Bahria Town Phase 8 - Safari Valley",,,45
This Is Your Chance To Buy Residential Plot In Bahria Town Phase 1 Rawalpindi,,"Bahria Town Phase 1, Bahria Town Rawalpindi",,,45
"Premium 16 Marla Residential Plot-Chaklala Scheme 1, Rawalpindi",,"Chaklala Scheme 1, Chaklala Scheme",,,45
8 Marla Commercial Property With 2 Marla Extra Land For Sale Acantilado Commercial Phase 7,,"Bahria Town Phase 7, Bahria Town Rawalpindi",,,45
5 Marla Plot Available For Sale,,"Snober City, Adiala Road",,,45
5 Marla Plot For Sale Corner Lop,,"Snober City, Adiala Road",,,45
7 Marla Corner Plot With Extra Land Available For Sale,,"Punjab Government Servant Housing Foundation (PGSHF), Rawalpindi",,,45
5 Marla Corner Plot For Sale,,"Airport Housing Society - Sector 4, Airport Housing Society",,,45
Media Town 12 Merla Plot For Sale,,"Media Town, Rawalpindi",,,45
7 Marla Plot For Sale On Very Ideal Location Near Ayoub National Park And Main GT Road Foundation University Lane 04 New Lalazar Rawalpindi Cantt,,"New Lalazar, Rawalpindi",,,45
Residential Plot In Bahria Town Phase 8 - Sector E-1 For sale,,"Bahria Town Phase 8 - Sector E-1, Bahria Town Phase 8",,,46
Plot For Sale In Al Haram City Phase 1 Tuba Black Rawalpindi,,"Al-Haram City - Phase 1, Al-Haram City",,,46
5 Marla Plot For Sale In Al Haram City Rawalpindi,,"Al-Haram City - Phase 1, Al-Haram City",,,46
Plot For Sale In Safron City,,"Saffron City, GT Road",,,46
5 Marla Plot For Sale Overseas 5,,"Bahria Greens - Overseas Enclave - Sector 5, Bahria Greens - Overseas Enclave",,,46
Bahria Town Phase 8 - Block H Residential Plot Sized 10 Marla For Sale,,"Bahria Town Phase 8 - Block H, Bahria Town Phase 8",,,46
7 Marla Boulevard Corner Plot Rose Garden Zone 1,,"Rose Garden, Bahria Town Phase 8",,,46
5 Marla Plot For Sale Chaklala Scheme 3 Rawalpindi Beautiful Location All Facilities Available,,"Chaklala Scheme 3, Chaklala Scheme",,,46
Residential Plot Of 2800 Square Feet Service Road Front Open Is Available For Sale In Media Town,,"Media Town, Rawalpindi",,,46
10 Marla Plot With 12 Marla Extra Land Paid,,"Bahria Town Phase 8 - Block L, Bahria Town Phase 8",,,46
5 Marla Residential Plot For Sale On Installments In Saffron City Block B,,"Saffron City, GT Road",,,46
Lane 01 Plot No 18 Near To Save Mart,,"Bahria Hills, Bahria Town Phase 8",,,46
Near To Mosque Walking Distance'S,,"Bahria Town Phase 8 - Block L, Bahria Town Phase 8",,,46
Blvd Corner Plot With Park And Mosque And Commerical,,"Bahria Town Phase 8 - Usman D Block, Bahria Town Phase 8 - Safari Valley",,,46
Parkface Plus Extraland Solid Land Plot,,"Bahria Town Phase 8 - Block A, Bahria Town Phase 8",,,46
St No 01 Solid Land Plot No 355 Near To Future World School,,"Bahria Town Phase 8 - Block H, Bahria Town Phase 8",,,46
Solid Land Cutting Land 13 Marla Plot,,"Bahria Town Phase 8 - Block H, Bahria Town Phase 8",,,46
5 Marla Plot Available On Very Ideal Location Near Foundation University And Ayoub National Parknew Lalazar Rawalpindi Cantt,,"New Lalazar, Rawalpindi",,,46
3 Marla Plot For Sale On Very Ideal Location Lalazar Near Foundation University Opposite Ayoub National Park Rose Lane 4 Rawalpindi Cantt.,,"Lalazar, Rawalpindi",,,46
10 Marla Plot For Sale In Bahria Town Rawalpindi,,"Bahria Town Phase 3, Bahria Town Rawalpindi",,,46
Kanal Plot For Sale In Bahria Town Rawalpindi,,"Bahria Town Phase 1, Bahria Town Rawalpindi",,,46
Want To Buy A Commercial Plot In Rawalpindi?,,"Bahria Town Phase 7, Bahria Town Rawalpindi",,,46
Commercial Plot In Front Of Bahria Old Head Office Main Avenue (30x40)Sized Available,,"Bahria Town Phase 8 - Abu Bakar Block, Bahria Town Phase 8 - Safari Valley",,,46
Residential Plot Of 1 Kanal In Bahria Greens - Overseas Enclave - Sector 5 Is Available,,"Bahria Greens - Overseas Enclave - Sector 5, Bahria Greens - Overseas Enclave",,,46
A 10 Marla Residential Plot Located In Bahria Town Phase 8 - Block L Is Available For Sale,,"Bahria Town Phase 8 - Block L, Bahria Town Phase 8",,,46
"10 Marla Plot For Sale With Soil Test & Extra Land, Solid Land Guaranteed",,"Bahria Town Phase 8, Bahria Town Rawalpindi",,,47
Reserve A Residential Plot Now In Saffron City,,"Saffron City, GT Road",,,47
10 Marla Prime Location Plot Overseas 3,,"Bahria Greens - Overseas Enclave - Sector 3, Bahria Greens - Overseas Enclave",,,47
Affordable Residential Plot Available For Sale In Snober City LOP Plot,,"Snober City, Adiala Road",,,47
Best Location Plot,,"UpCountry Enclosures Society - Block G, UpCountry Enclosures Housing Society",,,47
5 Kanal Luxury Land For Sale A Perfect Future Investment,,"Bahria Town Phase 8 Extension, Bahria Town Phase 8",,,47
Commercial Plot For Sale,,"Eiffel Tower, Bahria Town Phase 8",,,47
Prime Location 10 Marla Plot Sector E,,"Bahria Town Phase 8 - Block E, Bahria Town Phase 8",,,47
Commercial Boulevard Corner Plot For Sale,,"Hub Commercial, Bahria Town Phase 8 - Safari Valley",,,47
4 Marla Ready For Construction Commercial Available For Sale In Capital Smart City,,"Capital Smart City Overseas, Capital Smart City",,,47
12 MARLA PLOT FOR SALE WITH OUTSTANDING LOCATION IN BLOCK-C,,"Bahria Town Phase 8 - Block C, Bahria Town Phase 8",,,47
45000 Square Feet Agricultural Land In Chakbeli Road Best Option,,"Chakbeli Road, Rawalpindi",,,47
Builders Location Solid Land 10 Marla Plot G Block,,"Bahria Town Phase 8 - Block G, Bahria Town Phase 8",,,47
5 Marla Commercial At Main BLVD River View Bahria Town,,"River View Commercial, Bahria Town Phase 7",,,47
16 Marla Corner Commercial Plot For Sale,,"Rawat Industrial Estate, Rawalpindi",,,47
6 Marla Plot For Sale Level Plot,,"Airport Housing Society - Sector 4, Airport Housing Society",,,47
Looking For A Main Double Road Residential Plot In Bahria Hamlet,,"Bahria Hamlet, Bahria Town Phase 8",,,47
"Ideal 10 Marla Residential Plot Has Landed On Market In Bahria Greens - Overseas Enclave - Sector 2, Rawalpindi",,"Bahria Greens - Overseas Enclave - Sector 2, Bahria Greens - Overseas Enclave",,,47
Ideally Located Residential Plot For Sale In Bahria Greens - Overseas Enclave - Sector 3 Available,,"Bahria Greens - Overseas Enclave - Sector 3, Bahria Greens - Overseas Enclave",,,47
Ready For Construction Residential Plot Of 7 Marla Is Available For Sale In Bahria Town Rawalpindi,,"Bahria Town Phase 8 - Usman Block, Bahria Town Phase 8 - Safari Valley",,,47
5 Marla pair plot ali block Is Available For Sale In Bahria Town Phase 8 Rawalpindi,,"Bahria Town Phase 8, Bahria Town Rawalpindi",,,47
10 Marla Plot Sector L Is Available For Sale In Bahria Town Phase 8 Rawalpindi,,"Bahria Town Phase 8, Bahria Town Rawalpindi",,,47
I Block Phase 8 | 10 Marla Park Facing Boulevard Plot | Back Open + DHA 4 View | Just 115 Lac,,"Bahria Town Phase 8 - Block I, Bahria Town Phase 8",,,47
5 Marla Plot Secter M Is Available For Sale In Bahria Town Phase 8 Rawalpindi,,"Bahria Town Phase 8, Bahria Town Rawalpindi",,,47
17 Marla Corner Plot Possession Utility Paid,,"Bahria Town Phase 8 - Sector F-1, Bahria Town Phase 8",,,47
8 Marla Posessionable Plot For Sale,,"Taj Residencia, Rawalpindi",,,48
10 Marla Plot For Sale Nearby Akbar Chowk Girja Road,,"Girja Road, Rawalpindi",,,48
1 Kanal Lake View Plot Direct Owner,,"PGSHF - Block A, Punjab Government Servant Housing Foundation (PGSHF)",,,48
Sector B Plot#306 Size 10marla With 1.5marla Extra Land Bahria Town Rawalpindi,,"Bahria Town Phase 8 - Block B, Bahria Town Phase 8",,,48
M PlotA#680 Street#23 Size 5 Marla Phase 8 Bahria Town Rawalpindi,,"Bahria Town Phase 8 - Block M, Bahria Town Phase 8",,,48
5 Marla Corner Plot Available For Sale,,"Bahria Town Phase 8 - Sector E-1, Bahria Town Phase 8",,,48
Most Prime Location Plot For More Details Contact Us,,"Bahria Town Phase 8 - Block H, Bahria Town Phase 8",,,48
100 Percent Solid Most Prime Location Plot For More Details Contact Us,,"Bahria Town Phase 8 - Usman Block, Bahria Town Phase 8 - Safari Valley",,,48
Buying A On Excellent Location Residential Plot In Bahria Town Phase 8 - Block B?,,"Bahria Town Phase 8 - Block B, Bahria Town Phase 8",,,48
Pgshf Rawalpindi Plot For Sale,,"Punjab Government Servant Housing Foundation (PGSHF), Rawalpindi",,,48
5 Marla Plot Blue World City Down Town,,"Blue World City, Chakri Road",,,48
"30x40 Commercial Plot For Sale In Tulip Block, Taj Residencia Prime Location Opportunity",,"Taj Residencia - Tulip Block, Taj Residencia",,,48
Block M ! 8 Marla Plot For Sale ! Premium Listing.,,"Bahria Town Phase 8 - Block M, Bahria Town Phase 8",,,48
Airport Road Commercial Plot Sized 17 Marla For sale,,"Airport Road, Rawalpindi",,,48
6 Marla corner plot For sale,,"Girja Road, Rawalpindi",,,48
H Plot A # 543 Size 11.5 Marla Phase 8 Bahria Town Rawalpindi,,"Bahria Town Phase 8 - Block H, Bahria Town Phase 8",,,48
Very Beautiful Location Near Adyala Road,,"Punjab Government Servant Housing Foundation (PGSHF), Rawalpindi",,,48
"10 Marla Possessionable Plot For Sale F-3 Block, Bahria Town Rawalpindi Phase 8 | Fully Developed & Ready For Construction",,"Bahria Town Phase 8 - Sector F-3, Bahria Town Phase 8",,,48
Saffron City Approved From RDA 5 Marla Plot File Available Only On 10% Booking Price,,"Saffron City, GT Road",,,48
5 Marla Commercial Plot For Sale Bahria Town Phase 7,,"Bahria Square Commercial, Bahria Town Phase 7",,,48
Good Location Boulevard Category Overseas Sector A Bahria Town Phase 8,,"Bahria Greens - Overseas Enclave - Sector 1, Bahria Greens - Overseas Enclave",,,48
Best Location Solid Land Overseas 5 Bahria Town Phase 8 Plot For Sale,,"Bahria Greens - Overseas Enclave - Sector 5, Bahria Greens - Overseas Enclave",,,48
4 Marla Commercial Plot For Sale on Main Adiala Road 20 Number Chungi Rawalpindi.,,"Adiala Road, Rawalpindi",,,48
5 Marla Plot For Sale In Taj Residencia,,"Taj Residencia, Rawalpindi",,,48
near to anwer hospital,,"Peshawar Road, Rawalpindi",,,48
10 Marla Plot For Sale In Media Town,,"Media Town, Rawalpindi",,,49
10 Marla Ready For Construction Plot Available For Sale,,"Adiala Road, Rawalpindi",,,49
Airport Housing Society,,"Airport Housing Society - Sector 4, Airport Housing Society",,,49
PRIME LOCATION NEAR PARK 10 MARLA PLOT FOR SALE,,"Bahria Town Phase 8 - Sector F-1, Bahria Town Phase 8",,,49
10 Marla Builders Location Plot Sector I,,"Bahria Town Phase 8 - Block I, Bahria Town Phase 8",,,49
5 Marla Prime Location Plot Sector M,,"Bahria Town Phase 8 - Block M, Bahria Town Phase 8",,,49
Commercial Plot For Sale,,"Bahria Spring North, Bahria Town Phase 7",,,49
5 Marla Corner Plot For Sale In Gulshan E Kashmir,,"Gulshan-e-Kashmir, Rawalpindi",,,49
Investors Should Sale This Main Double Road Commercial Plot Located Ideally In Bahria Town Rawalpindi,,"Bahria Town Phase 8 - Block E, Bahria Town Phase 8",,,49
SOLID LAND 10 MARLA PLOT FOR SALE,,"Bahria Town Phase 8 - Block A, Bahria Town Phase 8",,,49
10 Marla Plot Available For Sale Sector L,,"Bahria Town Phase 8 - Block L, Bahria Town Phase 8",,,49
A Scetor Plot#617a Kanal With 3marla Extraland Solid Land Phase 8 Bahria Town Rwp,,"Bahria Town Phase 8 - Block A, Bahria Town Phase 8",,,49
"10 Marla Residential Plot, Bahria Town Phase 8 Sector E",,"Bahria Town Phase 8, Bahria Town Rawalpindi",,,49
5 Marla Plot For Sale In A & B. Blocks,,"Saffron City, GT Road",,,49
5 Marla Plot For Sale In A & B Blocks,,"Saffron City, GT Road",,,49
Kanal Plot For Sale For In Bahria Town Rawalpindi,,"Bahria Town Phase 4, Bahria Town Rawalpindi",,,49
10 Marla Plot For Sale In Bahria Town Rawalpindi,,"Bahria Town Phase 2, Bahria Town Rawalpindi",,,49
5 Marla plot secter M Is Available For Sale In Bahria Town Phase 8 Rawalpindi,,"Bahria Town Phase 8, Bahria Town Rawalpindi",,,49
5 Marla PLOT SECTER ALI Is Available For Sale In Bahria Town Phase 8 Rawalpindi,,"Bahria Town Phase 8, Bahria Town Rawalpindi",,,49
1 Kanal Residential Plot In Bahria Town Rawalpindi For Sale At Good Location,,"Bahria Greens - Overseas Enclave - Sector 5, Bahria Greens - Overseas Enclave",,,49
1 Kanal Plot Ready For Construction For Sale In Phase 7.,,"Bahria Town Phase 7, Bahria Town Rawalpindi",,,49
Get An Attractive Residential Plot In Rawalpindi For Sale,,"Bahria Town Phase 8 - Block A, Bahria Town Phase 8",,,49
Corner Plot For Sale Overseas Enclave Sector 7 Bahria Town Phase 8,,"Bahria Greens - Overseas Enclave - Sector 7, Bahria Greens - Overseas Enclave",,,49
Capital Smart City 8 Marla Commercial 400 Feet Road,,"Capital Smart City, Rawalpindi",,,49
Capital Smart City 10 Marla Overseas East Plot For Sale,,"Capital Smart City, Rawalpindi",,,49
Capital Smart City 4 Marla Commercial,,"Capital Smart City, Rawalpindi",,,50
Capital Smart City 5 Marla Possession Plot 180 Ft Road For Sale,,"Capital Smart City, Rawalpindi",,,50
Capital Smart City 5 Marla Possession Plot,,"Capital Smart City, Rawalpindi",,,50
Capital Smart City 12 Marla Plot,,"Capital Smart City, Rawalpindi",,,50
Capital Smart City 5 Marla Possession Plot For Sale,,"Capital Smart City, Rawalpindi",,,50
10 Marla Corner Plot Capital Smart City,,"Capital Smart City, Rawalpindi",,,50
2 Kanal Capital Smart City Plot,,"Capital Smart City, Rawalpindi",,,50
Capital Smart City 5 Marla Possession plot,,"Capital Smart City, Rawalpindi",,,50
Capital Smart City 4 Marla Commercial,,"Capital Smart City, Rawalpindi",,,50
Capital Smart City 5 Marla Plot For Sale,,"Capital Smart City, Rawalpindi",,,50
Capital Smart City 1 Kanal Overseas East,,"Capital Smart City, Rawalpindi",,,50
Capital Smart City 10 Marla Plot For Sale,,"Capital Smart City, Rawalpindi",,,50
Capital Smart City 7 Marla Possession Plot,,"Capital Smart City, Rawalpindi",,,50
Capital Smart City 1 Kanal Possession Plot,,"Capital Smart City, Rawalpindi",,,50
Capital Smart City 10 Marla Plot,,"Capital Smart City, Rawalpindi",,,50
1 Kanal Capital Smart City,,"Capital Smart City, Rawalpindi",,,50
5 Marla Capital Smart City Islamabad,,"Capital Smart City, Rawalpindi",,,50
Capital Smart City 1 Kanal Plot Overseas East,,"Capital Smart City, Rawalpindi",,,50
Capital Smart City 1 Kanal Overseas East,,"Capital Smart City, Rawalpindi",,,50
Capital Smart City 4 Marla Commercial,,"Capital Smart City, Rawalpindi",,,50
Capital Smart City 5 Marla Possession Plot,,"Capital Smart City, Rawalpindi",,,50
10 Marla possession plot Park Road,,"Capital Smart City, Rawalpindi",,,50
Capital Smart City 5 Marla Possession Plot,,"Capital Smart City, Rawalpindi",,,50
Capital Smart City 10 Marla Corner Plot,,"Capital Smart City, Rawalpindi",,,50
Capital Smart City 5 Marla Plot,,"Capital Smart City, Rawalpindi",,,50
Capital Smart City 10 Marla Possession Plot,,"Capital Smart City, Rawalpindi",,,51
Capital Smart City 1 Kanal Possession Plot For Sale,,"Capital Smart City, Rawalpindi",,,51
Capital Smart City 12 Marla CORNER Plot,,"Capital Smart City, Rawalpindi",,,51
"Residential Solid Plot For Sale Bahria Town Rawalpindi Phase 8, C Block",,"Bahria Town Phase 8 - Block C, Bahria Town Phase 8",,,51
Beautiful Front Back Open 10 Marla Plot For Sale In Top City,,"Top City-1, Rawalpindi",,,51
Bahria Town 7 Marla Plot For Sale,,"Bahria Town Phase 8 - Ali Block, Bahria Town Phase 8 - Safari Valley",,,51
Bahria Town Plot For Sale Sector F2 Solid Land,,"Bahria Town Phase 8 - Sector F-2, Bahria Town Phase 8",,,51
Rafi Block Plot For Sale,,"Bahria Town Phase 8 - Rafi Block, Bahria Town Phase 8",,,51
Bahria Orchard Five Marla Plot For Sale,,"Bahria Town Phase 8 - Bahria Orchard, Bahria Town Phase 8",,,51
DHA Phase 9 (Ghandhara) Only 01 Kanal Plot For Sale,,"Capital Smart City, Rawalpindi",,,51
sale The Ideally Located Residential Plot For An Incredible Price Of Pkr Rs. 6000000,,"Capital Smart City Overseas Central, Capital Smart City",,,51
Phase 7 12 Marla Plot For Sale,,"Bahria Town Phase 7, Bahria Town Rawalpindi",,,51
Bahria Town 5 Marla Plot For Sale,,"Bahria Town Phase 8 - Sector E-3, Bahria Town Phase 8",,,51
Bahria Town Phase 8 Overseas 7 Plot For Sale,,"Bahria Greens - Overseas Enclave - Sector 7, Bahria Greens - Overseas Enclave",,,51
L Block 8 Marla Plot For Sale,,"Bahria Town Phase 8 - Block L, Bahria Town Phase 8",,,51
Bahria Town Intellectual Village 17 Marla Plot For Sale,,"Bahria Intellectual Village, Bahria Town Rawalpindi",,,51
Phase 7 Boulevard corner Plot for sale,,"Bahria Town Phase 7, Bahria Town Rawalpindi",,,51
Commercial Plot For Sale,,"Bahria Greens - Overseas Enclave - Sector 5, Bahria Greens - Overseas Enclave",,,51
Bahria Hills Kanal Plot For Sale,,"Bahria Hills, Bahria Town Phase 8",,,51
P Block Kanal Plot for sale Bahria Town Phase 8,,"Bahria Town Phase 8 - Block A, Bahria Town Phase 8",,,51
11 Marla Commercial Plot On Chakri Road Near Pir Meher Ali Shah Town Chakri Road - 35 Ft Front,,"Chakri Road, Rawalpindi",,,51
07 Marla Balloted 100 Feet Road Sector-II Plot For Sale,,"Blue World City - Overseas Block, Blue World City",,,51
"Prime 5 Marla Plot For Sale In Saffron City Rawalpindi Islamabad,Near Rawalpindi Ring Road",,"Saffron City, GT Road",,,51
10 Marla Plot For Sale in Saffron City Islamabad,,"Saffron City, GT Road",,,51
1 Kanal Residential Plots For Sale On GT Road Rawat | 3 Years Installments | Near Rawalpindi Ring Road,,"Saffron City, GT Road",,,51
8 Marla Possession Able Commercial Plot On Installments,,"Capital Smart City, Rawalpindi",,,52
4 Marla Commercial Possessionable Plots On Installments,,"Capital Smart City, Rawalpindi",,,52
COMMERCIAL PLOTS IN SAFFRON CITY,,"Saffron City, GT Road",,,52
Open Form Commercial Plot For Sale Beautiful Location,,"Bahria Town Phase 8 - Block N, Bahria Town Phase 8",,,52
Fair-Priced 15 Marla Commercial Plot Available In Bahria Town Phase 8 - Abu Bakar Block,,"Bahria Town Phase 8 - Abu Bakar Block, Bahria Town Phase 8 - Safari Valley",,,52
In Bahria Town Phase 8 - Khalid Block Commercial Plot Sized 5 Marla For Sale,,"Bahria Town Phase 8 - Khalid Block, Bahria Town Phase 8 - Safari Valley",,,52
Fair-Priced 15 Marla Commercial Plot Available In Bahria Town Phase 8 - Abu Bakar Block,,"Bahria Town Phase 8 - Abu Bakar Block, Bahria Town Phase 8 - Safari Valley",,,52
A 5 Marla Commercial Plot In Rawalpindi Is On The Market For sale,,"Bahria Town Phase 8 - Khalid Block, Bahria Town Phase 8 - Safari Valley",,,52
Affordable Residential Plot Available For sale In Bahria Greens - Overseas Enclave - Sector 5,,"Bahria Greens - Overseas Enclave - Sector 5, Bahria Greens - Overseas Enclave",,,52
Residential Plot Of 4875 Square Feet Is Available For Sale In Bahria Spring North,,"Bahria Spring North, Bahria Town Phase 7",,,52
"Commercial Plot Of 16 Marla Is Available For Sale In Bahria Spring North, Rawalpindi",,"Bahria Spring North, Bahria Town Phase 7",,,52
1 Kanal Farm House Plot Available In Cighu - Ideal Location For Luxury Farmhouse,,"Chakbeli Road, Rawalpindi",,,52
"Commercial Plot Of 16 Marla Is Available For Sale In Bahria Spring North, Rawalpindi",,"Bahria Spring North, Bahria Town Phase 7",,,52
"5 Marla Commercial Plot Available For Sale With Map, Boulevard, Possession & Utility Paid",,"Bahria Square Commercial, Bahria Town Phase 7",,,52
Bahria Town Phase 8 - Sector F-1 10 Marla Residential Plot Up For sale,,"Bahria Town Phase 8 - Sector F-1, Bahria Town Phase 8",,,52
Ready To Buy A Residential Plot In Bahria Town Phase 8 - Sector F-1 Rawalpindi,,"Bahria Town Phase 8 - Sector F-1, Bahria Town Phase 8",,,52
Commercial Plot Spread Over 1200 Square Feet In Bahria Business District Available,,"Bahria Business District, Bahria Town Phase 8",,,52
Residential Plot Of 4875 Square Feet Is Available For sale In Bahria Spring North,,"Bahria Spring North, Bahria Town Phase 7",,,52
5 Marla Plot For Sale In Saffron City,,"Saffron City, GT Road",,,52
Prime Location 5 Marla Plot In Executive Block B | Capital Smart City | Hot Investment,,"Capital Smart City Executive - Block B, Capital Smart City Executive",,,52
Prime Location 5 Marla Plot in Executive Block B | Capital Smart City | Hot Investment,,"Capital Smart City Executive - Block B, Capital Smart City Executive",,,52
5 Marla Plot Available For Sale In Roz Garden,,"Bahria Town Phase 8 - Bahria Residencia, Bahria Town Phase 8",,,52
5 Marla Corner Plot Available For Sale On Prime Location Of Saffron City,,"Saffron City, GT Road",,,52
10 Marla Plot Available For Sale On Prime Location Of Saffron City,,"Saffron City, GT Road",,,52
1 Kanal Plot Available For Sale In Prime Location Of Saffron City,,"Saffron City, GT Road",,,52
10 Marla Corner Commercial Plot Available For Sale,,"Bahria Town - Civic Centre, Bahria Town Phase 4",,,53
10 Marla Plot For Sale,,"Bahria Town Phase 8 - Sector F-2, Bahria Town Phase 8",,,53
10 Marla Plot For Sale,,"Bahria Town Phase 8 - Block L, Bahria Town Phase 8",,,53
Semi Develop Plot And Is Now Going To Be DHA Phase 3,,"Bahria Town Phase 8 - Block D, Bahria Town Phase 8",,,53
400 Square Yards Top Location Level & Solid Plot,,"Chaklala Scheme 1, Chaklala Scheme",,,53
"Reasonable Price, Level Plot, Ready for Construction",,"Media Town - Block A, Media Town",,,53
"Beautiful Garden View, Service Road Block B Plot 4 Sale",,"Media Town - Block B, Media Town",,,53
Plot For Sale Block J,,"CBR Town Phase 2 - Block J, CBR Town Phase 2",,,53
Centrally Located Residential Plot For Sale In Up Country Enclosures Society - Block F Available,,"UpCountry Enclosures Society - Block F, UpCountry Enclosures Housing Society",,,53
CBR Town Phase 2 Possession Plots Available!,,"CBR Town Phase 2 - Block A, CBR Town Phase 2",,,53
CBR Town Phase 2 Possession Plots,,"CBR Town Phase 2 - Block D, CBR Town Phase 2",,,53
CBR Town Phase 2 Possession Plots Available!,,"CBR Town Phase 2 - Block A, CBR Town Phase 2",,,53
UP COUNTRY ENCLOSURE RDA APPROVED 5 MARLA 7 MARLA 10 MARLA & 1 KANAL PLOTS AVAILABLE FOR SALE,,"UpCountry Enclosures Society - Block F, UpCountry Enclosures Housing Society",,,53
8 Marla Solid Land Plot For Sale,,"Bahria Town Phase 8 - Block D, Bahria Town Phase 8",,,53
"Prime 7 Marla Solid Plot in Ali Block, Bahria Town Phase 8 PKR 82 Lakh Only",,"Bahria Town Phase 8 - Ali Block, Bahria Town Phase 8 - Safari Valley",,,53
Parkface 10 Marla Excellent Location Plot In Bahria Phase 3,,"Bahria Town Phase 3, Bahria Town Rawalpindi",,,53
2 Kanal 10 Marla Main GT Road Commercial Plot CDA Zone 5,,"GT Road, Rawalpindi",,,53
Corner + Sun Face Prime Location Level Plot 10 Marla,,"Bahria Town Phase 5, Bahria Town Rawalpindi",,,53
To sale You Can Find Spacious Residential Plot In UpCountry Enclosures Housing Society,,"UpCountry Enclosures Housing Society, Rawalpindi",,,53
Block G 70fit Road Plot 5Marla,,"UpCountry Enclosures Housing Society, Rawalpindi",,,53
Block H 5 Marla Plot Sun Face,,"UpCountry Enclosures Housing Society, Rawalpindi",,,53
Block H Size 5Marla,,"UpCountry Enclosures Housing Society, Rawalpindi",,,53
56 Marla Commercial Plot For Sale In IJP Road,,"IJP Road, Rawalpindi",,,53
Capital Smart City Overseas East Sector-C 10 Marla Plot File Ready To Construction Available For Sale,,"Capital Smart City Overseas, Capital Smart City",,,53
Level And Clear 10 Marla Plot For Sale In Bahria Town Phase 8 Sector F2 St 3,,"Bahria Town Phase 8 - Sector F-2, Bahria Town Phase 8",,,53
Plot For Sale In Westridge,,"Westridge 1, Westridge",,,54
"SPECIAL DEAL FULLY DEVELOPED STREET,St B4-A, PHASE 7",,"Bahria Town Phase 7, Bahria Town Rawalpindi",,,54
10 Marla Plot For Sale In Saffron City,,"Saffron City, GT Road",,,54
5 Marla Commercial Plot For Sale In Naya Pakistan N Block,,"Bahria Town Phase 8 - Block N, Bahria Town Phase 8",,,54
Plot File Available For Sale In Dhanial Block,,"Al-Haram City - Phase 2, Al-Haram City",,,54
5 Marla Plot For Sale In Gulshan E Kashmir,,"Gulshan-e-Kashmir, Rawalpindi",,,54
5 Marla Plot For Sale In Gulshan E Kashmir,,"Gulshan-e-Kashmir, Rawalpindi",,,54
5 Marla Prime Location Plot For Sale,,"Al-Haram City - Phase 1, Al-Haram City",,,54
Ideal Residential Plot For Sale In Al-Haram City,,"Al-Haram City, Chakri Road",,,54
Reserve A Centrally Located Residential Plot On Chakri Road,,"Al-Haram City - Phase 1, Al-Haram City",,,54
In Al-Haram City Danyal Block 10 Marla Residential Plot For Sale,,"Al-Haram City, Chakri Road",,,54
Al-Haram City Residential Plot Sized 5 Marla,,"Al-Haram City, Chakri Road",,,54
"Al-Haram City - Phase 1, Al-Haram City, Chakri Road, Rawalpindi, Punjab",,"Al-Haram City - Phase 1, Al-Haram City",,,54
Reserve A Residential Plot Now In Saffron City,,"Saffron City, GT Road",,,54
Residential Plot Of 10 Marla Is Available For Sale,,"Bahria Town Phase 8 - Sector F-3, Bahria Town Phase 8",,,54
A Spacious 10 Marla Residential Plot In Bahria Town Phase 8 - Sector F-1,,"Bahria Town Phase 8 - Sector F-1, Bahria Town Phase 8",,,54
Residential Plot Is Available For Sale In Bahria Town Phase 8 - Sector F-2,,"Bahria Town Phase 8 - Sector F-2, Bahria Town Phase 8",,,54
In Rawalpindi You Can Find The Perfect Commercial Plot For Sale,,"Bahria Town Phase 8 - Eden Lake View Block, Bahria Town Phase 8",,,54
7 Marla Commercial Plot In Bahria Paradise,,"Bahria Paradise, Bahria Town Rawalpindi",,,54
5 Marla Commercial Plot Is Available In Bahria Paradise,,"Bahria Paradise, Bahria Town Rawalpindi",,,54
56 Marla Commercial Plot / Odl Building For Sale In IJP Road,,"IJP Road, Rawalpindi",,,54
"Affordable 3 Marla Residential Plot For Sale Allama Iqbal Colony, Chakri Road",,"Chakri Road, Rawalpindi",,,54
5 Marla Plot For Sale,,"CBR Town Phase 2 - Block J, CBR Town Phase 2",,,54
20 Marla Possession Plot For Sale In CBR Town Please 2,,"CBR Town Phase 2 - Block A, CBR Town Phase 2",,,54
10 MARLA PLOT FOR SALE BLOCK H,,"UpCountry Enclosures Housing Society, Rawalpindi",,,54
10 Marla PLOT SECTER A Is Available For Sale In Bahria Town Phase 8 Rawalpindi,,"Bahria Town Phase 8, Bahria Town Rawalpindi",,,55
7 Marla Park Face Plot Is Available For Sale In Abubakar Block Bahria Town Phase 8 Rawalpindi,,"Bahria Town Phase 8, Bahria Town Rawalpindi",,,55
10 Marla Ready For Construction Plot For Sale,,"Bahria Town Phase 8 - Sector F-1, Bahria Town Phase 8",,,55
10 Marla Residential Plot For Sale Bahria Town Phase 8 Rawalpindi,,"Bahria Town Phase 8 - Bahria Orchard, Bahria Town Phase 8",,,55
5 Marla Residential Plot For Sale Bahria Town Phase 8 Rawalpindi,,"Bahria Town Phase 8 - Bahria Orchard, Bahria Town Phase 8",,,55
Corner Blvd 5marla Plot For Sale,,"Bahria Greens - Overseas Enclave - Sector 5, Bahria Greens - Overseas Enclave",,,55
100% Solid Land All Pad Map Pad During Reading Soil Ready All Dues Clear For Construction Near Hospital,,"Bahria Town Phase 8 - Umer Block, Bahria Town Phase 8 - Safari Valley",,,55
14marla All Pad Plot For Sale,,"Bahria Town Phase 8 - Sector F-1, Bahria Town Phase 8",,,55
1 Kanal (50*90) Residential Plot For Sale In The Perfect Location Of Bahria Town Phase 8 - Block A Rwp/Isb,,"Bahria Town Phase 8 - Block A, Bahria Town Phase 8",,,55
Best Options For open transfer 10Marla Residential Plot Is Available For sale In Bahria Town Phase 7 Rwp/Isb,,"Bahria Town Phase 7, Bahria Town Rawalpindi",,,55
Bahria Town Rawalpindi Phase 8 Block G 10Marla (35*70)Sized Plot For Sale Investment Price,,"Bahria Town Phase 8 - Block G, Bahria Town Phase 8",,,55
Bahria Town Rawalpindi Phase 8 Block N 10 Marla (35*70) Sized Residential Plot For Sale,,"Bahria Town Phase 8 - Block N, Bahria Town Phase 8",,,55
Want To Buy A 10 Marla Residential Plot On corner In Bahria Town Phase7 Rawalpindi / Islamabad,,"Bahria Town Phase 7, Bahria Town Rawalpindi",,,55
You Can Find A Gorgeous 10 Marla Plot Residential Plot For Sale In Bahria Town Phase 8 Block F3 Rwp,,"Bahria Town Phase 8 - Sector F-3, Bahria Town Phase 8",,,55
10Marla Main Boulevard Residential Plot For Sale In Bahria Town Rawalpindi Phase8 Sector-E,,"Bahria Town Phase 8 - Block E, Bahria Town Phase 8",,,55
16Marla Residential Plot For Sale In Bahria Town Phase7 The Ideally Located Residential Plot For An Incredible Price Of Pkr Rs. 9500000,,"Bahria Town Phase 7, Bahria Town Rawalpindi",,,55
26 Marla Residential Plot For Sale In Bahria Intellectual Village Phase7 Rawalpindi / Islamabad,,"Bahria Intellectual Village, Bahria Town Rawalpindi",,,55
Residential 1Kanal (50*90)Sized Plot On MainFor Sale Is Readily Available In Prime Location Of Bahria Town Phase 7 Rwp/Isb,,"Bahria Town Phase 7, Bahria Town Rawalpindi",,,55
10 Marla (35*70) Sized Residential Plot In Bahria Town Phase7 Rawalpindi Of Rawalpindi Is Available For Sale,,"Bahria Town Phase 7, Bahria Town Rawalpindi",,,55
5Marla (30*40)Sized Residential Plot Available In Bahria Town Rwp/Isb Phase8 Rose Garden-2,,"Rose Garden Zone 2, Rose Garden",,,55
10Marla (35*70)Sized Residential Plot On Main Boulevard & Back In Bahria Town Phase 8 - Eden Lake View Block Is Available For Sale,,"Bahria Town Phase 8 - Eden Lake View Block, Bahria Town Phase 8",,,55
In Bahria Town Rwp/Isb Phase 8 - Block B 1Kanal (50*90)Sized Residential Plot For Sale,,"Bahria Town Phase 8 - Block B, Bahria Town Phase 8",,,55
1 Kanal (50*90) Sized Residential Plot In Bahria Town Phase 8 - Block A Is Available,,"Bahria Town Phase 8 - Block A, Bahria Town Phase 8",,,55
Spacious 11Marla (50*50)Sized Residential Plot Is Available For Sale In Ideal Location Of Bahria Intellectual Village,,"Bahria Intellectual Village, Bahria Town Rawalpindi",,,55
Residential Plot Sized 2 Kanal Is Available For sale In Bahria Hills View Phase7 Rwp/Isb,,"Bahria Hills View, Bahria Town Phase 7",,,55
A Residential Plot On Main Boulevard Of 1Kanal (50*90)Sized In Bahria Town Phase 7 Rwp/Isb,,"Bahria Town Phase 7, Bahria Town Rawalpindi",,,56
Bahria Town Rwp/Isb Phase2 10Marla Level Plot Availeble ver Cheap,,"Bahria Town Phase 2, Bahria Town Rawalpindi",,,56
Bahria Town Rwp/Isb Phase5 10Marla (30*75)Sized Residential Plot Available,,"Bahria Town Phase 5, Bahria Town Rawalpindi",,,56
Bahria Town Phase3 1Kanal Residentail Plot Available,,"Bahria Town Phase 3, Bahria Town Rawalpindi",,,56
Highly-Desirable 10Marla with Extra Land Residential Plot Available In Bahria Town Phase 8 - Block E For sale,,"Bahria Town Phase 8 - Block E, Bahria Town Phase 8",,,56
Bahria Town Rwp/Isb Phase8 A1 1 Kanal (50*90)Sized Residential Plot Available For Sale,,"Bahria Town Phase 8 - Block A1, Bahria Town Phase 8",,,56
Bahria Town Rwp Phase8 Sector P 1 Kanal Residential Plot Available For Sale,,"Bahria Town Phase 8 - Block P, Bahria Town Phase 8",,,56
Bahria Town Rwp/Isb Phase8 D Block 1Kanal (50*90)Sized Boulevard & Back Open Residentail Plot Avaialble For Sale,,"Bahria Town Phase 8 - Block D, Bahria Town Phase 8",,,56
Highly-Desirable 10 Marla Residential Plot Available In Gulshan Abad Sector 1,,"Gulshan Abad Sector 1, Gulshan Abad",,,56
A Residential Plot Of 1 Kanal,,"Gulshan Abad Sector 1, Gulshan Abad",,,56
This Is Your Chance To Buy Residential Plot In Rawalpindi,,"Gulshan Abad Sector 2, Gulshan Abad",,,56
Centrally Located Residential Plot In Gulshan Abad Sector 1 Is Available For Sale,,"Gulshan Abad Sector 1, Gulshan Abad",,,56
Get In Touch Now To Buy A 1 Kanal Residential Plot In Gulshan Abad Sector 2 Rawalpindi,,"Gulshan Abad Sector 2, Gulshan Abad",,,56
Ready To Buy A Residential Plot In Gulshan Abad Sector 2 Rawalpindi,,"Gulshan Abad Sector 2, Gulshan Abad",,,56
Residential Plot For Sale In Beautiful Gulshan Abad Sector 3,,"Gulshan Abad Sector 3, Gulshan Abad",,,56
10 Marla Residential Plot For Sale In Gulshan Abad Sector 1 Rawalpindi,,"Gulshan Abad Sector 1, Gulshan Abad",,,56
To Sale You Can Find Spacious Residential Plot In Gulshan Abad Sector 2,,"Gulshan Abad Sector 2, Gulshan Abad",,,56
Residential Plot Is Available For Sale In Gulshan Abad Sector 2,,"Gulshan Abad Sector 2, Gulshan Abad",,,56
PLOT FOR SALE PRIME LOCATION IN UPCOUNTRY ENCLOSURE,,"UpCountry Enclosures Society - Block F, UpCountry Enclosures Housing Society",,,56
Plot For Sale In CBR Town Phase 2,,"CBR Town Phase 2 - Block C, CBR Town Phase 2",,,56
PLOT FOR SALE PRIME LOCATION IN CBR Town please 2,,"CBR Town Phase 2 - Block A, CBR Town Phase 2",,,56
"10 Marla Residential Plot for Sale in Overseas Sector, Bahria Town Phase 8",,"Bahria Greens - Overseas Enclave - Sector 7, Bahria Greens - Overseas Enclave",,,56
1 Kanal Plot For Sale In Chaklala Scheme 3 Prime Location,,"Chaklala Scheme 3, Chaklala Scheme",,,56
Premium 10 Marla Residential Plot. No. 70N For Sale In Rose Block Taj Residencia Best Investment Opportunity Near Islamabad Prime Location Demand 104 Lakh,,"Taj Residencia, Rawalpindi",,,56
5 Marla Corner 3 Sides Open Residential Plot Available In Clifton Town Ship,,"Clifton Township, Rawalpindi",,,56
"10 Marla Residential Plot For Sale In Sector K, Bahria Town Phase 8",,"Bahria Town Phase 8 - Block K, Bahria Town Phase 8",,,57
"10 Marla Residential Plot For Sale In Sector K, Bahria Town Phase 8",,"Bahria Town Phase 8 - Block K, Bahria Town Phase 8",,,57
1 Kanal Best For Investment Is Available For Sale,,"Bahria Town Phase 8 - Sector F-5, Bahria Town Phase 8",,,57
"1 Kanal Plot For Sale in Sector F4, Bahria Town",,"Bahria Town Phase 8 - Sector F-4, Bahria Town Phase 8",,,57
"1 Kanal Plot For Sale in Sector F4, Bahria Town",,"Bahria Town Phase 8 - Sector F-4, Bahria Town Phase 8",,,57
"10 Marla Residential Plot for Sale in Sector F3, Bahria Town Phase 8",,"Bahria Town Phase 8 - Sector F-3, Bahria Town Phase 8",,,57
10 Marla Residential Plot in Sector F3 Bahria Town Phase 8 Rawalpindi,,"Bahria Town Phase 8 - Sector F-3, Bahria Town Phase 8",,,57
"10 Marla Residential Plot for Sale in Sector F2, Bahria Town Phase 8",,"Bahria Town Phase 8 - Sector F-2, Bahria Town Phase 8",,,57
"10 Marla Residential Plot For Sale In Sector F2, Bahria Town Phase 8",,"Bahria Town Phase 8 - Sector F-2, Bahria Town Phase 8",,,57
"1 Kanal, South Facing, Ready For Construction, Solid Plot, For Sale In Bahria Hamlets",,"Bahria Hamlet, Bahria Town Phase 8",,,57
C-Junction Commercial 5 Marla 30x40 Basment Ground + floors approved Possession Utility Paid Back Open,,"C Junction Commercial, Bahria Town Phase 8",,,57
Business District North Main Boulevard Plot Back Open Near New Head Office Bahria Town 120 Feet Height Approved,,"Bahria Business District, Bahria Town Phase 8",,,57
2 Kanal Plot Back Open In Bahria Hamlet Extra Land From Back Possible Vey Reasonable,,"Bahria Hamlet, Bahria Town Phase 8",,,57
Hamlet 44 Marla Plot Main Boulevard Front Back Open Ideal Location With Reasonable Price,,"Bahria Hamlet, Bahria Town Phase 8",,,57
Hamlet 8-25 Kanal Total 4124 Sqyds Heighted Top View Plot VIP Location Very Reasonable Price,,"Bahria Hamlet, Bahria Town Phase 8",,,57
Club City VIP Sector 2-Kanal Plot With Extra Land For Sale At Investors Price Best Location Level Plot,,"Bahria Town Phase 8 - Club City, Bahria Town Phase 8",,,57
35x70 Size L Block Fully Developed And Possession Area Ready To Built Level Plot Very Reasonable Price,,"Bahria Town Phase 8 - Block L, Bahria Town Phase 8",,,57
Bahria Hamlet 1 Kanal Level Plot Possession Utility Paid In Very Reasonable Price At 150lacs,,"Bahria Hamlet, Bahria Town Phase 8",,,57
"Change Your Address To Bahria Town Phase 8 - Rafi Block, Rawalpind",,"Bahria Town Phase 8 - Rafi Block, Bahria Town Phase 8",,,57
Full heighted solid area of over sease enclave,,"Bahria Greens - Overseas Enclave - Sector 5, Bahria Greens - Overseas Enclave",,,57
Corner Plot Level Solid Top Height View,,"Bahria Greens - Overseas Enclave - Sector 2, Bahria Greens - Overseas Enclave",,,57
Reserve A Centrally Located Residential Plot Of 18 Marla In Bahria Town Phase 8 - Block C,,"Bahria Town Phase 8 - Block C, Bahria Town Phase 8",,,57
7 Marla Residential Plot For Sale In Umer Block Rawalpindi,,"Bahria Town Phase 8 - Umer Block, Bahria Town Phase 8 - Safari Valley",,,57
Avail Yourself A Great Corner 1 Kanal Residential Plot In Bahria Greens - Overseas Enclave - Sector 5,,"Bahria Greens - Overseas Enclave - Sector 5, Bahria Greens - Overseas Enclave",,,57
Corner 8 Marla Residential Plot In Beautiful Location Of Bahria Town Phase 8 - Usman Block In Rawalpindi,,"Bahria Town Phase 8 - Usman Block, Bahria Town Phase 8 - Safari Valley",,,57
Ideal Residential Plot Is Available For Sale In Rawalpindi,,"Bahria Town Phase 8 - Usman Block, Bahria Town Phase 8 - Safari Valley",,,58
Beautiful Level Plot In Secter J Phase 8 In Reasonable Price J Block 8 Marla,,"Bahria Town Phase 8 - Block J, Bahria Town Phase 8",,,58
Get Your Dream Commercial Plot In Hub Commercial Rawalpindi,,"Hub Commercial, Bahria Town Phase 8 - Safari Valley",,,58
Map Paid Builders Location Plot,,"Bahria Greens - Overseas Enclave - Sector 5, Bahria Greens - Overseas Enclave",,,58
Pair 1 Kanal Residential Plot With 6 Marla Extra Land Paid,,"Bahria Town Phase 8 - Block P, Bahria Town Phase 8",,,58
1 Kanal Plot Available For Sale,,"Bahria Town Phase 1, Bahria Town Rawalpindi",,,58
5Marla (25*50)Sized Residential Plot For Grabs In Bahria Town Phase8 Sector E1 Rawalpindi,,"Bahria Town Phase 8 - Sector E-1, Bahria Town Phase 8",,,58
On Main Boulevard 22Marla Residential Plot Near Globe Chowk Available in Bahria Town Phase7 Isb,,"Bahria Town Phase 7, Bahria Town Rawalpindi",,,58
Phase7 10Marla Near Fatima Masjid Residential Plot Available in Bahria Town Phase7 Rwp/Isb,,"Bahria Town Phase 7, Bahria Town Rawalpindi",,,58
Bahria Town Rwp/Isb Phase8 Sector C 10Marla (35*70)Sized Residentail Plot Available For Sale,,"Bahria Town Phase 8 - Block C, Bahria Town Phase 8",,,58
5 Marla Commercial Plot For Sale In H Block,,"Bahria Town Phase 8 - Block H, Bahria Town Phase 8",,,58
"5 Kanal Farmhouse Plot WITH POSSESSION Hartus Greens (Overseas Owner, Ready to Build)",,"Chakbeli Road, Rawalpindi",,,58
Land For Sale In Rawalpindi And Islamabad 3 Lac Per Kanal,,"Chakri Road, Rawalpindi",,,58
6 Marla Plot For Sale In Vip Extension,,"Airport Housing Society - Sector 4, Airport Housing Society",,,58
Block H 5 Marla Plot For Sale,,"Airport Housing Society - Sector 4, Airport Housing Society",,,58
5 Marla Plot Vip Extension,,"Airport Housing Society - Sector 4, Airport Housing Society",,,58
5 Marla Residential Plot For Sale,,"Airport Housing Society - Sector 4, Airport Housing Society",,,58
2 Marla Commercial Plot For Sale,,"Airport Housing Society - Sector 4, Airport Housing Society",,,58
3 Marla Commercial Plot On Main Road,,"Airport Housing Society - Sector 4, Airport Housing Society",,,58
4 Marla Commercial Plot In Vip Proper Urgent Sale,,"Airport Housing Society - Sector 1, Airport Housing Society",,,58
Block F 8 Marla Plot For Sale,,"Airport Housing Society - Sector 4, Airport Housing Society",,,58
Westridge2 Plot For Sale,,"Westridge 2, Westridge",,,58
E Block 6 Marla Plot For Sale,,"Airport Housing Society - Sector 4, Airport Housing Society",,,58
Vip Extension 6 Marla plot for sale,,"Airport Housing Society - Sector 4, Airport Housing Society",,,58
8 Marla Plot For Sale In Block H,,"Airport Housing Society - Sector 4, Airport Housing Society",,,58
Top Heighted Locatin Plot With Extra Land,,"Bahria Greens - Overseas Enclave - Sector 3, Bahria Greens - Overseas Enclave",,,59
"2.5 Marla Commercial Plot Adjacent SLS School , Ready For Construction ALL Paid",,"Bahria Town Phase 8 - Sector F-2, Bahria Town Phase 8",,,59
14 Marla Plot With A Beautifull Dimension (40 X80 ) Prime Location Plot For Sale,,"Bahria Town Phase 8 - Block C, Bahria Town Phase 8",,,59
Investors Price 10 Marla Corner Plot For Sale In K Block Bahria Town Rawalpindi,,"Bahria Town Phase 8 - Block K, Bahria Town Phase 8",,,59
1 Kanal Prime Location Plot For Sale With Possession Utilities Paid,,"Bahria Greens - Overseas Enclave - Sector 4, Bahria Greens - Overseas Enclave",,,59
10 Marla Boulevard Category Plot For Sale,,"Bahria Town Phase 8 - Block L, Bahria Town Phase 8",,,59
A Top Height Location 15 Marla Plot With 5 Marla Lawn Back Open View For Sale,,"Bahria Greens - Overseas Enclave - Sector 3, Bahria Greens - Overseas Enclave",,,59
12 Marla Solid Land Plot Fo Rsale,,"Bahria Town Phase 8 - Block H, Bahria Town Phase 8",,,59
5 Marla Commercial Plot For Sale In Sector C Bahria Town Rawalpindi,,"Bahria Town Phase 8 - Block C, Bahria Town Phase 8",,,59
Investors Price 5 Marla Commercial Plot For Sale In RAFI BLOCK Bahria Town Rawalpindi,,"Bahria Town Phase 8 - Rafi Block, Bahria Town Phase 8",,,59
"Investors Price Plot , 10 Marla Bahria Town Rawalpindi Phase 8 Sector E For Sale",,"Bahria Town Phase 8 - Block E, Bahria Town Phase 8",,,59
7 Marla Plot For Sale,,"Bahria Town Phase 8, Bahria Town Rawalpindi",,,59
26 Marla Corner Plot for sale,,"Bahria Town Phase 1, Bahria Town Rawalpindi",,,59
Prime Location 15 Marla Residential Plot In Bahria Town Phase 7 For sale At Good Location,,"Bahria Town Phase 7, Bahria Town Rawalpindi",,,59
5 Marla Commercial Plot For Sale Hub Commercial Prime Location,,"Hub Commercial, Bahria Town Phase 8 - Safari Valley",,,59
Plot For Sale In Bahria Town Phase 8 Block H,,"Bahria Town Phase 8 - Block H, Bahria Town Phase 8",,,59
Rose Garden 5 Marla Residential Plot Up For Sale,,"Rose Garden, Bahria Town Phase 8",,,59
5 Marla Ready To Build Plot For Sale | Rose Garden 2 | Prime Location,,"Rose Garden Zone 2, Rose Garden",,,59
10 Marla Ready To Build Plot For Sale | E-1 Sector | All Dues Clear,,"Bahria Town Phase 8 - Sector E-1, Bahria Town Phase 8",,,59
Bahria Town Phase 8 - Block N Residential Plot Sized 10 Marla Is Available For Sale,,"Bahria Town Phase 8 - Block N, Bahria Town Phase 8",,,59
1 Kanal Residential Plot For Sale In A1 Block,,"Bahria Town Phase 8 - Block A1, Bahria Town Phase 8",,,59
7.3 Marla Front & Back Open Commercial Plot For Sale In Rafi Block,,"Bahria Town Phase 8 - Rafi Block, Bahria Town Phase 8",,,59
10 Marla Residential Plot For Sale In G Block,,"Bahria Town Phase 8 - Block G, Bahria Town Phase 8",,,59
"Plot For Sale Abu Bakar Block, Safari Valley, Bahria Town Phase 8",,"Bahria Town Phase 8 - Abu Bakar Block, Bahria Town Phase 8 - Safari Valley",,,59
8 Marla Commercial Plot In E-Block Bahria Town Demand 4.5 Crore,,"Bahria Town Phase 8 - E Commercial, Bahria Town Phase 8",,,59
1 Kanal Commercial Plot For Sale In Business District Prime Investment | Price 17 Crore,,"Bahria Business District, Bahria Town Phase 8",,,60
Corner 1 Kanal Residential Plot In Stunning Bahria Town Phase 8 - Block P Is Available For Sale,,"Bahria Town Phase 8 - Block P, Bahria Town Phase 8",,,60
Book A Residential Plot Of 5 Marla In Bahria Town Phase 8 - Block I Rawalpindi,,"Bahria Town Phase 8 - Block I, Bahria Town Phase 8",,,60
E3 5 Marla Plot For Sale Best Investment Option | 58 Lakhs,,"Bahria Town Phase 8 - Sector E-3, Bahria Town Phase 8",,,60
7.3 Marla Front & Back Open Commercial Plot For Sale In Rafi Block,,"Bahria Town Phase 8 - Rafi Block, Bahria Town Phase 8",,,60
5 Marla Commercial Plot For Sale In Hilltop Prime Location 2.90 Crore,,"Bahria Town Phase 8 - Hill Top Commercial, Bahria Town Phase 8",,,60
Residential Plot For Sale In Block L Best Price Ideal Location Ready For Construction,,"Bahria Town Phase 8 - Block L, Bahria Town Phase 8",,,60
Plot For Sale In Bahria Town Phase 8,,"Bahria Town Phase 8 - Rafi Block, Bahria Town Phase 8",,,60
N Block 6 Marla Plot For Sale Prime Location 58 Lacs,,"Bahria Town Phase 8 - Block N, Bahria Town Phase 8",,,60
8 Marla Residential Plot For Sale Prime Location Only 70 Lakh,,"Bahria Town Phase 8 - Block L, Bahria Town Phase 8",,,60
Investment Plot For Sale In Khalid Block,,"Bahria Town Phase 8 - Khalid Block, Bahria Town Phase 8 - Safari Valley",,,60
Lake View 10 Marla Plot For Sale Premium Location 1.85 Crore,,"Bahria Town Phase 8 - Eden Lake View Block, Bahria Town Phase 8",,,60
"7 Marla Plot For Sale In K Block, Bahria Town Phase 8 Rawalpindi Main Boulevard Price 50 Lac5",,"Bahria Town Phase 8 - Block K, Bahria Town Phase 8",,,60
10 Marla Residential Plot For Sale In C Block Prime Location,,"Bahria Town Phase 8 - Block C, Bahria Town Phase 8",,,60
1 Kanal Boulevard Corner Plot For Sale In Civic Centre Prime Location,,"Bahria Town - Civic Centre, Bahria Town Phase 4",,,60
5 Marla Commercial Plot In Overseas 6 Prime Business Location For Sale,,"Bahria Greens - Overseas Enclave - Sector 6, Bahria Greens - Overseas Enclave",,,60
Get An Attractive Residential Plot In Rawalpindi For Sale,,"Bahria Town Phase 8 - Block A, Bahria Town Phase 8",,,60
Commercial Plot For Sale In Midway Bahria Town Phase 7,,"Midway Commercial, Bahria Town Phase 7",,,60
Affordable Residential Plot For Sale In Bahria Town Phase 8 - Block K,,"Bahria Town Phase 8 - Block K, Bahria Town Phase 8",,,60
5 Marla Plot For Sale Overseas 5 Block,,"Bahria Greens - Overseas Enclave - Sector 5, Bahria Greens - Overseas Enclave",,,60
J Block 10 Marla Boulevard Plot For Sale Prime Location 75,,"Bahria Town Phase 8 - Block J, Bahria Town Phase 8",,,60
Buy Your Ideal Good Location 2 Kanal Residential Plot In A Prime Location Of Rawalpindi,,"Bahria Hills, Bahria Town Phase 8",,,60
"Change Your Address To On Excellent Location Bahria Town Phase 8 - Ali Block, Rawalpindi For A Reasonable Price",,"Bahria Town Phase 8 - Ali Block, Bahria Town Phase 8 - Safari Valley",,,60
Get An Attractive Residential Plot In Rawalpindi,,"Bahria Town Phase 8 - Ali Block, Bahria Town Phase 8 - Safari Valley",,,60
2 Kanal Industrial Plot For Sale,,"Rawat Industrial Estate, Rawalpindi",,,60
10 Marla Corner Plot 8 Marla Extra Land Bahria Orchard,,"Bahria Town Phase 8 - Bahria Orchard, Bahria Town Phase 8",,,61
72 Marla Plot Sector P,,"Bahria Town Phase 8 - Block P, Bahria Town Phase 8",,,61
7 Marla Corner Plus 3 Marla Extra Land A Category Plot,,"Bahria Town Phase 8 - Umer Block, Bahria Town Phase 8 - Safari Valley",,,61
10 Marla Plot With Registry Sector A,,"Bahria Town Phase 8 - Block A, Bahria Town Phase 8",,,61
10 Marla Solid Land Plot C Block,,"Bahria Town Phase 8 - Block C, Bahria Town Phase 8",,,61
Bahria Town Phase-8 F1 10 Marla Plot For Sale,,"Bahria Town Phase 8, Bahria Town Rawalpindi",,,61
Ring Road Commercial Plot For Sale,,"Ring Road Commercial, Bahria Town Phase 8",,,61
Residential Plot Of 1 Kanal For Sale In Bahria Town Phase 4,,"Bahria Town Phase 4, Bahria Town Rawalpindi",,,61
1 Kanal Spacious Residential Plot Available In Bahria Town Phase 2 For Sale,,"Bahria Town Phase 2, Bahria Town Rawalpindi",,,61
Plot For Sale In Bahria Town Phase 4 Rawalpindi Is Available,,"Bahria Town Phase 4, Bahria Town Rawalpindi",,,61
This Is Your Chance To Buy Residential Plot In Bahria Town Phase 4,,"Bahria Town Phase 4, Bahria Town Rawalpindi",,,61
Ideal Residential Plot Is Available For Sale In Rawalpindi,,"Bahria Town Phase 4, Bahria Town Rawalpindi",,,61
Ideally Located Residential Plot Of 1 Kanal Is Available For Sale In Rawalpindi,,"Bahria Town Phase 4, Bahria Town Rawalpindi",,,61
"Residential Plot For Sale In Rs. 43,500,000",,"Bahria Town Phase 4, Bahria Town Rawalpindi",,,61
1 Kanal Residential Plot In Bahria Town Phase 2 For Sale,,"Bahria Town Phase 2, Bahria Town Rawalpindi",,,61
1 Kanal Residential Plot Up For Sale In Bahria Town Phase 2,,"Bahria Town Phase 2, Bahria Town Rawalpindi",,,61
Spacious 1 Kanal Residential Plot Available For sale In Bahria Town Phase 4,,"Bahria Town Phase 4, Bahria Town Rawalpindi",,,61
Residential Plot For Sale In Bahria Town Phase 4,,"Bahria Town Phase 4, Bahria Town Rawalpindi",,,61
Commercial Plot For Sale Ring Road,,"Ring Road Commercial, Bahria Town Phase 8",,,61
Boulevard Corner Plot For Sale In Phase 2,,"Bahria Town Phase 2, Bahria Town Rawalpindi",,,61
Very Prime Location Plot For Sale In Phase 3,,"Bahria Town Phase 3, Bahria Town Rawalpindi",,,61
10 Marla Plot For Sale In Hot Location In Phase 2,,"Bahria Town Phase 2, Bahria Town Rawalpindi",,,61
Very Hot And Prime Location Pease Full Area Plot For Sale With 6 Marla Extra Land,,"Bahria Town Phase 5, Bahria Town Rawalpindi",,,61
Bahira Town Phase 4 Road B Corner Plot For Sale,,"Bahria Town Phase 4, Bahria Town Rawalpindi",,,61
24 Marla Corner Boulevard Plot For Sale,,"Bahria Town Phase 4, Bahria Town Rawalpindi",,,61
Very Prime Location Plot For Sale In Phase 4,,"Bahria Town Phase 4, Bahria Town Rawalpindi",,,62
Original Pictures Are Attached Very Prime Location Plot For Sale,,"Bahria Town Phase 5, Bahria Town Rawalpindi",,,62
Corner Kanal Plot For Sale In Phase 4,,"Bahria Town Phase 4, Bahria Town Rawalpindi",,,62
Ready To Construction Plot For Sale,,"Bahria Intellectual Village, Bahria Town Rawalpindi",,,62
Direct Meeting With Owner Investor Rate Plot For Sale Croner Plot,,"Bahria Town Phase 3, Bahria Town Rawalpindi",,,62
10 Marla Very Prime Location Plot For Sale,,"Bahria Town Phase 5, Bahria Town Rawalpindi",,,62
10 Marla Park Face Phase 2 Special Area,,"Bahria Town Phase 2, Bahria Town Rawalpindi",,,62
2 Kanal Plot For Sale In Phase 2,,"Bahria Town Phase 2, Bahria Town Rawalpindi",,,62
Most Cheapest Price Plot In Bahira Town Phase 6,,"Bahria Town Phase 6, Bahria Town Rawalpindi",,,62
Most Low Price Plot In Bahira Town Phase 3,,"Bahria Town Phase 3, Bahria Town Rawalpindi",,,62
Most Valuable Plot With Extra Land Available For Sale,,"Bahria Town Phase 6, Bahria Town Rawalpindi",,,62
Most Cheapest Price One Kanal Plot In Bahira Town,,"Bahria Town Phase 3, Bahria Town Rawalpindi",,,62
Very Reasonable Plot For Sale In Bahira Town,,"Bahria Town Phase 5, Bahria Town Rawalpindi",,,62
Croner Heighted View Plot For Sale Size 60X80,,"Bahria Town Phase 2, Bahria Town Rawalpindi",,,62
Exclusive 18 Marla Paid Corner Plot Near Masjid & Park Phase 3,,"Bahria Town Phase 3, Bahria Town Rawalpindi",,,62
Exclusive 60x80 Corner Plot Bahria Town Phase 2 Special Area,,"Bahria Town Phase 2, Bahria Town Rawalpindi",,,62
Main Boulevard Road C Plot For Sale,,"Bahria Town Phase 5, Bahria Town Rawalpindi",,,62
Bahira Town Phase 4 Very Prime Location Plot For Sale,,"Bahria Town Phase 4, Bahria Town Rawalpindi",,,62
Croner Kanal Cheapest Rate Plot For Sale,,"Bahria Town Phase 2, Bahria Town Rawalpindi",,,62
Front Back Open Plot For Sale,,"Bahria Town Phase 8 - Block E, Bahria Town Phase 8",,,62
Luxury Living Spot Kanal Plot Phase 4 | Utilities Paid | Ready to Build Plot For Sale,,"Bahria Town Phase 4, Bahria Town Rawalpindi",,,62
Very Prime Location Croner Plot For Sale,,"Bahria Town Phase 3, Bahria Town Rawalpindi",,,62
10 Marla Prime Location Rose Block Plot For Sale,,"Taj Residencia - Rose Block, Taj Residencia",,,62
8 Marla Prime Location Gardenia Block Plot For Sale,,"Taj Residencia - Gardenia Block, Taj Residencia",,,62
10 Marla Prime Location Gardenia Block Plot For Sale,,"Taj Residencia - Gardenia Block, Taj Residencia",,,62
10 Marla Prime Location Plot For Sale,,"Taj Residencia - Tulip Block, Taj Residencia",,,63
5 Marla Prime Location Plot For Sale,,"Taj Residencia - Gardenia Block, Taj Residencia",,,63
30x60 Lilly Block Plot Sale,,"Taj Residencia - Lily Block, Taj Residencia",,,63
5 Marla Prime Location Gardenia Block Plot For Sale,,"Taj Residencia - Gardenia Block, Taj Residencia",,,63
36N 10 Marla Tulip Sector Plot For Sale,,"Taj Residencia - Tulip Block, Taj Residencia",,,63
5 Marla Lilly Block Prime Location Plot For Sale,,"Taj Residencia - Lily Block, Taj Residencia",,,63
5 Marla Prime Location Plot For Sale,,"Taj Residencia - Daffodils Block, Taj Residencia",,,63
30 Series 8 Marla Plot For Sale,,"Taj Residencia - Daffodils Block, Taj Residencia",,,63
5 Marla Possession Plot ForSale,,"Taj Residencia - Lily Block, Taj Residencia",,,63
14 Marla Prime Location Plot For Sale,,"Taj Residencia - Tulip Block, Taj Residencia",,,63
1 Kanal Prime Location Plot For Sale,,"Taj Residencia - Tulip Block, Taj Residencia",,,63
5 Marla Possession Plot For Sale,,"Taj Residencia - Gardenia Block, Taj Residencia",,,63
Commercial Plot for Sale Prime Location on GT Road (Near DHA Phase 1),,"GT Road, Rawalpindi",,,63
"10 MARLA PRIME LOCATION PLOT FOR SALE Sector E. BAHRIA TOWN PHASE 8, RAWALPINDI",,"Bahria Town Phase 8 - Block E, Bahria Town Phase 8",,,63
10 Marla Residential Plot Available For Sale At Capital Smart City Rawilpindi,,"Capital Smart City Overseas - Block F, Capital Smart City Overseas",,,63
5 MARLA PLOT IN LOW PRICE FOR HOUSE,,"Rose Garden Zone 2, Rose Garden",,,63
56 Marla Commercial Plot For Sale On IJP Road,,"IJP Road, Rawalpindi",,,63
BTR PH 8 Sector P Investor Rate Pair Sold Land Form House Plot For Sell It Possession Able Dead Corner Easy Iterance Position Utility 4 Side Open Paid Rady Constrict,,"Bahria Town Phase 8 - Block P, Bahria Town Phase 8",,,63
Reserve A Centrally Located Residential Plot Of 12 Marla In Bahria Town Phase 8,,"Bahria Town Phase 8, Bahria Town Rawalpindi",,,63
Reserve A Residential Plot Now In Bahria Town Phase 8 - Umer Block,,"Bahria Town Phase 8 - Umer Block, Bahria Town Phase 8 - Safari Valley",,,63
Plot For Sale Block A,,"Police Foundation Housing Scheme, Rawalpindi",,,63
Bahria Town Phase 8 Sect E 4 Sold Land Builder Location Plot Urgent For Se All Dues Clear Extra Amount Map Pu Security Charges Paid Just Buy And Build Your Luxury House Direct Deal With Owner,,"Bahria Town Phase 8 - Sector E-4, Bahria Town Phase 8",,,63
8 Kanal Industrial Plot For Sale,,"Rawat Industrial Estate, Rawalpindi",,,63
"Property Alert: Prime Investment & Residential Plot In Bahria Town Phase 8! Looking To Build Your Dream Home Or Make A High-Return Investment? This Exceptional Plot In Rafi Block Offers The Perfect Blend Of Luxury, Convenience, And Elevated Views.",,"Bahria Town Phase 8 - Rafi Block, Bahria Town Phase 8",,,63
Rawat Industrial Estate 4 Kanal Plot For Sale,,"Rawat Industrial Estate, Rawalpindi",,,63
Rawat Industrial Estate 4 Kanal Plot For Sale,,"Rawat Industrial Estate, Rawalpindi",,,64
Industrial Estate Rawat Plot For Sale,,"RCCI, Rawalpindi",,,64
2 Kanal Industrial Plot For Sale,,"Rawat Industrial Estate, Rawalpindi",,,64
Rawat Industrial Estate 2 Kanal Plot For Sale,,"Rawat Industrial Estate, Rawalpindi",,,64
Plot For Sale On Road S 2,,"RCCI, Rawalpindi",,,64
5 Marla Plot Available For Sale In Walayat Homes Near Scheme 3,,"Chaklala Scheme 3, Chaklala Scheme",,,64
Rawat Industrial Estate 2 Kanal Plot For Sale 60 Fit Wide Road On Road S 2,,"Rawat Industrial Estate, Rawalpindi",,,64
4 Kanal Plot For Sale Best Location,,"Rawat Industrial Estate, Rawalpindi",,,64
16 Kanal Plot For Sale Ideal Location,,"Rawat Industrial Estate, Rawalpindi",,,64
4 Kanal Plot For Sale,,"Rawat Industrial Estate, Rawalpindi",,,64
2 Kanal Industrial Land Plot For Sale,,"National Industrial Zone, Rawalpindi",,,64
4 Kanal Industrial Plot For Sale,,"Rawat Industrial Estate, Rawalpindi",,,64
10 MARLA PLOT NEAR MASJID AND PARK FOR SALE,,"Bahria Town Phase 8 - Block L, Bahria Town Phase 8",,,64
Prime Location In Gulraiz Housing Society Phase 2 Commercial Plot For sale Sized 2 Marla,,"Gulraiz Housing Society Phase 2, Gulraiz Housing Scheme",,,64
PRIME LOCATION SOLID LAND PLOT FOR SALE,,"Bahria Town Phase 8 - Block B, Bahria Town Phase 8",,,64
20 MARLA BEST LOCATION PLOT LEVEL LAND FOR SALE,,"Bahria Town Phase 8 - Block B, Bahria Town Phase 8",,,64
Reserve A Centrally Located Prime Location Commercial Plot Of 1 Marla In Gulraiz Housing Society Phase 2,,"Gulraiz Housing Society Phase 2, Gulraiz Housing Scheme",,,64
20 MARLA BEST LOCATION PLOT LEVEL LAND FOR SALE,,"Bahria Town Phase 8 - Club City, Bahria Town Phase 8",,,64
Buy A Prime Location Residential Plot Of 10 Marla In Gulraiz Housing Society Phase 2,,"Gulraiz Housing Society Phase 2, Gulraiz Housing Scheme",,,64
Centrally Located Prime Location Commercial Plot In Gulraiz Housing Society Phase 2 Is Available For sale,,"Gulraiz Housing Society Phase 2, Gulraiz Housing Scheme",,,64
NEAR MAIN ROAD LEVEL PLOT FOR SALE,,"Bahria Town Phase 8 - Club City, Bahria Town Phase 8",,,64
PRIME LOCATION SOLID LAND PLOT FOR SALE,,"Bahria Town Phase 8 - Block H, Bahria Town Phase 8",,,64
Abubakr Eveneu 15 Marla Commercial Plot Forsale,,"Bahria Town Phase 8 - Safari Valley, Bahria Town Phase 8",,,64
Corner 5 Marla Residential Plot In Range Road Is Available,,"Range Road, Rawalpindi",,,64
Plot Near Mosque And Park TAJ RESIDENCIA,,"Taj Residencia - Tulip Block, Taj Residencia",,,64
Plot Near Mosque and Park TAJ RESIDENCIA,,"Taj Residencia - Tulip Block, Taj Residencia",,,65
Level Good Location Plot Available For Sale,,"Taj Residencia - Daffodils Block, Taj Residencia",,,65
Plot For Sale,,"Bahria Town Phase 8 - Umer Block, Bahria Town Phase 8 - Safari Valley",,,65
Adiala Road Near Punjab Society Abdullah Street PLOT FOR SALE,,"Adiala Road, Rawalpindi",,,65
3 Kanal Commercial Plot For Sale At Mandra Chakwal Road,,"Mandra - Chakwal Road, Mandra",,,65
Available For Sale Plot I Block,,"Bahria Town Phase 8, Bahria Town Rawalpindi",,,65
Available For Sale Plot,,"Bahria Town Phase 8 - Block L, Bahria Town Phase 8",,,65
Get In Touch Now To Buy A 9 Marla Demolishable House In Satellite Town,,"Satellite Town, Rawalpindi",,,65
Commercial Plot In Satellite Town Rwp,,"Satellite Town, Rawalpindi",,,65
5 Marla All Dues Clear Plot File For Sale,,"Saffron City, GT Road",,,65
5 Marla Semi Developed Saffron City Block A ADC For Sale,,"Saffron City, GT Road",,,65
5 Marla Corner Plot For Sale In Saffron City Block A All Dues Clear,,"Saffron City, GT Road",,,65
5 Marla Plot In Saffron City Block B ADC,,"Saffron City, GT Road",,,65
Saffron City Block B 5 Marla All Dues Clear Plot For Sale,,"Saffron City, GT Road",,,65
Saffron City A Block 10 Marla Corner All Dues Clear,,"Saffron City, GT Road",,,65
5 Marla Plot In Rafi Block Phase8 Bahria Town Rawalipindi,,"Bahria Town Phase 8 - Rafi Block, Bahria Town Phase 8",,,65
300 Kanal Land For Sale Par Kanal 30lac,,"Chakri Road, Rawalpindi",,,65
Buy Your Ideal 10 Marla Residential Plot In A Prime Location Of Rawalpindi,,"Bahria Town Phase 4, Bahria Town Rawalpindi",,,65
20 Marla Corner Plot For Sale Lakhu Road Rawalpindi,,"Lakhu Road, Rawalpindi",,,65
Blvd 120 Ft Rood 10m Plot For Sale,,"Bahria Town Phase 8 - Block D, Bahria Town Phase 8",,,65
Blvd All Pad 8m Plot For Sale,,"Bahria Town Phase 8 - Rafi Block, Bahria Town Phase 8",,,65
10 Marla Park Facing Residential Plot For Sale In Punjab Society,,"Punjab Government Servant Housing Foundation (PGSHF), Rawalpindi",,,65
7 Marla Plot For Sale,,"Punjab Government Servant Housing Foundation (PGSHF), Rawalpindi",,,65
Get In Touch Now To Buy A 5 Marla Residential Plot In Rawalpindi,,"Airport Housing Society - Sector 4, Airport Housing Society",,,65
10 Marla Prime Location Plot For Sale,,"Bahria Town Phase 7, Bahria Town Rawalpindi",,,65
5 Marla Posession Able Plot For Sale,,"Taj Residencia - Lily Block, Taj Residencia",,,66
10 Marla Possession Plot For Sale,,"Taj Residencia, Rawalpindi",,,66
10 Marla Possessionable Plot For Sale,,"Taj Residencia - Orchard Block, Taj Residencia",,,66
Residential Plot in Bahria Hills View 12 Marla,,"Bahria Hills View, Bahria Town Phase 7",,,66
Plot For Sale Sector Orchard,,"Taj Residencia, Rawalpindi",,,66
Residential Plot In Taj Residencia Sized 5 Marla Is Available,,"Taj Residencia, Rawalpindi",,,66
5 MARLA PLOTS REGISTRY INTQAL,,"Chakri Road, Rawalpindi",,,66
5 Marla plot for sale in Gulshanabad 25*50 size Redy for construction,,"Gulshan Abad, Rawalpindi",,,66
7 Marla Residential Plot For Sale In Bahria Town Phase 8 - Usman Block,,"Bahria Town Phase 8 - Usman Block, Bahria Town Phase 8 - Safari Valley",,,66
Bahria Town Phase 8 - Umer Block Residential Plot Sized 7 Marla For sale,,"Bahria Town Phase 8 - Umer Block, Bahria Town Phase 8 - Safari Valley",,,66
Bahria Town Phase 8 - Club City Residential Plot Sized 1 Kanal Is Available,,"Bahria Town Phase 8 - Club City, Bahria Town Phase 8",,,66
D Road Boulevard Kanal Level Plot Possession Utility Charges Paid,,"Bahria Town Phase 3, Bahria Town Rawalpindi",,,66
10 Marla Boulevard I Road Supreme Location In Walking Distance From Park Masjid And Commercial,,"Bahria Town Phase 3, Bahria Town Rawalpindi",,,66
Phase 4 One Kanal Corner Level Plot Prime Location Passion Utility Charges Paid,,"Bahria Town Phase 4, Bahria Town Rawalpindi",,,66
Supreme Location Vip Kanal Level Plot All Dues Clear,,"Bahria Town Phase 2, Bahria Town Rawalpindi",,,66
Kanal Boulevard Prime Location Level Plot Passion Utility And Map Charges Paid,,"Bahria Town Phase 2, Bahria Town Rawalpindi",,,66
Phase 5 Prime Location 35x70 Size Plot Passion Utility Charges Paid,,"Bahria Town Phase 5, Bahria Town Rawalpindi",,,66
10 Marla Level Plot For Sale,,"Bahria Town Phase 6, Bahria Town Rawalpindi",,,66
Kanal Boulevard Prime Location Plot,,"Bahria Town Phase 4, Bahria Town Rawalpindi",,,66
Kanal Plot Park Face Supreme Location In Walking Distance From Jamia Masjid And Commercial,,"Bahria Town Phase 3, Bahria Town Rawalpindi",,,66
Bahria Town Phase 4 Hot Location B Road Boulevard Corner Kanal Size Prime Location,,"Bahria Town Phase 4, Bahria Town Rawalpindi",,,66
1 Kanal Level Plot In Hight Location,,"Bahria Town Phase 3, Bahria Town Rawalpindi",,,66
Prime Location Boulevard Corner With Extra Land Paid,,"Bahria Town Phase 6, Bahria Town Rawalpindi",,,66
Kanal Corner With 4 Marla Extra Land Paid In Prime Location Bahria Town Phase 2,,"Bahria Town Phase 2, Bahria Town Rawalpindi",,,66
Boulevard Kanal Level Plot All Dues Clear On Prime Location,,"Bahria Town Phase 2, Bahria Town Rawalpindi",,,66
Kanal Extra Land All Dues Clear Solid Land,,"Bahria Town Phase 3, Bahria Town Rawalpindi",,,67
1 Kanal Park Face Supreme Location Possession Utility Paid Plot Is Available,,"Bahria Town Phase 3, Bahria Town Rawalpindi",,,67
B Road Boulevard Kanal Prime Location Plot For Sale,,"Bahria Town Phase 5, Bahria Town Rawalpindi",,,67
Kanal Solid Land Prime Location Lowest Price,,"Bahria Town Phase 3, Bahria Town Rawalpindi",,,67
KANAL BOULEVARD SUN FACE SUPREME LOCATION PLOT,,"Bahria Town Phase 3, Bahria Town Rawalpindi",,,67
Residential Plot Spread Over 10 Marla In Bahria Town Phase 5 Available,,"Bahria Town Phase 5, Bahria Town Rawalpindi",,,67
PRIME LOCATION 12 MARLA LEVEL PLOT,,"Bahria Town Phase 6, Bahria Town Rawalpindi",,,67
10 MARLA CORNER WITH 3.5 Marla Extra Land Paid,,"Bahria Town Phase 6, Bahria Town Rawalpindi",,,67
35x70 Size Plot At Prime Location For Sale,,"Bahria Town Phase 5, Bahria Town Rawalpindi",,,67
Plot All Dues Clear Ready For Construction,,"Bahria Town Phase 6, Bahria Town Rawalpindi",,,67
10 Marla Supreme Location,,"Bahria Town Phase 4, Bahria Town Rawalpindi",,,67
PARK FACE PLOT IS FOR SALE,,"Bahria Town Phase 2, Bahria Town Rawalpindi",,,67
35/70 Size Corner Plot + Park Face,,"Bahria Town Phase 2, Bahria Town Rawalpindi",,,67
11 MARLA SIZE 35/70 Plot Is Available,,"Bahria Town Phase 5, Bahria Town Rawalpindi",,,67
20 MARLA BOULEVARD CORNER PLOT,,"Bahria Town Phase 4, Bahria Town Rawalpindi",,,67
26 MARLA CORNER EXTRA LAND PAID PLOT FOR SALE,,"Bahria Town Phase 5, Bahria Town Rawalpindi",,,67
B ROAD BOULEVARD SUPREME LOCATION PLOT,,"Bahria Town Phase 4, Bahria Town Rawalpindi",,,67
11 MARLA PLOT PASSION UTILITY MAP AND 1 MARLA EXTRA LAND PAID,,"Bahria Town Phase 5, Bahria Town Rawalpindi",,,67
10 Marla Possession Utility Paid Plot,,"Bahria Town Phase 3, Bahria Town Rawalpindi",,,67
Residential Plot Sized 1 Kanal Is Available For Sale In Bahria Town Phase 5,,"Bahria Town Phase 5, Bahria Town Rawalpindi",,,67
10 MARLA BOULEVARD CORNER,,"Bahria Town Phase 4, Bahria Town Rawalpindi",,,67
PHASE 2 PRIME LOCATION KANAL CORNER PLOT,,"Bahria Town Phase 2, Bahria Town Rawalpindi",,,67
1 Kanal Level Plot 50+90 Size,,"Bahria Town Phase 5, Bahria Town Rawalpindi",,,67
KANAL CORNER WITH 5 MARLA EXTRA LAND PAID 25 MARLA PLOT,,"Bahria Town Phase 6, Bahria Town Rawalpindi",,,67
10 Marla Plot Front Open Possession Utility Charges Paid,,"Bahria Town Phase 3, Bahria Town Rawalpindi",,,67
Kanal Level Plot All Dues Clear,,"Bahria Town Phase 3, Bahria Town Rawalpindi",,,68
Kanal Level Plot,,"Bahria Town Phase 2, Bahria Town Rawalpindi",,,68
Kanal Corner Extra Land Paid 26 Marla Plot For Sale,,"Bahria Town Phase 1, Bahria Town Rawalpindi",,,68
15 Marla Corner Prime Location Plot,,"Bahria Town Phase 3, Bahria Town Rawalpindi",,,68
10 MARLA CORNER WITH 5 MARLA EXTRA LAND PAID,,"Bahria Town Phase 3, Bahria Town Rawalpindi",,,68
Supreme Location 1 KANAL Level Plot,,"Bahria Town Phase 3, Bahria Town Rawalpindi",,,68
17 MARLA PLOT 47 FEET FRONT,,"Bahria Town Phase 6, Bahria Town Rawalpindi",,,68
10 MARLA H ROAD BOULEVARD PRIME LOCATION,,"Bahria Town Phase 3, Bahria Town Rawalpindi",,,68
1 Kanal Corner Prime Location PLOT FOR Sale,,"Bahria Town Phase 1, Bahria Town Rawalpindi",,,68
1 Kanal Level Plot Is For Sale,,"Bahria Town Phase 1, Bahria Town Rawalpindi",,,68
10 MARLA LEVEL FRONT OPEN PLOT,,"Bahria Town Phase 3, Bahria Town Rawalpindi",,,68
10 MARLA CORNER WITH 8 MARLA EXTRA LAND PAID PRIME LOCATION,,"Bahria Town Phase 3, Bahria Town Rawalpindi",,,68
BOULEVARD KANAL CORNER WITH 8 MARLA EXTRA LAND PAID,,"Bahria Town Phase 3, Bahria Town Rawalpindi",,,68
10 Marla Level Plot Passion Utility Charges Paid,,"Bahria Town Phase 4, Bahria Town Rawalpindi",,,68
Kanal Boulevard Level Plot Prime Location,,"Bahria Town Phase 2, Bahria Town Rawalpindi",,,68
Boulevard Sunset Avenue,,"Bahria Town Phase 1, Bahria Town Rawalpindi",,,68
35/70 SIZE LEVEL PLOT,,"Bahria Town Phase 5, Bahria Town Rawalpindi",,,68
Boulevard Corner,,"Bahria Town Phase 2, Bahria Town Rawalpindi",,,68
PHASE 1 EXTENSION KANAL EXTRA LAND,,"Bahria Town Phase 1, Bahria Town Rawalpindi",,,68
10 MARLA PLOT FOR SALE UP COUNTRY ENCLOSURE| BLOCK F,,"UpCountry Enclosures Society - Block F, UpCountry Enclosures Housing Society",,,68
1 Kanal With 9 Marla Extra Land Paid Dead End Plot,,"Bahria Town Phase 6, Bahria Town Rawalpindi",,,68
5 Marla plot for sale in Saffron city,,"Saffron City, GT Road",,,68
10 MARLA LEVEL PLOT PRIME LOCATION,,"Bahria Town Phase 4, Bahria Town Rawalpindi",,,68
1 Kanal Plot For Sale In Saffron City,,"Saffron City, GT Road",,,68
10.4 Marla Plot Extra Land Paid,,"Bahria Town Phase 5, Bahria Town Rawalpindi",,,68
A Residential Plot At Affordable Price Awaits You,,"Bahria Town Phase 8 - Sector F-2, Bahria Town Phase 8",,,69
Plot For Sale,,"Bahria Greens - Overseas Enclave - Sector 6, Bahria Greens - Overseas Enclave",,,69
Buying A Commercial Plot In Bahria Town Phase 8 - Rafi Block?,,"Bahria Town Phase 8 - Rafi Block, Bahria Town Phase 8",,,69
DOWN TOWN 10 MARLA BALLOTED PLOT FILE FRESH BOOKING AVAILABLE AT PRE LAUNCH RATE IN BLUE WORLD CITY,,"Blue World City, Chakri Road",,,69
Best Options For Corner Residential Plot Is Available For Sale In Bahria Town Phase 8 - Block H,,"Bahria Town Phase 8 - Block H, Bahria Town Phase 8",,,69
Stunning And Affordable Residential Plot Available For Sale In Bahria Town Phase 7,,"Bahria Town Phase 7, Bahria Town Rawalpindi",,,69
5 Marla level plot for sale in Airport housing society,,"Airport Housing Society - Sector 4, Airport Housing Society",,,69
Corner Residential Plot For sale In Airport Housing Society - Sector 4 Rawalpindi,,"Airport Housing Society - Sector 4, Airport Housing Society",,,69
Reserve A Prime Location Residential Plot Now In Gulbahar Scheme,,"Gulbahar Scheme, Rawalpindi",,,69
5 Marla Plot Available For SALE Sector L,,"Bahria Town Phase 8 - Block L, Bahria Town Phase 8",,,69
Commercial Plot For Sale In Bahria Spring North,,"Bahria Spring North, Bahria Town Phase 7",,,69
Looking For A Corner Commercial Plot In Rawalpindi,,"Ring Road Commercial, Bahria Town Phase 8",,,69
A Well Designed Prime Location Residential Plot Is Up For Sale In An Ideal Location In Rawalpindi,,"Gulraiz Housing Society Phase 2, Gulraiz Housing Scheme",,,69
Prime Location 5 Marla Residential Plot Ideally Situated In Gulraiz Housing Society Phase 2,,"Gulraiz Housing Society Phase 2, Gulraiz Housing Scheme",,,69
5 Marla Plot for Sale in Lilly Block Taj Residencia Prime Location Plot No 120 Series Best Investment Opportunity Price 92lakh,,"Taj Residencia, Rawalpindi",,,69
Prime Plot For Sale In Taj Residencia | Gardenia Block |Best Investment Opportunity| Limited Time Deal | Secure Your Future| Price: 85 Lakh,,"Taj Residencia, Rawalpindi",,,69
Premium 8 Marla Residential Plot for Sale in Gardenia Block Taj Residencia Prime Location Best Investment Opportunity price 125 lakh,,"Taj Residencia, Rawalpindi",,,69
"14 Marla (40*80) Corner with extra land Prime Location Plot For Sale In Tulip Block, Taj Residencia Ideal Location Best Investment Opportunity Demand Only PKR 2.35 Crore",,"Taj Residencia, Rawalpindi",,,69
"5 Marla Gardenia Block 139 Square Yard 1250 Square Feet, Possession Plot Available For Sale In Gardenia Block Taj Residencia, One Of The Most Important Location Of The Islamabad FNF Rate 85 Lakh",,"Taj Residencia, Rawalpindi",,,69
"1 Kanal Prime Plot For Sale In Orchid Block, Taj Residencia Possession Ready | Ideal For Luxury Living & Investment",,"Taj Residencia - Orchard Block, Taj Residencia",,,69
"Heightened, Back And Side Open Plot On Street 13",,"Bahria Hamlet, Bahria Town Phase 8",,,69
Saffron City Islamabad 5 Marla Plot For Sale,,"Saffron City, GT Road",,,69
Own A Residential Plot In 4500 Square Feet UpCountry Enclosures Housing Society Block F,,"UpCountry Enclosures Housing Society, Rawalpindi",,,69
Looking For A Residential Plot In UpCountry Enclosures Housing Society UpCountry Enclosures Housing Society,,"UpCountry Enclosures Housing Society, Rawalpindi",,,69
Centrally Located Residential Plot In UpCountry Enclosures Housing Society Is Available For Sale,,"UpCountry Enclosures Housing Society, Rawalpindi",,,69
A 1250 Square Feet Residential Plot Is Up For Grabs In UpCountry Enclosures Housing Society,,"UpCountry Enclosures Housing Society, Rawalpindi",,,70
Ideal Residential Plot For sale In UpCountry Enclosures Housing Society,,"UpCountry Enclosures Housing Society, Rawalpindi",,,70
A 2450 Square Feet Residential Plot In UpCountry Enclosures Housing Society Is On The Market For Sale,,"UpCountry Enclosures Housing Society, Rawalpindi",,,70
UpCountry Enclosures Housing Society Residential Plot Sized 4500 Square Feet,,"UpCountry Enclosures Housing Society, Rawalpindi",,,70
Centrally Located Residential Plot Available In UpCountry Enclosures Housing Society For Sale,,"UpCountry Enclosures Housing Society, Rawalpindi",,,70
Residential Plot For Sale Situated In UpCountry Enclosures Housing Society Block F,,"UpCountry Enclosures Housing Society, Rawalpindi",,,70
You Can Find A Gorgeous Residential Plot For sale In UpCountry Enclosures Housing Society,,"UpCountry Enclosures Housing Society, Rawalpindi",,,70
Looking For A Residential Plot In UpCountry Enclosures Housing Society Block F,,"UpCountry Enclosures Housing Society, Rawalpindi",,,70
A 4500 Square Feet Residential Plot Is Up For Grabs In UpCountry Enclosures Housing Society,,"UpCountry Enclosures Housing Society, Rawalpindi",,,70
1800 Square Feet Residential Plot For sale In UpCountry Enclosures Housing Society UpCountry Enclosures Housing Society,,"UpCountry Enclosures Housing Society, Rawalpindi",,,70
A Residential Plot At Affordable Price Awaits You,,"UpCountry Enclosures Housing Society, Rawalpindi",,,70
1800 Square Feet Residential Plot In UpCountry Enclosures Housing Society For sale,,"UpCountry Enclosures Housing Society, Rawalpindi",,,70
1250 Square Feet Residential Plot Ideally Situated In UpCountry Enclosures Housing Society,,"UpCountry Enclosures Housing Society, Rawalpindi",,,70
Bahria Town Rawalpindi Sector A 10 Marla Plot For Sale,,"Bahria Town Phase 8 - Block A, Bahria Town Phase 8",,,70
Looking For A Prime Location Residential Plot In Punjab Government Servant Housing Foundation (PGSHF),,"Punjab Government Servant Housing Foundation (PGSHF), Rawalpindi",,,70
To sale You Can Find Spacious Prime Location Residential Plot In Punjab Government Servant Housing Foundation (PGSHF),,"Punjab Government Servant Housing Foundation (PGSHF), Rawalpindi",,,70
Ideal Prime Location Residential Plot Is Available For sale In Punjab Government Servant Housing Foundation (PGSHF),,"Punjab Government Servant Housing Foundation (PGSHF), Rawalpindi",,,70
Own A Prime Location Residential Plot In 7 Marla Punjab Government Servant Housing Foundation (PGSHF),,"Punjab Government Servant Housing Foundation (PGSHF), Rawalpindi",,,70
Prime Location Punjab Government Servant Housing Foundation (PGSHF) Residential Plot Sized 5 Marla For sale,,"Punjab Government Servant Housing Foundation (PGSHF), Rawalpindi",,,70
Become Owner Of Your Prime Location Residential Plot Today Which Is Centrally Located In Punjab Government Servant Housing Foundation (PGSHF) In Punjab Government Servant Housing Foundation (PGSHF),,"Punjab Government Servant Housing Foundation (PGSHF), Rawalpindi",,,70
Prime Location 7 Marla Residential Plot For Sale Is Available In Punjab Government Servant Housing Foundation (PGSHF),,"Punjab Government Servant Housing Foundation (PGSHF), Rawalpindi",,,70
Prime Location sale A Residential Plot In Punjab Government Servant Housing Foundation (PGSHF) Prime Location,,"Punjab Government Servant Housing Foundation (PGSHF), Rawalpindi",,,70
Best Options For Prime Location Residential Plot Is Available For Sale In Punjab Government Servant Housing Foundation (PGSHF),,"Punjab Government Servant Housing Foundation (PGSHF), Rawalpindi",,,70
Get In Touch Now To Buy A Prime Location Residential Plot In Punjab Government Servant Housing Foundation (PGSHF) Punjab Government Servant Housing Foundation (PGSHF),,"Punjab Government Servant Housing Foundation (PGSHF), Rawalpindi",,,70
Site For ZIC Petrol Pump - 70 Marla Plot With 120 Ft Front,,"Chakri Road, Rawalpindi",,,70
Prime Location Punjab Government Servant Housing Foundation (PGSHF) 1 Kanal Residential Plot Up For Sale,,"Punjab Government Servant Housing Foundation (PGSHF), Rawalpindi",,,71
Reserve A Prime Location Residential Plot Now In Punjab Government Servant Housing Foundation (PGSHF),,"Punjab Government Servant Housing Foundation (PGSHF), Rawalpindi",,,71
Prime Location 10 Marla Residential Plot In Punjab Government Servant Housing Foundation (PGSHF) Of Punjab Government Servant Housing Foundation (PGSHF) Is Available For sale,,"Punjab Government Servant Housing Foundation (PGSHF), Rawalpindi",,,71
A Great Choice For A Prime Location 1 Kanal Residential Plot Available In Punjab Government Servant Housing Foundation (PGSHF),,"Punjab Government Servant Housing Foundation (PGSHF), Rawalpindi",,,71
Good Prime Location 1 Kanal Residential Plot For Sale In Punjab Government Servant Housing Foundation (PGSHF),,"Punjab Government Servant Housing Foundation (PGSHF), Rawalpindi",,,71
Centrally Located Prime Location Residential Plot In Punjab Government Servant Housing Foundation (PGSHF) Is Available For Sale,,"Punjab Government Servant Housing Foundation (PGSHF), Rawalpindi",,,71
Capital Smart City 10 Marla Plot For Sale,,"Capital Smart City, Rawalpindi",,,71
Farmhouse Plot For Sale,,"Bahria Hills, Bahria Town Phase 8",,,71
Residential Land Available For Sale Near Bank Colony,,"Dhamyal Road, Rawalpindi",,,71
1 Kanal Plot Available For Sale In Banda Nagyal Dhamyal,,"Dhamyal Road, Rawalpindi",,,71
A Stunning Residential Plot Is Up For Grabs In Bahria Town Phase 8 - Block L Rawalpindi,,"Bahria Town Phase 8 - Block L, Bahria Town Phase 8",,,71
"Rare LOP-Approved 5 Marla Plot in F-Block, Up Country Enclosures Next to Mosque & Commercial Hub!",,"UpCountry Enclosures Society - Block F, UpCountry Enclosures Housing Society",,,71
10 Marla Plot near GT Road Rawalpindi,,"Saffron City, GT Road",,,71
1 Kanal Plot Near Boulevard Opposite Defense Villas,,"Bahria Greens - Overseas Enclave - Sector 1, Bahria Greens - Overseas Enclave",,,71
5 Kanal Triple Side Open Plot For Sale In Bahria Hills,,"Bahria Hills, Bahria Town Phase 8",,,71
7 Marla Plot Near AQ Khan School,,"Bahria Town Phase 8 - Usman Block, Bahria Town Phase 8 - Safari Valley",,,71
12 Marla Back Open Top Heighted Plot For Sale In Overseas 3,,"Bahria Greens - Overseas Enclave - Sector 3, Bahria Greens - Overseas Enclave",,,71
10 Marla Solid Plot In Overseas 2 - Bahria Town Phase VIII,,"Bahria Greens - Overseas Enclave - Sector 2, Bahria Greens - Overseas Enclave",,,71
10 Marla Plot For Sale In Overseas 2,,"Bahria Greens - Overseas Enclave - Sector 2, Bahria Greens - Overseas Enclave",,,71
10 Marla Plot For Sale,,"Bahria Town Phase 8 - Block E, Bahria Town Phase 8",,,71
10 Marla With 2 Marla Extra Land Plot For Sale,,"Bahria Greens - Overseas Enclave - Sector 6, Bahria Greens - Overseas Enclave",,,71
8 Marla Ready Plot For Construction,,"Bahria Town Phase 8 - Block L, Bahria Town Phase 8",,,71
15 Marla Street Corner Plot For Sale In Hills,,"Bahria Hills, Bahria Town Phase 8",,,71
5 Marla Plot near GT Road rawalpindi,,"Saffron City, GT Road",,,71
10 Marla Plot For Sale Back Open Boulevard,,"Bahria Town Phase 8, Bahria Town Rawalpindi",,,71
5 Marla Plot in Rose Garden 1,,"Rose Garden Zone 2, Rose Garden",,,72
Kanal Plot For Sale In Bahria Town Rawalpindi,,"Bahria Town Phase 4, Bahria Town Rawalpindi",,,72
Ideally Located Commercial Plot For Sale In Capital Smart City Available,,"Capital Smart City, Rawalpindi",,,72
Residential Plot Of 5 Marla Is Available For sale In Capital Smart City,,"Capital Smart City, Rawalpindi",,,72
1 Kanal Residential Plot In CAPITAL SMART CITY,,"Capital Smart City, Rawalpindi",,,72
CAPITAL SMART CITY 2 Kanal Plot,,"Capital Smart City, Rawalpindi",,,72
CAPITAL SMART CITY 4 Marla Com SECTOR A,,"Capital Smart City, Rawalpindi",,,72
10 Marla Ovs East C Block Plot For Sale,,"Capital Smart City, Rawalpindi",,,72
7 Marla Executive Block Plot For Sale,,"Capital Smart City, Rawalpindi",,,72
5 Marla Plot On Instalments In Capital Smart City,,"Capital Smart City, Rawalpindi",,,72
8 Marla Commercial Plot In Capital Smart City Ovs Central,,"Capital Smart City Overseas, Capital Smart City",,,72
Your Ideal 7 Marla Residential Plot Has Just Become Available In Capital Smart City,,"Capital Smart City, Rawalpindi",,,72
1 Kanal Plot For Sale In Overseas City Capital Smart,,"Capital Smart City Overseas, Capital Smart City",,,72
CAPITAL SMART CITY 5 M Plot For Sale,,"Capital Smart City, Rawalpindi",,,72
Capital Smart City 12 Marla Residential Plot Up For Sale,,"Capital Smart City, Rawalpindi",,,72
CAPITAL SMART CITY 7 Marla Plot For Sale,,"Capital Smart City, Rawalpindi",,,72
CAPITAL SMART CITY 10 Marla Plot,,"Capital Smart City, Rawalpindi",,,72
4 KANAL CAPITAL SMART CITY OVS PRIME,,"Capital Smart City, Rawalpindi",,,72
1 KANAL OVS CENTRAL SECTORB Capital Smart City,,"Capital Smart City, Rawalpindi",,,72
12 MARLA OVERSEAS CENTRAL CAPITAL SMART CITY,,"Capital Smart City, Rawalpindi",,,72
7 MARLA PLOT C BLOCK CAPITAL SMART CITY,,"Capital Smart City, Rawalpindi",,,72
5 MARLA CAPITAL SMART CITY Plot,,"Capital Smart City, Rawalpindi",,,72
10 Marla Possession Able Plot In Ovs Prime,,"Capital Smart City, Rawalpindi",,,72
1 Kanal Overseas Prime Block Possession Able For Sale,,"Capital Smart City, Rawalpindi",,,72
Ready To Buy A Residential Plot In Capital Smart City Capital Smart City,,"Capital Smart City, Rawalpindi",,,72
10 Marla Plot In CAPITAL SMART CITY,,"Capital Smart City, Rawalpindi",,,73
1 KANAL Corner Plot In CAPITAL SMART CITY For Sale,,"Capital Smart City, Rawalpindi",,,73
8 Marla Commercial Plot Sector D Ready For Construction,,"Capital Smart City, Rawalpindi",,,73
10 Marla OVS East C Block Park Face Available For Sale,,"Capital Smart City, Rawalpindi",,,73
DHA PHASE 9 GANDHARA 1 Kanal Plots Available,,"Capital Smart City, Rawalpindi",,,73
7 Marla Corner CAPITAL SMART CITY Possessionable,,"Capital Smart City, Rawalpindi",,,73
Invest In Pakistan First Tourism Business District Inspired By Times Square | Blue World City Rawalpindi,,"Blue World City, Chakri Road",,,73
5 Marla Plot For Sale In Prime Zone Silver City Housing Scheme | Best Investment Opportunity,,"Silver City, Girja Road",,,73
"5 Marla Pair Plots for Sale | Silver City Housing Scheme, Rawalpindi",,"Silver City, Girja Road",,,73
1 Kanal Plot For Sale On Installment Plan,,"Silver City - Sector C, Silver City",,,73
10 Marla Plot For Sale On Installment Plan,,"Silver City - Sector D, Silver City",,,73
Your Ideal 1 Kanal Residential Plot Has Just Become Available In Bahria Town Phase 3,,"Bahria Town Phase 3, Bahria Town Rawalpindi",,,73
5 Marla Plot For Sale On Installment Plan,,"Silver City - Sector C, Silver City",,,73
"5 Marla Residential Plot Available In Daffodils Block, Taj Residencia",,"Taj Residencia - Daffodils Block, Taj Residencia",,,73
1 Kanal Plot For Sale In Orchid Block Taj Residencia | Prime Location | Possession Ready,,"Taj Residencia - Orchard Block, Taj Residencia",,,73
"10 Marla Prime Location Plot For Sale In Gardenia Block, Taj Residencia Rawalpindi",,"Taj Residencia - Gardenia Block, Taj Residencia",,,73
"5 Marla Plot for Sale in Daffodils Block, Taj Residencia | Prime Location",,"Taj Residencia - Daffodils Block, Taj Residencia",,,73
"10 Marla Plot For Sale In Gardenia Block, Taj Residencia | Prime Location",,"Taj Residencia - Gardenia Block, Taj Residencia",,,73
5 Marla Residential Plot For Sale In Taj Residencia Gardenia Block,,"Taj Residencia - Gardenia Block, Taj Residencia",,,73
"1 Kanal Residential Plot for Sale in Orchid Block, Taj Residencia",,"Taj Residencia - Orchard Block, Taj Residencia",,,73
5 Marla Plot for Sale in Lilly Block Taj Residencia Rawalpindi,,"Taj Residencia - Lily Block, Taj Residencia",,,73
A Residential Plot Of 10 Marla In Rawalpindi,,"Taj Residencia - Rose Block, Taj Residencia",,,73
Taj Residencia Orchard Block Plot No 69 Prime Location Plot For Sale | Best Investment Opportunity,,"Taj Residencia - Orchard Block, Taj Residencia",,,73
5 Marla Plot for Sale in Gardenia Block Prime Location Near Main Road,,"Taj Residencia - Gardenia Block, Taj Residencia",,,73
Taj Residencia - Tulip Block 1200 Marla Commercial Plot Up For sale,,"Taj Residencia - Tulip Block, Taj Residencia",,,73
"1 Kanal Residential Plot for Sale in Orchid Block, Taj Residencia",,"Taj Residencia - Orchard Block, Taj Residencia",,,74
Airport Housing Society 10 M Plot For Sale,,"Airport Housing Society - Sector 4, Airport Housing Society",,,74
5 M Possessionable Plots Available For Sale,,"Taj Residencia, Rawalpindi",,,74
8 Marla Possession Plot Available For Sale,,"Taj Residencia - Lily Block, Taj Residencia",,,74
Taj Residencia 5 Marla Plot Available,,"Taj Residencia - Gardenia Block, Taj Residencia",,,74
Faisal Town 5M Plot Available For Sale,,"Fazal Town Phase 2, Fazal Town",,,74
"3040 Commercial Plot For Sale In Tulip Block, Taj Residencia",,"Taj Residencia - Tulip Block, Taj Residencia",,,74
"8 Marla Commercial Plot for Sale in Taj Darbar, Taj Residencia Prime Location",,"Taj Residencia - Lily Block, Taj Residencia",,,74
5M Possession Able Plot Available For Sale,,"Taj Residencia - Gardenia Block, Taj Residencia",,,74
Taj Residencia 5 Marla Possession Plot,,"Taj Residencia, Rawalpindi",,,74
Taj Residencia 10 Marla 35x70 Rose Block,,"Taj Residencia - Rose Block, Taj Residencia",,,74
Taj Residencia Lily Ext 5 Marla On-Ground Plots Available,,"Taj Residencia - Lily Block, Taj Residencia",,,74
46 Marla Plot For Sale In Club City,,"Bahria Town Phase 8 - Club City, Bahria Town Phase 8",,,74
7 Marla Corner Extra Land Paid Ali Block Phase 8,,"Bahria Town Phase 8 - Ali Block, Bahria Town Phase 8 - Safari Valley",,,74
Get In Touch Now To Buy A 7 Marla Residential Plot In Bahria Town Phase 8 - Usman Block Rawalpindi,,"Bahria Town Phase 8 - Usman Block, Bahria Town Phase 8 - Safari Valley",,,74
Bahria Town Phase 8 - Abu Bakar Block Residential Plot Sized 7 Marla Is Available,,"Bahria Town Phase 8 - Abu Bakar Block, Bahria Town Phase 8 - Safari Valley",,,74
Affordable Residential Plot Available For sale In Bahria Town Phase 8 - Block L,,"Bahria Town Phase 8 - Block L, Bahria Town Phase 8",,,74
Residential Plot Of 5 Marla Is Available For sale In Bahria Town Phase 8 - Block M,,"Bahria Town Phase 8 - Block M, Bahria Town Phase 8",,,74
This Is Your Chance To Buy Residential Plot In Bahria Town Phase 8 - Block M,,"Bahria Town Phase 8 - Block M, Bahria Town Phase 8",,,74
5 Marla Residential Plot Up For sale In Rose Garden,,"Rose Garden, Bahria Town Phase 8",,,74
Looking For A Residential Plot In Rawalpindi,,"Rose Garden, Bahria Town Phase 8",,,74
Residential Plot Available For Sale In Taj Residencia - Gardenia Block,,"Taj Residencia - Gardenia Block, Taj Residencia",,,74
Perfect 10 Marla Residential Plot In Taj Residencia - Rose Block For sale,,"Taj Residencia - Rose Block, Taj Residencia",,,74
Get In Touch Now To Buy A 5 Marla Residential Plot In Taj Residencia - Gardenia Block Rawalpindi,,"Taj Residencia - Gardenia Block, Taj Residencia",,,74
Residential Plot Of 5 Marla Is Available For sale In Taj Residencia - Gardenia Block,,"Taj Residencia - Gardenia Block, Taj Residencia",,,74
Stunning Residential Plot Is Available For Sale In Taj Residencia - Gardenia Block,,"Taj Residencia - Gardenia Block, Taj Residencia",,,75
10 Marla Plot On Investor Rate,,"Taj Residencia - Rose Block, Taj Residencia",,,75
Corner Extraland Plot,,"Taj Residencia, Rawalpindi",,,75
Prominently-Located 8 Marla Residential Plot Available In Taj Residencia - Daffodils Block,,"Taj Residencia - Daffodils Block, Taj Residencia",,,75
Top Location Plot,,"Taj Residencia - Gardenia Block, Taj Residencia",,,75
5 Marla Plot Available For Sale,,"Taj Residencia, Rawalpindi",,,75
5 Marla Top Location Plot,,"Taj Residencia, Rawalpindi",,,75
"Prime Investment Opportunity: 7 Marla Residential Plot In Aqsa Block, Al-Haram City",,"Al-Haram City - Phase 1, Al-Haram City",,,75
10 Marla Corner Plot Located At 60ft Wide Road,,"Taj Residencia, Rawalpindi",,,75
5 Marla Main Double Road Plot for sale in Capital Smart City,,"Capital Smart City Executive - Block B, Capital Smart City Executive",,,75
Capital Smart City 1 Kanal Corner Plot For Sale,,"Capital Smart City, Rawalpindi",,,75
Capital smart city 10 Marla possession plot,,"Capital Smart City, Rawalpindi",,,75
Capital Smart City 5 Marla Plot For Sale,,"Capital Smart City, Rawalpindi",,,75
Capital Smart City 5 Marla Plot,,"Capital Smart City, Rawalpindi",,,75
Capital Smart City 7 Marla Possession Plot,,"Capital Smart City, Rawalpindi",,,75
2 kanal capital smart city overseas east,,"Capital Smart City, Rawalpindi",,,75
Capital Smart City 5 Marla Possession Plot,,"Capital Smart City, Rawalpindi",,,75
Capital Smart City 5 Marla Possession Plot For Sale,,"Capital Smart City, Rawalpindi",,,75
Capital Smart City 12 Marla Corner Plot,,"Capital Smart City, Rawalpindi",,,75
Capital Smart City 5 Marla Possession Plot,,"Capital Smart City, Rawalpindi",,,75
Capital Smart City KANAL Plot Park Face Main Road,,"Capital Smart City, Rawalpindi",,,75
Capital Smart City 10 Marla Possession Plot For Sale,,"Capital Smart City, Rawalpindi",,,75
Capital Smart City 10 Marla Possession Plot,,"Capital Smart City, Rawalpindi",,,75
Capital Smart City 10 Marla Possession Plot For Sale,,"Capital Smart City, Rawalpindi",,,75
Capital Smart City 5 Marla Possession Plot For Sale,,"Capital Smart City, Rawalpindi",,,75
Capital Smart City 10 Marla Overseas Prime Plot For Sale,,"Capital Smart City, Rawalpindi",,,76
Capital Smart City 4 Marla Commercial 400 Ft Road Side,,"Capital Smart City, Rawalpindi",,,76
Capital Smart City 12 Marla Corner Plot,,"Capital Smart City, Rawalpindi",,,76
Capital Smart City 5 Marla Overseas East Plot For Sale,,"Capital Smart City, Rawalpindi",,,76
Capital Smart City 10 Marla Possession Plot For Sale,,"Capital Smart City, Rawalpindi",,,76
5 Marla Residential Plot For Sale In Taj Residencia Gardenia Block,,"Taj Residencia - Gardenia Block, Taj Residencia",,,76
14 Marla Plot For Sale In Taj Residencia | Prime Location,,"Taj Residencia - Tulip Block, Taj Residencia",,,76
"Prime Lication Bahria Greens Overseas 1, Kanal Pair Plot For Sale",,"Bahria Greens - Overseas Enclave - Sector 1, Bahria Greens - Overseas Enclave",,,76
Just Buy And Construct. 14 Marla Corner Beautiful Solid Plot Up For Sale,,"Bahria Greens - Overseas Enclave - Sector 2, Bahria Greens - Overseas Enclave",,,76
10 MARLA PLOT FOR SALE | BLOCK D| CBR TOWN PHASE 2 RAWALPINDI,,"CBR Town Phase 2, Rawalpindi",,,76
Prime Location | 12 Marla | Map Possession Utilities Extra Land Paid | Builder's Choice,,"Bahria Greens - Overseas Enclave - Sector 3, Bahria Greens - Overseas Enclave",,,76
1 Kanal Plot With 33 Marla Extra Land For Sale In Overseas Sector 1 Prime Location Near Dominion Mall,,"Bahria Greens - Overseas Enclave - Sector 1, Bahria Greens - Overseas Enclave",,,76
Corner In Bahria Spring North 1200 Square Feet Commercial Plot For Sale,,"Bahria Spring North, Bahria Town Phase 7",,,76
1 Kanal Residential Plot For Sale Overseas-5,,"Bahria Greens - Overseas Enclave - Sector 5, Bahria Greens - Overseas Enclave",,,76
Reserve A Residential Plot Now In Bahria Town Phase 8 - Block L For Sale,,"Bahria Town Phase 8 - Block L, Bahria Town Phase 8",,,76
10 Marla Residential Plot For Sale On B Block Boulevard Prime Location,,"Bahria Town Phase 8 - Block B, Bahria Town Phase 8",,,76
Bahria Town Overseas 2 Plot For Sale Secure & Profitable Investment,,"Bahria Greens - Overseas Enclave - Sector 2, Bahria Greens - Overseas Enclave",,,76
10 Marla Residential Plot For Sale Overseas-3 Main Boulevard Prime Location,,"Bahria Greens - Overseas Enclave - Sector 3, Bahria Greens - Overseas Enclave",,,76
Centrally Located Residential Plot For Sale In Bahria Town Phase 7 Available,,"Bahria Town Phase 7, Bahria Town Rawalpindi",,,76
"10 Marla Corner Residential Plot For Sale F-2 Block, Bahria Town Phase 8 Rawalpindi",,"Bahria Town Phase 8 - Sector F-2, Bahria Town Phase 8",,,76
Get In Touch Now To Buy A Residential Plot In Bahria Town Phase 8 - Bahria Orchard Rawalpindi,,"Bahria Town Phase 8 - Bahria Orchard, Bahria Town Phase 8",,,76
8 Marla Residential Plot For Sale In Rafi Prime Location 75 Lakh,,"Bahria Town Phase 8 - Rafi Block, Bahria Town Phase 8",,,76
Investor Rate Plot For Sale,,"Taj Residencia - Orchard Block, Taj Residencia",,,76
Industrial Plot For Sale,,"Rawat Industrial Estate, Rawalpindi",,,76
5 Marla Residential Plot In Central Blue World City Sports Valley For Sale,,"Blue World City - Sports Valley, Blue World City",,,76
Residential Plot In Blue World City - Sports Valley Sized 10 Marla Is Available,,"Blue World City - Sports Valley, Blue World City",,,77
Blue World City Residential Plot For Sale Sized 6 Marla,,"Blue World City, Chakri Road",,,77
5 Marla Residential Plot For Sale In Rs. 3200000 Only,,"Saffron City, GT Road",,,77
Residential Plot Of 12 Marla In Blue World City For sale,,"Blue World City, Chakri Road",,,77
"5 Marla Plot For Sale In H Block, Rudn Enclave | Near Ring Road Islamabad",,"Rudn Enclave - Block H, Rudn Enclave Housing Society",,,77
1 Kanal Spacious Residential Plot Is Available In Saffron City For Sale,,"Saffron City, GT Road",,,77
A Perfect Residential Plot Awaits You In Blue World City Rawalpindi,,"Blue World City, Chakri Road",,,77
5 Marla Ready For Construction Plot For Sale,,"Rose Garden, Bahria Town Phase 8",,,77
"Prime Location 2 Marla Residential Plot Available For Sale In Sher Zaman Colony, Sher Zaman Colony",,"Sher Zaman Colony, Rawalpindi",,,77
Centrally Located Prime Location Residential Plot In Tulsa Road Is Available For Sale,,"Tulsa Road, Rawalpindi",,,77
Plot For Sale With Extra Land,,"Bahria Town Phase 8 - Usman Block, Bahria Town Phase 8 - Safari Valley",,,77
Become Owner Of Your Commercial Plot Today Which Is Centrally Located In Bahria Town Phase 8 - Rafi Block In Rawalpindi,,"Bahria Town Phase 8 - Rafi Block, Bahria Town Phase 8",,,77
5 marla plot for sale in invester rate,,"Bahria Town Phase 8, Bahria Town Rawalpindi",,,77
5 Marla Residential Plot For Sale Ali Block Bahria Town Phase 8,,"Bahria Town Phase 8 - Ali Block, Bahria Town Phase 8 - Safari Valley",,,77
10 Marla Prime Plot Available for Sale in Bahria Town Sector B Excellent Location,,"Bahria Safari Valley - Sector B, Bahria Town Phase 8 - Safari Valley",,,77
5 Marla Commercial Plot For Sale Bahria 2nd Ring Road,,"Bahria Town Phase 8, Bahria Town Rawalpindi",,,77
600 SQ. YARD Level Plot Plot For Sale In Intellectual Village,,"Bahria Intellectual Village, Bahria Town Rawalpindi",,,77
8 Marla Prime Location Mein Expressway Facing Plot For Sale In Bahria Town Islamabad Phase 7 Spring North,,"Bahria Town Phase 7, Bahria Town Rawalpindi",,,77
33 MARLA PRIME LOCATION PLOT FOR SALE IN SECTOR A PHASE 8.,,"Bahria Town Phase 8 - Block A, Bahria Town Phase 8",,,77
BAHRIA TOWN PHESES-8 Overses -5 Plot-543f (2550) All Pead,,"Bahria Greens - Overseas Enclave - Sector 5, Bahria Greens - Overseas Enclave",,,77
FOR SALE PLOTS  Bahria Town Pheses-8,,"Bahria Town Phase 8 - Abu Bakar Block, Bahria Town Phase 8 - Safari Valley",,,77
"5 Marla Residential Plot for Sale Ali Block, Bahria Town Phase 8",,"Bahria Town Phase 8 - Ali Block, Bahria Town Phase 8 - Safari Valley",,,77
Investor Price 10 Marla Plot With 8 Marla Extra Land Paid For Sale Bahria Town Phase 7,,"Bahria Town Phase 7, Bahria Town Rawalpindi",,,77
"10 Marla Solid Land Plot For Sale In Bahria Town Rawalpindi, Block A",,"Bahria Town Phase 8 - Block A, Bahria Town Phase 8",,,77
10 Marla Corner Plot for Sale Bahria Town Phase 7,,"Bahria Town Phase 7, Bahria Town Rawalpindi",,,77
"Get Your Dream Agricultural Land In Mandra - Chakwal Road Rawalpindi,",,"Mandra - Chakwal Road, Mandra",,,78
"Prime 54 Marla Plot For Sale Ideal For House, Farmhouse, Or Industrial",,"GT Road, Rawalpindi",,,78
Warehouses Plot Available For Sale,,"GT Road, Rawalpindi",,,78
"2.6 Marla Commercial Plot For Sale In Lake View Block, Bahria Phase 8",,"Bahria Town Phase 8 - Eden Lake View Block, Bahria Town Phase 8",,,78
24 Marla Plot For Sale In Bahria Intellectual Village,,"Bahria Intellectual Village, Bahria Town Rawalpindi",,,78
14 Marla Pair Commercial Plots For Sale Bahria Spring North Food Street,,"Bahria Spring North, Bahria Town Phase 7",,,78
5 Marla Commercial Plot For Sale In Overseas 6 Bahria Town,,"Bahria Town Phase 8, Bahria Town Rawalpindi",,,78
Business District 6.66 Marla Commercial Plot For Sale,,"Bahria Business District, Bahria Town Phase 8",,,78
Business District 8 Marla Corner Commercial For Sale,,"Bahria Business District, Bahria Town Phase 8",,,78
"10 Marla Plot Available In Street 1, Sector F3, Bahria Town Phase 8",,"Bahria Town Phase 8 - Sector F-3, Bahria Town Phase 8",,,78
"5 Marla Plot Available In Street 9, Rose Garden, Bahria Town Phase 8",,"Rose Garden, Bahria Town Phase 8",,,78
"7 Marla Plot Available In Usman Block, Bahria Town Phase 8",,"Bahria Town Phase 8 - Usman Block, Bahria Town Phase 8 - Safari Valley",,,78
8 Marla Commercial Plot Available For Sale On Investor Rate,,"Bahria Town Phase 8 - E Commercial, Bahria Town Phase 8",,,78
5 Marla Commercial Boulevard Prime Plot For Sale Near H Block Phase 8,,"Bahria Town Phase 8, Bahria Town Rawalpindi",,,78
"10 Marla Prime Location Plot For Sale In Sector F1, Bahria Town Phase 8",,"Bahria Town Phase 8 - Sector F-1, Bahria Town Phase 8",,,78
6.5 Kanal Commercial Plot For Sale In Bahria Paradise Commercial,,"Bahria Paradise, Bahria Town Rawalpindi",,,78
Posessionable Commercial plot For Sale in Bahria Paradise,,"Bahria Paradise, Bahria Town Rawalpindi",,,78
"5 Marla Plot Map & PU Paid Available In Street 15, Block M, Bahria Town Phase 8",,"Bahria Town Phase 8 - Block M, Bahria Town Phase 8",,,78
"1.5 Kanal Commercial Plot for Sale in Paradise Gateway, Bahria Town Phase 4",,"Bahria Paradise, Bahria Town Rawalpindi",,,78
1.3 Kanal Commercial Plot For Sale In Paradise Gateway Commercial,,"Bahria Paradise, Bahria Town Rawalpindi",,,78
5 Marla Commercial Plot For Sale In Bahria Phase 8 Hill Top Commercial,,"Bahria Town Phase 8 - Hill Top Commercial, Bahria Town Phase 8",,,78
1 Kanal Plot For Sale In Bahria Intellectual Village,,"Bahria Intellectual Village, Bahria Town Rawalpindi",,,78
1 Kanal Sami Developed Plot For Sale In Bahria Hamlet,,"Bahria Hamlet, Bahria Town Phase 8",,,78
Corner Residential Plot For Sale In Umar Block Street 43,,"Bahria Town Phase 8 - Umer Block, Bahria Town Phase 8 - Safari Valley",,,78
Corner +Boulevard 3 Side Open commercial Plot For Sale,,"Hub Commercial, Bahria Town Phase 8 - Safari Valley",,,78
5 Marla Ring Road Commercial Plot For Sale,,"Bahria Town Phase 8, Bahria Town Rawalpindi",,,79
"10 Marla Plot For Sale In Street 33, Sector I, Bahria Phase 8",,"Bahria Town Phase 8 - Block I, Bahria Town Phase 8",,,79
1 Kanal Plot Available In Sector 1 Gulshanabad,,"Gulshan Abad, Rawalpindi",,,79
1 Kanal Plot For Sale In Bahria Hamlet,,"Bahria Hamlet, Bahria Town Phase 8",,,79
"20 Marla Plot Available In Street 25,Bahria Overseas 3",,"Bahria Greens - Overseas Enclave - Sector 3, Bahria Greens - Overseas Enclave",,,79
10 Marla Plot For Sale In Bahria Overseas 3,,"Bahria Greens - Overseas Enclave - Sector 3, Bahria Greens - Overseas Enclave",,,79
"1 Kanal Plot Available In Street 2, Overseas 5",,"Bahria Greens - Overseas Enclave - Sector 5, Bahria Greens - Overseas Enclave",,,79
Gulrez Housuing 6.5 Corner Plot For Sale,,"Gulraiz Housing Scheme, Rawalpindi",,,79
10 Marla Plot For Sale In Bahria Town Rawalpindi,,"Bahria Town Phase 8 - Block E, Bahria Town Phase 8",,,79
Boulevard Plot For Sale In Block P Phase 8 Bahria Town,,"Bahria Town Phase 8 - Block P, Bahria Town Phase 8",,,79
Commercial Plot For Sale In Business District Bahria Town Rawalpindi,,"Bahria Business District, Bahria Town Phase 8",,,79
Commercial Plot for Sale in Business District Bahria town Rawalpindi,,"Bahria Business District, Bahria Town Phase 8",,,79
Residential Plot In Bahria Greens - Overseas Enclave - Sector 5 Sized 1 Kanal Is Available,,"Bahria Greens - Overseas Enclave - Sector 5, Bahria Greens - Overseas Enclave",,,79
Stunning 10 Marla Residential Plot In Bahria Town Phase 8 Available,,"Bahria Town Phase 8, Bahria Town Rawalpindi",,,79
In Bahria Town Phase 8 Residential Plot For sale Sized 10 Marla,,"Bahria Town Phase 8, Bahria Town Rawalpindi",,,79
10 Marla Plot For Sale In Sector H Phase 8 Bahria Town Rawalpindi,,"Bahria Town Phase 8 - Block H, Bahria Town Phase 8",,,79
"Commercial Plot For Sale In C Sector, Phase 8 Bahria Town Rawalpindi",,"Bahria Town Phase 8 - Block C, Bahria Town Phase 8",,,79
100 Kanal Land For Sale Ideal For University Or Medical College,,"Chakbeli Road, Rawalpindi",,,79
"10 Marla Commercial Plot for sale in Sector Overseas 6, Phase 8, Bahria Town Rawalpindi",,"Bahria Greens - Overseas Enclave - Sector 6, Bahria Greens - Overseas Enclave",,,79
Commercial Plot For Sale In Bahria Town Rawalpindi,,"Bahria Town Phase 8 - Block C, Bahria Town Phase 8",,,79
"8 Marla Plot For Sale In Phase 8, Bahria Town Rawalpindi",,"Bahria Town Phase 8 - Block K, Bahria Town Phase 8",,,79
"Residential Plot Of 1 Kanal Is Available For sale In Bahria Town Phase 7, Rawalpindi",,"Bahria Town Phase 7, Bahria Town Rawalpindi",,,79
Investors Should Sale This Residential Plot Located Ideally In Bahria Town Rawalpindi,,"Bahria Town Phase 7, Bahria Town Rawalpindi",,,79
Book A Corner 18 Marla Residential Plot In Bahria Town Phase 7,,"Bahria Town Phase 7, Bahria Town Rawalpindi",,,79
Good 10 Marla Residential Plot For Sale In Bahria Town Phase 7,,"Bahria Town Phase 7, Bahria Town Rawalpindi",,,79
Commercial Plot For Sale In Rawalpindi,,"Bahria Business District, Bahria Town Phase 8",,,80
Buy A Residential Plot Of 10 Marla In Bahria Town Phase 8 - Sector F-1,,"Bahria Town Phase 8 - Sector F-1, Bahria Town Phase 8",,,80
"8 Marla Plot For Sale In Phase 8, Bahria Town",,"Bahria Town Phase 8 - Block K, Bahria Town Phase 8",,,80
Sawa 5 Marla Residential Plot In Lane 5 Near Peshawar Road,,"Peshawar Road, Rawalpindi",,,80
10 Marla Residential Corner Plot In Lane 6 Near Peshawar Road,,"Peshawar Road, Rawalpindi",,,80
10 Marla Plot Secter L Is Available For Sale In Bahria Town Phase 8 Rawalpindi,,"Bahria Town Phase 8, Bahria Town Rawalpindi",,,80
10 Marla Plot Sector I Is Available For Sale In Bahria Town Phase 8 Rawalpindi,,"Bahria Town Phase 8, Bahria Town Rawalpindi",,,80
5 Marla Plot Sector Ali Is Available For Sale In Bahria Town Phase 8 Rawalpindi,,"Bahria Town Phase 8 - Ali Block, Bahria Town Phase 8 - Safari Valley",,,80
7 Marla Plot Usman Block Is Available For Sale In Bahria Town Phase 8 Rawalpindi,,"Bahria Town Phase 8 - Usman Block, Bahria Town Phase 8 - Safari Valley",,,80
10 Marla Plot Sector A Is Available For Sale In Bahria Town Phase 8 Rawalpindi,,"Bahria Town Phase 8 - Block A, Bahria Town Phase 8",,,80
10 Marla Plot Sector L Is Available For Sale In Bahria Town Phase 8 Rawalpindi,,"Bahria Town Phase 8 - Block L, Bahria Town Phase 8",,,80
7 Marla Plot Is Available For Sale In Bahria Town Phase 8 Rawalpindi,,"Bahria Town Phase 8 - Usman Block, Bahria Town Phase 8 - Safari Valley",,,80
Boulevard Corner 5 Marla Commercial Plot For Sale,,"Bahria Paradise, Bahria Town Rawalpindi",,,80
Commericaal Plot 10.5Marla K. F. C Road Chandni Chowk,,"Satellite Town - Block B, Satellite Town",,,80
Commerical Plot for Sale 16.5Marla,,"7th Road, Rawalpindi",,,80
Bahria Phase 8 Sector A 22+22 Marla Pair Plot,,"Bahria Town Phase 8 - Block A, Bahria Town Phase 8",,,80
300 kanal land available for sale in CHAKBELI road,,"Chakbeli Road, Rawalpindi",,,80
Looking For A 4 Marla (30*30)Sized Commercial Plot In Bahria Town Phase8 Club City Rawalpindi,,"Bahria Town Phase 8 - Club City, Bahria Town Phase 8",,,80
12 Kanal For Farm House Land Basali Road,,"Chakbeli Road, Rawalpindi",,,80
17 Marla Proper Corner Ready For Construction Plot For Sale On Easy Instalment Plan,,"Bahria Town Phase 7, Bahria Town Rawalpindi",,,80
19 Marla Corner Plot With More Extra Land For Sale,,"Bahria Town Phase 7, Bahria Town Rawalpindi",,,80
14 Marla Plot For Sale At Easy Instalment Plan,,"Bahria Town Phase 7, Bahria Town Rawalpindi",,,80
1 Kanal Open Transfer Ready For Construction Plot,,"Bahria Hills, Bahria Town Phase 8",,,80
New Cutting 10 Marla 5 Plots In A Row With Solid Land,,"Bahria Town Phase 7, Bahria Town Rawalpindi",,,80
New Cutting 10 Marla 5 Plots In A Row With Solid Land,,"Bahria Hills, Bahria Town Phase 8",,,80
New Cutting 10 Marla 5 Plots In A Row With Solid Land,,"Bahria Intellectual Village, Bahria Town Rawalpindi",,,81
New Cutting 10 Marla 5 Plots In A Row With Solid Land,,"Bahria Greens - Overseas Enclave, Bahria Town Phase 8",,,81
Ready Plot For Urgent Sale At Investor Rate,,"Bahria Town Phase 7, Bahria Town Rawalpindi",,,81
12 Marla Plot At Investor Rate,,"Bahria Town Phase 7, Bahria Town Rawalpindi",,,81
10 MARLA PLOT AVAILABLE FOR SALE ON INVESTOR RATE AT PRIME LOCATION,,"Bahria Town Phase 8, Bahria Town Rawalpindi",,,81
Bahria Town 10 Marla Ready For Construction Plot Is Avalible For Sale,,"Bahria Town Phase 7, Bahria Town Rawalpindi",,,81
10 MARLA PLOT AVAILABLE FOR SALE IN BAHRIA SECTOR F 3 AT PRIME LOCATION,,"Bahria Town Phase 8, Bahria Town Rawalpindi",,,81
20 Marla Plot For Sale At Very Reasonable Price,,"Bahria Town Phase 7, Bahria Town Rawalpindi",,,81
"5 Marla Corner Residential Plot Bahria Town Phase 8, Rawalpindi At Investor Rate",,"Bahria Town Phase 8, Bahria Town Rawalpindi",,,81
"Reasonably-Priced 1 Kanal Residential Plot In Saffron City, Rawalpindi Is Available As Of Now",,"Saffron City, GT Road",,,81
Main GT ROAD Residential Plot In Saffron City Rawalpindi,,"Saffron City, GT Road",,,81
End Your Search For Residential Plot Here And sale Now,,"Saffron City, GT Road",,,81
Get Your Dream Residential Plot In Saffron City Rawalpindi,,"Saffron City, GT Road",,,81
Level Plot,,"Bahria Greens - Overseas Enclave - Sector 5, Bahria Greens - Overseas Enclave",,,81
"8 Kanal Ownership Farm House Land For Sale On Kalar Syedan Kahuta Road, Rawalpindi",,"Kahuta, Rawalpindi",,,81
5marla Parkface Plot,,"UpCountry Enclosures Society - Block F, UpCountry Enclosures Housing Society",,,81
"27.5 Marla Corner Plot & Three More General Plots For Sale in Bahria Hamlet, Rawalpindi",,"Bahria Hamlet, Bahria Town Phase 8",,,81
5 Marla Plot For Sale In Capital Smart City Phase,,"Capital Smart City, Rawalpindi",,,81
"A Very Good Location Plot For Sale In Bahria Hamlet, No Filling, Rawalpindi",,"Bahria Hamlet, Bahria Town Phase 8",,,81
"24.5 Marla Plot For Sale in Overseas 2 Bahria Greens, Phase 8, Bahria Town, Rawalpindi",,"Bahria Greens - Overseas Enclave - Sector 2, Bahria Greens - Overseas Enclave",,,81
"2.2 Kanal Residential Plot For Sale In Intellectual Village, Phase 7, Bahria Town, Rawalpindi",,"Bahria Intellectual Village, Bahria Town Rawalpindi",,,81
"Triple Pair Plots (3 Plots in line) of 5 Marla Ready For Construction For Sale in E Block, Phase 8, Bahria Town, Rawalpindi",,"Bahria Town Phase 8, Bahria Town Rawalpindi",,,81
"24.5 Marla Plot For Sale In Overseas 2 Bahria Greens, Phase 8, Bahria Town, Rawalpindi",,"Bahria Greens - Overseas Enclave - Sector 2, Bahria Greens - Overseas Enclave",,,81
Commercial Plot Available In Bahria Town Phase 8 - Usman Block For Sale,,"Bahria Town Phase 8 - Usman Block, Bahria Town Phase 8 - Safari Valley",,,81
In Bahria Town Phase 8 - Block J 8 Marla Residential Plot For Sale,,"Bahria Town Phase 8 - Block J, Bahria Town Phase 8",,,81
10 Marla Residential Plot For Sale In Bahria Greens - Overseas Enclave - Sector 5 Rawalpindi,,"Bahria Greens - Overseas Enclave - Sector 5, Bahria Greens - Overseas Enclave",,,82
Develop Possission Plot Is Available For Sale,,"Wakeel Colony, Islamabad Highway",,,82
5 Marla develop possession plot for sale,,"Gulshan-e-Bahar, Rawalpindi",,,82
RCCI S-1 8 Kanal Commercial Plot For Sale Front & Back Open | Prime S-1 Main Location,,"Rawat Industrial Estate, Rawalpindi",,,82
Solid Land For Sale,,"Bahria Hills, Bahria Town Phase 8",,,82
Compact Clear Land Near Opposite Giga Mall,,"GT Road, Rawalpindi",,,82
Boulevard Corner Extra Land Front Back Open Plot For Sale,,"Bahria Business District, Bahria Town Phase 8",,,82
Bahria Town Phase 8 Business District 12040 Commercial Plot for Sale | Masjid Facing,,"Bahria Business District, Bahria Town Phase 8",,,82
8 Marla Commercial Plot For Sale In Bahria Town Phase 7 Spring North,,"Bahria Spring North, Bahria Town Phase 7",,,82
5 Marla Possession Plot For Sale,,"Blue World City - Sector 1, Blue World City",,,82
5 Marla Possession Able Plot,,"Blue World City - Sector 1, Blue World City",,,82
5 Marla Possession Able Plot,,"Blue World City - Sector 1, Blue World City",,,82
10 Marla possession plot for sale,,"Blue World City - Sector 1, Blue World City",,,82
5 Marla Possession Able Plot,,"Blue World City, Chakri Road",,,82
5 Marla Possession Able Plot,,"Blue World City, Chakri Road",,,82
5 Marla Possession Able Plot,,"Blue World City, Chakri Road",,,82
10 Marla possession plot for sale,,"Blue World City, Chakri Road",,,82
10 MARLA LEVEL PLOT FOR SALE,,"Bahria Town Phase 8 - Block J, Bahria Town Phase 8",,,82
PRIME LOCATION 5 MARLA PLOT BEST LAND FOR SALE,,"Rose Garden, Bahria Town Phase 8",,,82
B BLOCK GOOD LOCATION PLOT FOR SALE,,"Bahria Town Phase 8 - Block B, Bahria Town Phase 8",,,82
H BLOCK PLOT FOR SALE,,"Bahria Town Phase 8 - Block H, Bahria Town Phase 8",,,82
PRIME LOCATION SOLID LAND PLOT FOR SALE,,"Bahria Town Phase 8 - Block I, Bahria Town Phase 8",,,82
PRIME LOCATION LEVEL PLOT FOR SALE,,"Bahria Town Phase 8 - Block M, Bahria Town Phase 8",,,82
1 Kanal Possession Plot Available For Sale.,,"Capital Smart City Overseas - Block B, Capital Smart City Overseas",,,82
1 Kanal Possession Plot Available For Sale.,,"Capital Smart City Overseas - Block B, Capital Smart City Overseas",,,82
5 Marla Possession Able Plot,,"Blue World City - Sector 1, Blue World City",,,83
5 Marla Possession Able Plot,,"Blue World City, Chakri Road",,,83
5 Kanal Farm House In Islamabad Farm Houses Society,,"Islamabad Farm Houses, Rawalpindi",,,83
Beautiful Level Plot Block D Reasonable Price,,"Media Town, Rawalpindi",,,83
"Main Double Road, Ideal Location, Level Plot",,"Media Town - Block C, Media Town",,,83
Ideal Location Plot for Sale,,"Media Town - Block D, Media Town",,,83
"Ideal Location, Main Service Road Back, Level Plot",,"Media Town, Rawalpindi",,,83
Plot For Sale Block D On Reasonable Price,,"Media Town, Rawalpindi",,,83
Bahria Phase 7 Commercial Plot 5-Marla Urgent For Sale,,"Bahria Town Phase 7, Bahria Town Rawalpindi",,,83
3.5 Marla Ready For Construction Plot Available,,"Capital Smart City Overseas Central, Capital Smart City",,,83
Prime Location 5 Marla Residential Plot For Sale In The Perfect Location Of Punjab Government Servant Housing Foundation (PGSHF),,"Punjab Government Servant Housing Foundation (PGSHF), Rawalpindi",,,83
Prime Location 7 Marla Residential Plot For sale In Punjab Government Servant Housing Foundation (PGSHF),,"Punjab Government Servant Housing Foundation (PGSHF), Rawalpindi",,,83
Prime Location Residential Plot For sale In Beautiful Punjab Government Servant Housing Foundation (PGSHF),,"Punjab Government Servant Housing Foundation (PGSHF), Rawalpindi",,,83
Centrally Located Prime Location Residential Plot For Sale In Punjab Government Servant Housing Foundation (PGSHF) Available,,"Punjab Government Servant Housing Foundation (PGSHF), Rawalpindi",,,83
Prime Location 5 Marla Residential Plot Is Available In Affordable Price In Snober City,,"Snober City, Adiala Road",,,83
Prime Location 2 Marla Residential Plot In Snober City,,"Snober City, Adiala Road",,,83
Prime Location Snober City Residential Plot Sized 5 Marla For sale,,"Snober City, Adiala Road",,,83
Get In Touch Now To Buy A Prime Location 6 Marla Residential Plot In Snober City,,"Snober City, Adiala Road",,,83
Prime Location 3 Marla Residential Plot In Adiala Road For Sale At Good Location,,"Snober City, Adiala Road",,,83
Ideally Located Main Double Road Residential Plot Of 2 Kanal Is Available For Sale In Rawalpindi,,"Bahria Greens - Overseas Enclave - Sector 3, Bahria Greens - Overseas Enclave",,,83
29a-1 Bahria Hills 2 Kanal. Open Transfer Plot,,"Bahria Hills View, Bahria Town Phase 7",,,83
Blvd Corner Extra Land Top Location Plot For Sale,,"Bahria Hamlet, Bahria Town Phase 8",,,83
16 Marla Open Transfer Plot 913d Bahria Phase 7,,"Bahria Town Phase 7, Bahria Town Rawalpindi",,,83
Marina Cimmercial Blvd Corner Back Open 6 Marla Pair Plots For Sale,,"Bahria Town Phase 4, Bahria Town Rawalpindi",,,83
1 Kanal Plot Phase 7 Near 1st D,,"Bahria Town Phase 7, Bahria Town Rawalpindi",,,83
"What If The Park, Masjid, Schools, And Shopping Were All Just A Short Walk From Your Home? Plot For Sale",,"Bahria Town Phase 7, Bahria Town Rawalpindi",,,84
Looking To Build Your Forever Home? This Rare 2.5 Kanal Corner Extra Land May Be Exactly What Your Family Needs.,,"Bahria Hamlet, Bahria Town Phase 8",,,84
Still Looking For Right Location To Build Your Dream Home?,,"Bahria Town Phase 7, Bahria Town Rawalpindi",,,84
Front Open Full Heighted Area,,"Bahria Greens - Overseas Enclave - Sector 5, Bahria Greens - Overseas Enclave",,,84
3 Side Open Extra Land Plot Bahria Hills,,"Bahria Hills View, Bahria Town Phase 7",,,84
P Block 1 Kanal Pair Plots For Sale,,"Bahria Town Phase 8 - Block P, Bahria Town Phase 8",,,84
Investor Rate 10 Marla Plot Top Height Ideal Location Near Masjid Park & Commercial,,"Bahria Town Phase 4, Bahria Town Rawalpindi",,,84
Investor Rate Kanal Plot For Sale With All Dues Clear Plot,,"Bahria Town Phase 2, Bahria Town Rawalpindi",,,84
Investor Rate 10 Marla Plot For Sale Parkface With All Dues Clear,,"Bahria Town Phase 6, Bahria Town Rawalpindi",,,84
Investor Rate 10 Marla Plot For Sale Top Height All Dues Clear Plot,,"Bahria Town Phase 2, Bahria Town Rawalpindi",,,84
2 Kanal Plot For Sale In Club City Phase 8,,"Bahria Town Phase 8 - Club City, Bahria Town Phase 8",,,84
10 Marla Prime Location Plot For Sale In A Block Phase 8,,"Bahria Town Phase 8 - Block A, Bahria Town Phase 8",,,84
"10 Marla Plot For Sale In Orchard Phase 8 Bahria Town, Rawalpindi",,"Bahria Town Phase 8 - Bahria Orchard, Bahria Town Phase 8",,,84
Residential Plot In Bahria Town Phase 8 - Block L Sized 5 Marla Is Available,,"Bahria Town Phase 8 - Block L, Bahria Town Phase 8",,,84
5 Marla Residential Plot In Bahria Town Phase 8 - Block L Best Option,,"Bahria Town Phase 8 - Block L, Bahria Town Phase 8",,,84
Get In Touch Now To Buy A 10 Marla Residential Plot In Bahria Town Phase 8 - Block L Rawalpindi,,"Bahria Town Phase 8 - Block L, Bahria Town Phase 8",,,84
5 Marla Residential Plot Situated In Bahria Town Phase 8 - Block M For sale,,"Bahria Town Phase 8 - Block M, Bahria Town Phase 8",,,84
1 Kanal + 6.5 Marla + Corner 3 Side Open Plot For Sale In Bahria Town Phase 5,,"Bahria Town Phase 5, Bahria Town Rawalpindi",,,84
3 Side Open 8.2 Kanal Top Height Plot With Amazing Views,,"Bahria Hamlet, Bahria Town Phase 8",,,84
Corner 28 Marla Plot At A Prime Location In Sector A,,"Bahria Town Phase 8 - Block A, Bahria Town Phase 8",,,84
Corner 1.5 Kanal Investor Price Plot Near Masjid And Commercial,,"Bahria Greens - Overseas Enclave - Sector 5, Bahria Greens - Overseas Enclave",,,84
Investor Price 2 Kanal Plot For Sale Near Masjid & Park,,"Bahria Town Phase 8 - Club City, Bahria Town Phase 8",,,84
Back Open Plot With Huge Extra Land For Lawn At Back The Constructable,,"Bahria Greens - Overseas Enclave - Sector 1, Bahria Greens - Overseas Enclave",,,84
Commercial Plot In Main Car Chowk Rawalpindi,,"Bostan Road, Rawalpindi",,,84
Plot For Sale Investor Price,,"National Industrial Zone, Rawalpindi",,,84
2 Kanal Industrial Plot For Sale Best Investment,,"National Industrial Zone, Rawalpindi",,,85
Industrial Land Is Available In Rawat Industrial Estate,,"Rawat Industrial Estate, Rawalpindi",,,85
Rawat Industrial Estate 2 Kanal Industrial Land Mattle Road,,"Rawat Industrial Estate, Rawalpindi",,,85
5 Marla Plot For Sale Overseas 5 Block,,"Bahria Greens - Overseas Enclave - Sector 5, Bahria Greens - Overseas Enclave",,,85
Lake View 10 Marla Plot For Sale Premium Location 1.85 Crore,,"Bahria Town Phase 8 - Eden Lake View Block, Bahria Town Phase 8",,,85
Plot For Sale In Bahria Town Phase 8 Sector M,,"Bahria Town Phase 8 - Block M, Bahria Town Phase 8",,,85
10 MARLA DEVELOPED PLOT FOR SALE,,"Chakri Road, Rawalpindi",,,85
LOWEST PRICE!! 10 MARLA PLOT SECTOR G PHASE 8,,"Bahria Town Phase 8 - Block G, Bahria Town Phase 8",,,85
CORNER PLOT FOR SALE,,"Bahria Town Phase 8 - Rafi Block, Bahria Town Phase 8",,,85
Plot For Sale,,"Bahria Greens - Overseas Enclave - Sector 6, Bahria Greens - Overseas Enclave",,,85
1 Kanal Bahria Business District Commercial Plot,,"Bahria Business District, Bahria Town Phase 8",,,85
5-Marla Plot For Sale Ali Block Phase-8 Bahria Town.,,"Bahria Town Phase 8 - Ali Block, Bahria Town Phase 8 - Safari Valley",,,85
PLOT FOR SALE / SINGLE STORY CONSTRUCTED !,,"Adiala Road, Rawalpindi",,,85
8 Marla Residential Plot Is Available In Bahria Town Phase 8 - Block K,,"Bahria Town Phase 8 - Block K, Bahria Town Phase 8",,,85
Residential Plot Of 8 Marla Is Available In Contemporary Neighborhood Of Bahria Town Rawalpindi,,"Bahria Town Phase 8 - Block J, Bahria Town Phase 8",,,85
Residential Plot Spread Over 10 Marla In Bahria Town Phase 8 - Block K Available,,"Bahria Town Phase 8 - Block K, Bahria Town Phase 8",,,85
Bahria Town Rwp/Isb Phase1 10 Marla with Extra Land Plot Available For Sale,,"Bahria Town Phase 1, Bahria Town Rawalpindi",,,85
5 Marla Plot Registry Intiqaal On Down payment,,"Chakri, Rawalpindi",,,85
5 Marla Plot For Sale On Chakri Road,,"Chakri Road, Rawalpindi",,,85
16 Kanal (02 Acre) Industrial Plot For Sale,,"Rawat Industrial Estate, Rawalpindi",,,85
2 Kanal Industrial Plot For Sale,,"Rawat Industrial Estate, Rawalpindi",,,85
2 Kanal Industrial Plot For Sale,,"Rawat Industrial Estate, Rawalpindi",,,85
4 Kanal Industrial Plot Available For Sale On Street S-4 Metal Road,,"Rawat Industrial Estate, Rawalpindi",,,85
A Centrally Located Residential Plot Is Available For sale In Rawalpindi,,"Bahria Town Phase 8 - Usman Block, Bahria Town Phase 8 - Safari Valley",,,85
"12 Marla Investor Price Plot For Sale In Media Town Block A,B,C,D Rawalpindi.",,"Media Town, Rawalpindi",,,85
Prominently-Located 8 Marla Residential Plot Available In Taj Residencia - Daffodils Block,,"Taj Residencia - Daffodils Block, Taj Residencia",,,86
1 Kanal Plot For Sale Chakri Road Al Haram City Rawalpindi,,"Al-Haram City - Phase 1, Al-Haram City",,,86
5 Marla Plot For Sale Chakri Road Rawalpindi,,"Chakri Road, Rawalpindi",,,86
5 Marla Plot For Sale Chakri Road Al Haram City,,"Al-Haram City, Chakri Road",,,86
5 Marla Plot For Sale Chakri Road Al Haram City,,"Al-Haram City, Chakri Road",,,86
5 Marla Plot For Sale Chakri Road Al Haram City,,"Al-Haram City, Chakri Road",,,86
5 Marla Corner Plot For Sale Chakri Road Al Haram City Rawalpindi,,"Al-Haram City, Chakri Road",,,86
5 Marla Plot For Sale Chakri Road Al Haram City Rawalpindi,,"Al-Haram City, Chakri Road",,,86
Prime Location In Peshawar Road Residential Plot Sized 14 Marla For Sale,,"Peshawar Road, Rawalpindi",,,86
"Residential Plot Of 10 Marla Is Available For sale In Bahria Town Phase 8 - Block D, Rawalpindi",,"Bahria Town Phase 8 - Block D, Bahria Town Phase 8",,,86
Residential Plot Of 10 Marla Available For sale In Bahria Town Phase 8 - Block B,,"Bahria Town Phase 8 - Block B, Bahria Town Phase 8",,,86
10 Marla Residential Plot Is Available For sale In Bahria Town Phase 8 - Block A,,"Bahria Town Phase 8 - Block A, Bahria Town Phase 8",,,86
10 Marla Residential Plot In Bahria Town Phase 8 - Block E Is Available For sale,,"Bahria Town Phase 8 - Block E, Bahria Town Phase 8",,,86
Get In Touch Now To Buy A Residential Plot In Bahria Town Phase 8 - Block C,,"Bahria Town Phase 8 - Block C, Bahria Town Phase 8",,,86
Looking For A Residential Plot In Bahria Town Phase 8 - Block E Rawalpindi,,"Bahria Town Phase 8 - Block E, Bahria Town Phase 8",,,86
Affordable Residential Plot For sale In Bahria Town Phase 8 - Sector F-2,,"Bahria Town Phase 8 - Sector F-2, Bahria Town Phase 8",,,86
"10 Marla Residential Plot available for sale in Bahria Town Phase 8 - Sector F-2, Rawalpindi",,"Bahria Town Phase 8 - Sector F-2, Bahria Town Phase 8",,,86
8 Marla Residential Plot For sale Is Available In Bahria Town Phase 8 - Block J,,"Bahria Town Phase 8 - Block J, Bahria Town Phase 8",,,86
Bahria Town Phase 8 Umar Block 7 Marla Pair Plots Available For Sale,,"Bahria Town Phase 8 - Umer Block, Bahria Town Phase 8 - Safari Valley",,,86
13 Marla Heighted Plot For Sale in Overseas 2,,"Bahria Greens - Overseas Enclave - Sector 2, Bahria Greens - Overseas Enclave",,,86
10 Marla Plot Near to SLS School - Sector F2,,"Bahria Town Phase 8 - Sector F-2, Bahria Town Phase 8",,,86
Commercial Plot For Sale In Bahria Spring North,,"Bahria Spring North, Bahria Town Phase 7",,,86
Corner Plot For Sale Overseas Enclave Sector 7 Bahria Town Phase 8,,"Bahria Greens - Overseas Enclave - Sector 7, Bahria Greens - Overseas Enclave",,,86
Affordable Residential Plot For Sale In Bahria Town Phase 8 - Block K,,"Bahria Town Phase 8 - Block K, Bahria Town Phase 8",,,86
1 Kanal Plot For Sale In Block D Bahria Town,,"Bahria Town Phase 8 - Block D, Bahria Town Phase 8",,,86
Buying A Corner Residential Plot In Rawalpindi?,,"Bahria Hamlet, Bahria Town Phase 8",,,87
"1 Kanal Plot Available For Sale Kashmir Model Town, Chakri Road",,"Kashmir Model Town, Rawalpindi",,,87
1 Kanal Prime Residential Plot for Sale in Shifa Cooperative Housing Society,,"Shifa Cooperative Housing Society, Rawalpindi",,,87
10 Marla Extra Land Plot For Sale In Phase 3 Bahria Town Rawalpindi,,"Bahria Town Phase 3, Bahria Town Rawalpindi",,,87
10 Marla Level Soild Land Plot Gulshan-E-Abad Sector 4 Kalyal,,"Gulshan Abad, Rawalpindi",,,87
1 Kanal Park Face Plot Club City For Sale,,"Bahria Town Phase 8 - Club City, Bahria Town Phase 8",,,87
Bahria Town Phase 2 Plot For Sale,,"Bahria Town Phase 2, Bahria Town Rawalpindi",,,87
Residential Plot In Bahria Town Phase 3 For Sale,,"Bahria Town Phase 3, Bahria Town Rawalpindi",,,87
Commercial Plot Size 1285 Sq Yds (2.57 Kanal) in Bahria Phase 8 Central Business District South,,"Bahria Town Phase 8, Bahria Town Rawalpindi",,,87
5 Marla Plot For Sale In A Or B Block,,"Saffron City, GT Road",,,87
5 Marla LOP ( 2550) Plot Alotmnt And Regstry In Snober City RDA Approved Adiala Road Rwp,,"Adiala Road, Rawalpindi",,,87
3.5 Marla Ready To Construction Plot Available For Sale In Harmony Central Block In Capital Smart City,,"Capital Smart City Overseas Central, Capital Smart City",,,87
10 Marla Plot Ready For Construction Available For Sale In Overseas East Block Of Capital Smart City,,"Capital Smart City Overseas - Block A, Capital Smart City Overseas",,,87
5 Marla Plot Ready For Construction Available For Sale In Executive B Block Of Capital Smart City,,"Capital Smart City Executive - Block B, Capital Smart City Executive",,,87
Chaklala Scheme 3 Walaite Colony Plot For Sale 7 Marla Near To Main Road Good Location Near And Clean,,"Chaklala Scheme 3, Chaklala Scheme",,,87
Chaklala Scheme 3 Walaite Colony Plot For Sale 7 Marla Near To Main Road Good Location Near And Clean,,"Chaklala Scheme 3, Chaklala Scheme",,,87
"Bahria Town Phase 8, sector E size 5 Marla 30x40 commercial Plot Available For Sale",,"Bahria Town Phase 8 - Block E, Bahria Town Phase 8",,,87
Bahria Hill View Sector Is VIP Sector Of Phase 7 Very Reasonable Price 1-Kanal Plot For Sale,,"Bahria Hills View, Bahria Town Phase 7",,,87
HOT DEAL!!! 8 MARLA PLOT BAHRIA TOWN,,"Bahria Town Phase 8 - Block J, Bahria Town Phase 8",,,87
BAHRIA TOWN PHASE 8 F2 BLOCK 10 MARLA PLOT SALE,,"Bahria Town Phase 8 - Sector F-2, Bahria Town Phase 8",,,87
21 Marla Excellent Location Plot Bahria Town,,"Bahria Town Phase 8 - Block P, Bahria Town Phase 8",,,87
3 Kanal 1 Marla Commercial Plot On Main GT Road Opposite DHA-2 Gate 2. Ideal Location For Commercial Project,,"GT Road, Rawalpindi",,,87
Overseas-2 Back Open 10-Marla Ideal Location Plot Available For Sale,,"Bahria Greens - Overseas Enclave - Sector 2, Bahria Greens - Overseas Enclave",,,87
BAHRIA HILLS HEIGHTED BOULEVARD BACK OPEN PLOT FOR SALE,,"Bahria Hills, Bahria Town Phase 8",,,87
10 Marla Park Facing Plot For Sale Prime Location,,"Bahria Town Phase 8 - Block I, Bahria Town Phase 8",,,87
Residential Plot For sale In Rawalpindi,,"Bahria Town Phase 8 - Block I, Bahria Town Phase 8",,,88
"5 Marla Boulevard Plot For Sale Ali Block, Bahria Town Phase 8",,"Bahria Town Phase 8 - Ali Block, Bahria Town Phase 8 - Safari Valley",,,88
"10 Marla Prime Location Plot For Sale In Bahria Town Phase 8, Rawalpindi",,"Bahria Town Phase 8, Bahria Town Rawalpindi",,,88
7 Marla Solid Land Builder Location Plot,,"Bahria Town Phase 8 - Umer Block, Bahria Town Phase 8 - Safari Valley",,,88
Get In Touch Now To Buy A 5 Marla Residential Plot In Bahria Town Phase 8 - Ali Block,,"Bahria Town Phase 8 - Ali Block, Bahria Town Phase 8 - Safari Valley",,,88
7 Marla Residential Plot For sale Is Available In Bahria Town Phase 8 - Usman Block,,"Bahria Town Phase 8 - Usman Block, Bahria Town Phase 8 - Safari Valley",,,88
"8 Marla Developed Plot For Sale In Block K, Bahria Town Phase 8 Rawalpindi",,"Bahria Town Phase 8 - Block K, Bahria Town Phase 8",,,88
10 Marla High Location Plot Available For Sale In Bharia Town Phase 8 Sector F 1.,,"Bahria Town Phase 8, Bahria Town Rawalpindi",,,88
UP COUNTRY ENCLOSURE REQUIRED PLOTS 5 MARLA PLOT ON CASH PAYMENT,,"UpCountry Enclosures Society - Block F, UpCountry Enclosures Housing Society",,,88
5 Marla Plot File For Sale Registry,,"Mandra - Chakwal Road, Mandra",,,88
Good Location Plot For Sale Good For Investment,,"Satellite Town - Block A, Satellite Town",,,88
6 Marla Commerecial Plot For Sale Near to 6thRoad Chowk MeezanBank Satellite Town Muree road Rawalpindi,,"Satellite Town - 6th Road, Satellite Town - Block D",,,88
5 Marla Commercial Plot Available For Sale,,"Bahria Paradise, Bahria Town Rawalpindi",,,88
5 Marla Boulevard Commercial Plot Available For Sale,,"Bahria Paradise, Bahria Town Rawalpindi",,,88
Kanal Park Face Plot For Sale Sector F-4,,"Bahria Town Phase 8 - Sector F-4, Bahria Town Phase 8",,,88
Premium 10 Marla Residential Plot Is Available For Sale In Rawalpindi,,"Bahria Town Phase 8 - Block C, Bahria Town Phase 8",,,88
7 Marla Corner Commercial Plot For Sale,,"Wakeel Colony, Islamabad Highway",,,88
D Block 5 Marla Plot For Sale Prime Location,,"Airport Housing Society - Sector 4, Airport Housing Society",,,88
5m Residential Plot For Sale In Overseas Seas 5,,"Bahria Greens - Overseas Enclave, Bahria Town Phase 8",,,88
Premium Investment Opportunity Silver City 6 Marla Commercial Plot Rawalpindi (RDA) Approved,,"Silver City, Girja Road",,,88
5 Marla Pair Plots For Sale Ready For Construction Silver City Rawalpindi -RDA Approved Housing Project,,"Silver City, Girja Road",,,88
Hot Deal! 5 Marla Developed Plot Near Main Gate | Ready for Immediate Construction | RDA Approved | High Investment Potential,,"Silver City, Girja Road",,,88
Prime 5 Marla Plot For Sale In Silver City Ideal Location,,"Silver City, Girja Road",,,88
10M DEVELOPED POSSESSION PRIME 1 BLOCK G Street -4 99ft Road Prime Location Paid,,"Capital Smart City, Rawalpindi",,,88
1 Kanal Plot For Sale Judicial coloney,,"Judicial Colony, Rawalpindi",,,88
10 Marla Plot For Sale In Block I - Bahria Town Phase 8 - Rawalpindi,,"Bahria Town Phase 8 - Block I, Bahria Town Phase 8",,,89
"5 Marla Residential Plot For Sale In M Block, Bahria Town Phase 8, Rawalpindi | Prime Location",,"Bahria Town Phase 8 - Block M, Bahria Town Phase 8",,,89
"10 Marla Residential Plot For Sale Sector I, Bahria Town Phase 8, Rawalpindi",,"Bahria Town Phase 8, Bahria Town Rawalpindi",,,89
"10 Marla Plot For Sale Block I, Bahria Town Phase 8, Rawalpind",,"Bahria Town Phase 8 - Block I, Bahria Town Phase 8",,,89
5 Marla Pot For Sale In Gulistan Colony Rawalpindi,,"Gulistan Colony, Rawalpindi",,,89
CBR Town Phase 2 Block D 10 Marla Plot For Sale,,"CBR Town Phase 2 - Block D, CBR Town Phase 2",,,89
CBR Town Phase 2 Block C 5 Marla Plot For Sale,,"CBR Town Phase 2 - Block E, CBR Town Phase 2",,,89
UpCountry Block F 5 Marla Plot For Sale,,"UpCountry Enclosures Society - Block F, UpCountry Enclosures Housing Society",,,89
Up Country Block H 5 Marla Corner Plot For Sale,,"UpCountry Enclosures Society - Block H, UpCountry Enclosures Housing Society",,,89
UpCountry Block F 5 Marla Pair Plot For Sale,,"UpCountry Enclosures Society - Block F, UpCountry Enclosures Housing Society",,,89
UpCountry Block G 1 kanal Plot for sale,,"UpCountry Enclosures Society - Block G, UpCountry Enclosures Housing Society",,,89
UpCountry Block F Pair Plot For Sale Each Plot Demand 35 Lac,,"UpCountry Enclosures Society - Block F, UpCountry Enclosures Housing Society",,,89
CBR Town Phase 2 Block D Main 150 Ft Tipu Sultan Road Commercial Plot For Sale,,"CBR Town Phase 2 - Block D, CBR Town Phase 2",,,89
CBR Town Phase 2 Block D Main 150 Ft Tipu Sultan Road Commercial Plot For Sale,,"CBR Town Phase 2 - Block D, CBR Town Phase 2",,,89
CBR Town Phase 2 Block D 20 Marla Plot For Sale,,"CBR Town Phase 2 - Block D, CBR Town Phase 2",,,89
Pair Plot For Sale CBR Town Phase 2 Block A,,"CBR Town Phase 2 - Block A, CBR Town Phase 2",,,89
Sector D 20 Marla Plot For Sale Boulevard Back Ideal Location Sun Face,,"Bahria Town Phase 8 - Block D, Bahria Town Phase 8",,,89
10 Marla Plot For Sale Overseas 3 Sun Face Solid Land Heighted Location Near To Mosque Commercial Park,,"Bahria Greens - Overseas Enclave - Sector 3, Bahria Greens - Overseas Enclave",,,89
River View Commercial Inverter Prices,,"River View Commercial, Bahria Town Phase 7",,,89
INVESTOR PRICE PLOT IN SECTOR A,,"Bahria Town Phase 8 - Block A, Bahria Town Phase 8",,,89
RAFI COMMERCIAL CORNER PLOT SUPPER HOT LOCATION 3 SIDE OPEN,,"Bahria Town Phase 8 - Rafi Block, Bahria Town Phase 8",,,89
10 Marla Plot For Sale With Extra Land Top Location Overseas Sector Sun Face,,"Bahria Greens - Overseas Enclave - Sector 2, Bahria Greens - Overseas Enclave",,,89
10 Marla Street Corner Plot For Sale With Extra Land Sun Face Back Open Most Prime Location Near To All Facilities Available,,"Bahria Greens - Overseas Enclave - Sector 6, Bahria Greens - Overseas Enclave",,,89
Overseas Sector 3 10 Marla Plot For Sale Most Prime Location Sun Face Solid Land Heighted Location,,"Bahria Greens - Overseas Enclave - Sector 3, Bahria Greens - Overseas Enclave",,,89
5 MARLA CORNER PLOT MOST DEMANDING LOCATION,,"Bahria Town Phase 8 - Hill Top Commercial, Bahria Town Phase 8",,,89
Ready To Contraction 10 Marla Plot Adiala Road Punjab Housing Society,,"Punjab Government Servant Housing Foundation (PGSHF), Rawalpindi",,,90
CBR Town Phase 2 Block C Plot For Sale,,"CBR Town Phase 2 - Block C, CBR Town Phase 2",,,90
5.5 Marla Residential Plot Available,,"Peshawar Road, Rawalpindi",,,90
Kanal Plot For Sale In Bahria Town Rawalpindi,,"Bahria Town Phase 3, Bahria Town Rawalpindi",,,90
Kanal Plot For Sale In Bahria Town Rawalpindi,,"Bahria Town Phase 5, Bahria Town Rawalpindi",,,90
Kanal Corner Extra Land Plot For Sale In Phase 1 Bahria Town Rawalpindi,,"Bahria Town Phase 1, Bahria Town Rawalpindi",,,90
Kanal Plot For Sale In Phase 3 Bahria Town Rawalpindi,,"Bahria Town Phase 3, Bahria Town Rawalpindi",,,90
Kanal Plot For Sale In Bahria Town Rawalpindi,,"Bahria Town Phase 3, Bahria Town Rawalpindi",,,90
10 Marla Plot For Sale In Phase 3 Bahria Town Rawalpindi,,"Bahria Town Phase 3, Bahria Town Rawalpindi",,,90
End Your Search For Residential Plot Here And sale Now,,"UpCountry Enclosures Housing Society, Rawalpindi",,,90
4500 Square Feet Residential Plot available for sale in UpCountry Enclosures Housing Society if you hurry,,"UpCountry Enclosures Housing Society, Rawalpindi",,,90
Buy Your Ideal 5 Marla Residential Plot In A Prime Location Of Rawalpindi,,"Silver City - Sector C, Silver City",,,90
Ideal Residential Plot Is Available For sale In Rawalpindi,,"Silver City - Sector B, Silver City",,,90
Residential Plot Spread Over 5 Marla In Silver City - Sector B Available,,"Silver City - Sector B, Silver City",,,90
10 Marla Plot For Sale In Bahria Town Rawalpindi,,"Bahria Town Phase 3, Bahria Town Rawalpindi",,,90
10 Marla Plot For Sale In Phase 5 Bahria Town Rawalpindi,,"Bahria Town Phase 5, Bahria Town Rawalpindi",,,90
Commercial Plot For Sale Bahria Town Phase 8 Business Junction,,"C Junction Commercial, Bahria Town Phase 8",,,90
Residential 05 Marla (30ft X 40ft) Plot For Sale,,"Bahria Town Phase 8, Bahria Town Rawalpindi",,,90
B Block 15 Marla Plot For Sale.,,"Bahria Town Phase 8, Bahria Town Rawalpindi",,,90
Snober City Adiala Road Direct Owner Plot For Sale In RDA Approved Society Packed Plot With LOP,,"Snober City - Green Villas, Snober City",,,90
Reserve A Residential Plot Of 24 Marla Now In Bahria Town Phase 7,,"Bahria Town Phase 7, Bahria Town Rawalpindi",,,90
10 Marla Residential Plot In Bahria Town Phase 7 Is Available For Sale,,"Bahria Town Phase 7, Bahria Town Rawalpindi",,,90
Gorgeous 10 Marla Residential Plot For sale Available In Bahria Town Phase 7,,"Bahria Town Phase 7, Bahria Town Rawalpindi",,,90
Residential Plot For Sale In Bahria Town Phase 7 Rawalpindi,,"Bahria Town Phase 7, Bahria Town Rawalpindi",,,90
Buy A Centrally Located 10 Marla Residential Plot In Bahria Town Phase 7,,"Bahria Town Phase 7, Bahria Town Rawalpindi",,,90
5 Marla Commercial Plot In River View Commercial For sale,,"River View Commercial, Bahria Town Phase 7",,,91
Residential Plot Of 18 Marla Is Available For sale,,"Bahria Town Phase 7, Bahria Town Rawalpindi",,,91
10 Marla Plot Available For Sale Sector I,,"Bahria Town Phase 8 - Block I, Bahria Town Phase 8",,,91
10 Marla Plot Available For Sale  Ready For Construction,,"Bahria Town Phase 8 - Sector F-1, Bahria Town Phase 8",,,91
10 Marla Ready-To-Construct Plot Available For Sale,,"Bahria Town Phase 8 - Block D, Bahria Town Phase 8",,,91
10 Marla Ready-To-Construct Plot Available For Sale,,"Bahria Town Phase 8 - Block A, Bahria Town Phase 8",,,91
10 Marla Ready-To-Construct Plot Available For SALE SECTOR D,,"Bahria Town Phase 8 - Block D, Bahria Town Phase 8",,,91
10 Marla Ready-to-Construct Plot Available For Sale,,"Bahria Town Phase 8 - Sector F-3, Bahria Town Phase 8",,,91
7 Marla Plot Available For Sale Sector K,,"Bahria Town Phase 8 - Block K, Bahria Town Phase 8",,,91
5 Marla Plot Available For Sale,,"Rose Garden, Bahria Town Phase 8",,,91
10 Marla Ready-To-Construct Plot Available For Sale Sector I,,"Bahria Town Phase 8 - Block I, Bahria Town Phase 8",,,91
5 Marla Plot Available For Sale Sector Rose Garden,,"Rose Garden, Bahria Town Phase 8",,,91
7 Marla Plot Available FOR Sale Saffari Velly,,"Bahria Town Phase 8 - Safari Valley, Bahria Town Phase 8",,,91
7 Marla Usman Block Plot Available For Sale,,"Bahria Town Phase 8 - Usman Block, Bahria Town Phase 8 - Safari Valley",,,91
5 Marla Plot Available FOR Sale M Block,,"Bahria Town Phase 8 - Block M, Bahria Town Phase 8",,,91
6 Marla Plot Available For Sale,,"Bahria Town Phase 8 - Sector E-1, Bahria Town Phase 8",,,91
10 Marla Ready-To-Construct Plot Available For Sale Sector E,,"Bahria Town Phase 8 - Block E, Bahria Town Phase 8",,,91
10 Marla Plot Available For Sale Sector L,,"Bahria Town Phase 8 - Block L, Bahria Town Phase 8",,,91
Residential Plot Of 1 Kanal Available For sale In Bahria Town Phase 7,,"Bahria Town Phase 7, Bahria Town Rawalpindi",,,91
Residential Plot For Grabs In 10 Marla Rawalpindi,,"Bahria Town Phase 5, Bahria Town Rawalpindi",,,91
Bahria Town Phase 7 Residential Plot For sale Sized 1 Kanal,,"Bahria Town Phase 7, Bahria Town Rawalpindi",,,91
Plot For Sale In Bahria Town Phase 8 7 Marla Plot Best Investment Opportunity,,"Bahria Town Phase 8 - Umer Block, Bahria Town Phase 8 - Safari Valley",,,91
Plot for Sale in Bahria Town Phase 8-Commercial Plot in Rafi Block,,"Bahria Town Phase 8 - Rafi Block, Bahria Town Phase 8",,,91
Main Double Road Residential Plot For Grabs In 24 Marla Rawalpindi,,"Bahria Town Phase 8 - Block P, Bahria Town Phase 8",,,91
Reserve A Centrally Located Residential Plot Of 12 Marla In Bahria Town Phase 8,,"Bahria Town Phase 8, Bahria Town Rawalpindi",,,91
Main Double Road Residential Plot For Grabs In 20 Marla Rawalpindi,,"Bahria Town Phase 8 - Block P, Bahria Town Phase 8",,,92
A Perfect Near To Mosque Residential Plot Awaits You In Bahria Town Phase 8 - Safari Homes Rawalpindi,,"Bahria Town Phase 8 - Safari Homes, Bahria Town Phase 8",,,92
Ready To Buy A Residential Plot In Bahria Town Phase 8 - Block L Rawalpindi,,"Bahria Town Phase 8 - Block L, Bahria Town Phase 8",,,92
BTR Phase 8 Sect G Plot 58J 10m + 3marla 5marla Extra Land Pu Paid 120 Ft Bulward Walking Distance Park Masjud,,"Bahria Town Phase 8 - Block G, Bahria Town Phase 8",,,92
Kanal Plot For Sale In Bahria Town Rawalpindi Phase 4,,"Bahria Town Phase 4, Bahria Town Rawalpindi",,,92
Get An Attractive Residential Plot In Rawalpindi,,"Bahria Town Phase 8 - Ali Block, Bahria Town Phase 8 - Safari Valley",,,92
10 Marla Prime Location Plot In Phase 7 For Sale,,"Bahria Town Phase 7, Bahria Town Rawalpindi",,,92
10 Marla Prime Location Plot In Phase 7 For Sale,,"Bahria Town Phase 7, Bahria Town Rawalpindi",,,92
10 Marla Corner Plot For Sale In Phase 7,,"Bahria Town Phase 7, Bahria Town Rawalpindi",,,92
10 Marla Solid Land Heighted Location Plot For Sale,,"Bahria Town Phase 7, Bahria Town Rawalpindi",,,92
5 Marla Corner Plot For Sale In Overseas sector,,"Bahria Town Phase 7, Bahria Town Rawalpindi",,,92
5 Marla Hot Location Plot For Sale In Overseas Sector,,"Bahria Town Phase 7, Bahria Town Rawalpindi",,,92
5 Marla Top Notch Location Plot For Sale In Sector Overseas 5,,"Bahria Town Phase 7, Bahria Town Rawalpindi",,,92
10 Marla Prime location Plot for sale,,"Bahria Town Phase 7, Bahria Town Rawalpindi",,,92
8 Marla Hot Location Plot For Sale In Overseas Sector,,"Bahria Town Phase 7, Bahria Town Rawalpindi",,,92
A 14Marla Residential Plot At Affordable Price Awaits You in Lake Garden (Overseas Enclave Sector-3),,"Bahria Town Phase 8 - Eden Lake View Block, Bahria Town Phase 8",,,92
Taj Residencia 8 Marla Plot Available For Sale,,"Taj Residencia, Rawalpindi",,,92
Possession Plot in Gardenia Block Taj Residencia,,"Taj Residencia, Rawalpindi",,,92
Taj Residencia 5 Marla Possession in Gardenia Block,,"Taj Residencia, Rawalpindi",,,92
Taj Residencia Possession Plot in Gardenia Sector,,"Taj Residencia, Rawalpindi",,,92
Taj Residencia 8 Marla Plot Available For Sale,,"Taj Residencia, Rawalpindi",,,92
Taj Residencia 8 Marla Plot Available For Sale,,"Taj Residencia, Rawalpindi",,,92
10 Marla Plot Available For Sale In Taj Residencia,,"Taj Residencia, Rawalpindi",,,92
10 Marla Plot Available In Rose Sector For Sale,,"Taj Residencia, Rawalpindi",,,92
10 Marla Plot Is Available In Orchid Sector Taj Residencia,,"Taj Residencia, Rawalpindi",,,92
Taj Residencia 10 Marla Plot Available For Sale,,"Taj Residencia, Rawalpindi",,,93
Residential Plot Spread Over 5 Marla In Bahria Town Phase 8 - Bahria Orchard Available,,"Bahria Town Phase 8 - Bahria Orchard, Bahria Town Phase 8",,,93
10 Marla Plot Available In Taj Residencia,,"Taj Residencia, Rawalpindi",,,93
Buying A Corner Residential Plot In Bahria Town Phase 8 - Block B Rawalpindi?,,"Bahria Town Phase 8 - Block B, Bahria Town Phase 8",,,93
55x100 Plot For Sale Saidpur Road,,"Saidpur Road, Rawalpindi",,,93
55x100 Plot For Sale Saidpur Road,,"Saidpur Road, Rawalpindi",,,93
10 Marla Residential Plot For Sale Bahria Town Phase 2 Prime Location,,"Bahria Town Phase 2, Bahria Town Rawalpindi",,,93
1 Kanal Plot For Sale In Block A Bahria Town Phase 8,,"Bahria Town Phase 8 - Block A, Bahria Town Phase 8",,,93
Bahria Paradise Commercial 5 Marla Plot For Sale,,"Bahria Town Phase 4, Bahria Town Rawalpindi",,,93
5 MARLA PLOT ROSE GARDEN ZONE 1,,"Rose Garden, Bahria Town Phase 8",,,93
1 Kanal Solid Level Plot At Very Prime Location,,"Bahria Town Phase 8 - Block A, Bahria Town Phase 8",,,93
"2 Kanal solid Plot's at very Prime Location, St Park Facing",,"Bahria Town Phase 8 - Block P, Bahria Town Phase 8",,,93
"2 Kanal 1 Marla Solid & Level Plot Top Highted View, Back Open With Extra Land",,"Bahria Hamlet, Bahria Town Phase 8",,,93
1 Kanal Solid & Level Plot At Prime Location Of Bahria Hamlet,,"Bahria Hamlet, Bahria Town Phase 8",,,93
10 Marla Registry Inteqal Corner Plot Available For Sale Near Gelani Mart,,"Adiala Road, Rawalpindi",,,93
Satlight Town A Black Good Location Plot Size 52*48,,"Satellite Town - Block A, Satellite Town",,,93
10 Marla Plot For Sale In Very Ideal Location Of PH2,,"Bahria Town Phase 2, Bahria Town Rawalpindi",,,93
Bahria Square Commercial Commercial Plot Sized 1 Kanal Is Available,,"Bahria Square Commercial, Bahria Town Phase 7",,,93
Residential Plot For sale Is Readily Available In Prime Location Of Bahria Town Phase 8 - Block K,,"Bahria Town Phase 8 - Block K, Bahria Town Phase 8",,,93
"Ideal 10 Marla Residential Plot Available In Bahria Town Phase 8 - Block B, Rawalpindi",,"Bahria Town Phase 8 - Block B, Bahria Town Phase 8",,,93
Buy A Centrally Located 10 Marla Residential Plot In Bahria Greens - Overseas Enclave - Sector 2,,"Bahria Greens - Overseas Enclave - Sector 2, Bahria Greens - Overseas Enclave",,,93
Residential Plot For Sale,,"Bahria Town Phase 8 - Block D, Bahria Town Phase 8",,,93
"Residential Plot Of 7 Marla Is Available For sale In Bahria Town Phase 8 - Usman Block, Rawalpindi",,"Bahria Town Phase 8 - Usman Block, Bahria Town Phase 8 - Safari Valley",,,93
Ideally Located Residential Plot Of 10 Marla Is Available For sale In Rawalpindi,,"Bahria Greens - Overseas Enclave - Sector 6, Bahria Greens - Overseas Enclave",,,93
Residential Plot For sale In Rawalpindi,,"Bahria Town Phase 8 - Block L, Bahria Town Phase 8",,,93
25 Marla Residential Plot For Sale In Bahria Town Phase 8 - Block A Rawalpindi,,"Bahria Town Phase 8 - Block A, Bahria Town Phase 8",,,94
Bahria Town Phase 8 - Sector F-2 Residential Plot Sized 10 Marla Is Available,,"Bahria Town Phase 8 - Sector F-2, Bahria Town Phase 8",,,94
Prime Location Residential Plot For Sale In Airport Housing Society - Sector 4,,"Airport Housing Society - Sector 4, Airport Housing Society",,,94
Prime Location 5 Marla Residential Plot Ideally Situated In Airport Housing Society - Sector 4,,"Airport Housing Society - Sector 4, Airport Housing Society",,,94
Residential Plot Is Available For Sale In Bahria Town Phase 8 - Sector F-2,,"Bahria Town Phase 8 - Sector F-2, Bahria Town Phase 8",,,94
Aesthetic Residential Plot Of 1 Kanal For Sale Is Available,,"Bahria Town Phase 8 - Block E, Bahria Town Phase 8",,,94
Residential Plot In Bahria Town Phase 8 - Sector F-3 For sale,,"Bahria Town Phase 8 - Sector F-3, Bahria Town Phase 8",,,94
Get Your Hands On Residential Plot In Rawalpindi Best Area,,"Bahria Town Phase 8 - Ali Block, Bahria Town Phase 8 - Safari Valley",,,94
Ideal Residential Plot For Sale In Bahria Town Phase 8 - Sector F-3,,"Bahria Town Phase 8 - Sector F-3, Bahria Town Phase 8",,,94
Residential Plot Sized 7 Marla Available In Bahria Town Phase 8 - Abu Bakar Block,,"Bahria Town Phase 8 - Abu Bakar Block, Bahria Town Phase 8 - Safari Valley",,,94
"Ideal 10 Marla Residential Plot Has Landed On Market In Bahria Town Phase 8 - Bahria Orchard, Rawalpindi",,"Bahria Town Phase 8 - Bahria Orchard, Bahria Town Phase 8",,,94
5 Marla Plot For Sale In Kingdom Valley All Installments & Development Charges Paid,,"Kingdom Valley Islamabad, Rawalpindi",,,94
2 Kanal Corner Heighted Location Plot For Sale,,"Bahria Hills, Bahria Town Phase 8",,,94
10 Marla Level Plot Builders location For Sale,,"Bahria Town Phase 8 - Block H, Bahria Town Phase 8",,,94
M Block 10 Marla Plot Back Park For Sale,,"Bahria Town Phase 8 - Block M, Bahria Town Phase 8",,,94
10 Marla Solid Land Plot On Builders Location For Sale,,"Bahria Town Phase 8 - Block E, Bahria Town Phase 8",,,94
10 Marla Level Plot For Sale,,"Bahria Town Phase 8 - Block C, Bahria Town Phase 8",,,94
Very Beautiful Residential Plot For Sale,,"Punjab Government Servant Housing Foundation (PGSHF), Rawalpindi",,,94
Get In Touch Now To Buy A 7 Marla Residential Plot In Rawalpindi,,"Bahria Town Phase 8 - Ali Block, Bahria Town Phase 8 - Safari Valley",,,94
7 Marla Plot For Sale Khan Vellage,,"Khan Village, Chakri Road",,,94
5 Marla Plot For Sale Chakri Road Gullsha E Kashmir Rawalpindi,,"Gulshan-e-Kashmir, Rawalpindi",,,94
5 Marla Plot For Sale Chakri Road Gulshan E Kashmir Rawalpindi,,"Gulshan-e-Kashmir, Rawalpindi",,,94
5 Marla Plot For Sale Chakri Road Kohala Rawalpindi,,"Kohala, Rawalpindi",,,94
5 Marla Plot For Sale Chakri Road Al Haram City Rawalpindi,,"Al-Haram City - Phase 2, Al-Haram City",,,94
In Al-Haram City 5 Marla Residential Plot For Sale,,"Al-Haram City, Chakri Road",,,94
10 Marla Plot For Sale Al Haram City,,"Al-Haram City, Chakri Road",,,95
Investors Should sale This Residential Plot Located Ideally In Chakri Road,,"Al-Haram City - Phase 1, Al-Haram City",,,95
5 Marla Plot For Sale Chakri Road Kohala Rawalpindi,,"Kohala, Rawalpindi",,,95
10 Marla Plot For Sale Chakri Road Al Haram City,,"Al-Haram City - Phase 2, Al-Haram City",,,95
5 Marla Plot For Sale Chakri Road Rawalpindi,,"Gulshan-e-Kashmir, Rawalpindi",,,95
10 Marla Plot For Sale Chakri Road Han Village,,"Khan Village, Chakri Road",,,95
5 Marla Plot For Sale Chakri Road Al Haram City,,"Al-Haram City - Phase 1, Al-Haram City",,,95
4 Marla 250sq. Ft 21 Feet Front 50 Feet Back For Sale In National Housing Scheme 1 Near Gulshanabad Gate 1,,"Adiala Road, Rawalpindi",,,95
Bahria Town Phase 7 10 Marla Plot For Sale Open Transfer Ready To Construct. Plot 792-e,,"Bahria Town Phase 7, Bahria Town Rawalpindi",,,95
Urgent Sale 5.5 Marla Plot Rose Garden,,"Rose Garden, Bahria Town Phase 8",,,95
10 Marla Beautiful Plot Urgent Sale Block A,,"Bahria Town Phase 8 - Block A, Bahria Town Phase 8",,,95
Urgent Sale Rose Garden 5.5 Marla Plot,,"Bahria Town Phase 8, Bahria Town Rawalpindi",,,95
5.5 Marla Plot Urgent Sale Ready For Construction Bahria Ph 8,,"Rose Garden, Bahria Town Phase 8",,,95
Hot Deal 2.5m Commercial Plot for Sale Lake View Bahria Town Phase 8 Rwp,,"Bahria Town Phase 8 - Block D, Bahria Town Phase 8",,,95
Golden Investment Opportunity | 12 Marla Possession Plot | Near Ring Road RWP,,"Rose Valley, Adiala Road",,,95
Rose Garden 5.5 M Plot Heighted Location,,"Rose Garden Zone 2, Rose Garden",,,95
Prime 5.5 Marla Residential Plot For Sale Construction Ready | Bahria Phase 8,,"Rose Garden, Bahria Town Phase 8",,,95
Urgent Sale 10 m Prime Location Plot + Extra Land Bahria Ph 7,,"Bahria Town Phase 7, Bahria Town Rawalpindi",,,95
Urgent sale com plot 2.5m Lake View near rafi com,,"Bahria Town Phase 8 - Block D, Bahria Town Phase 8",,,95
Corner Plot For Sale Usman Block,,"Bahria Town Phase 7, Bahria Town Rawalpindi",,,95
100% 8 Marla Solid Land Back Open Plot For Sale,,"Bahria Town Phase 8 - Block D, Bahria Town Phase 8",,,95
Bahria Town 10 Marla Plot For Sale,,"Bahria Town Phase 8 - Block H, Bahria Town Phase 8",,,95
Gulshanabad 10 Marla Plot For Sale,,"Gulshan Abad, Rawalpindi",,,95
Bahria town 24 marla plot for sale sector A,,"Bahria Town Phase 8 - Block A, Bahria Town Phase 8",,,95
A Residential Plot At Affordable Price Awaits You,,"Silver City, Girja Road",,,95
Get Your Hands On Residential Plot In Rawalpindi Best Area,,"Silver City, Girja Road",,,96
Urgent Sale Bahria Town Phase 8 Rawalpindi Sector Rose Garden Zone 2,,"Rose Garden Zone 2, Rose Garden",,,96
Bahria Town Phase 8; Overseas 5  10m Plot For Sale 1602,,"Bahria Greens - Overseas Enclave - Sector 5, Bahria Greens - Overseas Enclave",,,96
5 Marla Possession Able Plot File,,"Blue World City - Legends Enclave, Blue World City",,,96
ABU BAKR BLOCK 7 MARLA PLOT FOR SALE,,"Bahria Town Phase 8 - Abu Bakar Block, Bahria Town Phase 8 - Safari Valley",,,96
1 Kanal Possession Plot Available For Sale.,,"Capital Smart City Overseas - Block B, Capital Smart City Overseas",,,96
10 Marla Corner Xtra Land Plot For Sale In Overseas 6 Phase 8,,"Bahria Greens - Overseas Enclave - Sector 3, Bahria Greens - Overseas Enclave",,,96
Builders Location Plot Available For Sale,,"Bahria Town Phase 8 - Abu Bakar Block, Bahria Town Phase 8 - Safari Valley",,,96
A Residential Plot Of 10 Marla In Lake Vista,,"Lake Vista, Adiala Road",,,96
20 Marla Residential Plot For Sale In Lake Vista Rawalpindi,,"Lake Vista, Adiala Road",,,96
Residential Plot For sale Is Readily Available In Prime Location Of Lake Vista,,"Lake Vista, Adiala Road",,,96
Get In Touch Now To Buy A 5 Marla Residential Plot In Lake Vista,,"Lake Vista, Adiala Road",,,96
Ideally Located Residential Plot For sale In Bahria Town Phase 8 - Block B Available,,"Bahria Town Phase 8 - Block B, Bahria Town Phase 8",,,96
2700 Kanal Land With 200 Feet Front On GT Road Near Mandra Toll Plaza,,"Mandra, Rawalpindi",,,96
Investors Should Sale This Residential Plot Located Ideally In Bahria Town Rawalpindi,,"Bahria Town Phase 8 - Block K, Bahria Town Phase 8",,,96
Residential Plot For Sale In Beautiful Saffron City,,"Saffron City, GT Road",,,96
8 Marla Commercial Plot For sale Is Available In Capital Smart City Overseas,,"Capital Smart City Overseas, Capital Smart City",,,96
Ideally Located Commercial Plot Of 4 Marla Is Available For sale In Rawalpindi,,"Capital Smart City Overseas, Capital Smart City",,,96
14 Marla Commercial Plot For Sale Best Opportunity For Investment,,"Adiala Road, Rawalpindi",,,96
Prominently-Located 8 Marla Residential Plot Available In Taj Residencia - Daffodils Block,,"Taj Residencia - Daffodils Block, Taj Residencia",,,96
10 Marla Plot On Investor Rate,,"Taj Residencia - Rose Block, Taj Residencia",,,96
"Residential Plot Of 10 Marla Is Available For Sale In Taj Residencia - Orchard Block, Rawalpindi",,"Taj Residencia - Orchard Block, Taj Residencia",,,96
Prominently-Located 8 Marla Residential Plot Available In Taj Residencia - Daffodils Block,,"Taj Residencia - Daffodils Block, Taj Residencia",,,96
Prominently-Located Residential Plot Available In Taj Residencia - Orchard Block For sale,,"Taj Residencia - Orchard Block, Taj Residencia",,,96
Ideal Location Plot Is For Sale,,"Taj Residencia - Rose Block, Taj Residencia",,,96
Residential Plot Of 5 Marla Is Available For Sale In Taj Residencia - Gardenia Block,,"Taj Residencia - Gardenia Block, Taj Residencia",,,97
1 Kanal Residential Plot In Central Taj Residencia - Orchard Block For sale,,"Taj Residencia - Orchard Block, Taj Residencia",,,97
5 Marla Residential Plot Is Available For Sale In Taj Residencia - Daffodils Block,,"Taj Residencia - Daffodils Block, Taj Residencia",,,97
8 Marla Residential Plot For Grabs In Taj Residencia,,"Taj Residencia - Iris Block, Taj Residencia",,,97
Get In Touch Now To Buy A 8 Marla Residential Plot In Rawalpindi,,"Taj Residencia - Daffodils Block, Taj Residencia",,,97
Taj Residencia - Gardenia Block Residential Plot Sized 5 Marla Is Available,,"Taj Residencia - Gardenia Block, Taj Residencia",,,97
Taj Residencia - Gardenia Block 5 Marla Residential Plot Up For Sale,,"Taj Residencia - Gardenia Block, Taj Residencia",,,97
8 Marla Residential Plot In Taj Residencia - Daffodils Block Is Best Option,,"Taj Residencia - Daffodils Block, Taj Residencia",,,97
Get In Touch Now To Buy A Residential Plot In Taj Residencia - Gardenia Block Rawalpindi,,"Taj Residencia - Gardenia Block, Taj Residencia",,,97
1 Kanal Cbr Town Phase 2 Block D Islamabad Plot For Sale,,"CBR Town Phase 2 - Block D, CBR Town Phase 2",,,97
Ready To Buy A Prime Location Residential Plot 9 Marla In Tulsa Road,,"Tulsa Road, Rawalpindi",,,97
URGENT PLOT FOR SALE,,"Peshawar Road, Rawalpindi",,,97
5 Marla Prime Location Plot For Sale In Saffron City Block B,,"Saffron City, GT Road",,,97
Farm House Plot For Sale,,"Chakbeli Road, Rawalpindi",,,97
Investor Price 10 Marla Plot For Sale In Bahria Phase 8,,"Bahria Town Phase 8, Bahria Town Rawalpindi",,,97
Corner Plot Overseas 2 Bahria Town Ph8,,"Bahria Greens - Overseas Enclave - Sector 2, Bahria Greens - Overseas Enclave",,,97
"Plot For Sale Punj Sarki, Near Saddar Rawalpindi On Main Sarwar Road",,"Sarwar Road, Rawalpindi",,,97
Prime Location 5 Marla Residential Plot In Girja Road For sale At Good Location,,"Girja Road, Rawalpindi",,,97
"Prime Location 6 Marla Residential Plot Available For Sale In Girja Road, Girja Road",,"Girja Road, Rawalpindi",,,97
Spacious Prime Location 6 Marla Residential Plot Available For sale In Girja Road,,"Girja Road, Rawalpindi",,,97
Hot Location Commercial Plot Available For Sale,,"Bahria Town Phase 8, Bahria Town Rawalpindi",,,97
"10 Marla Residential Plot For Sale In Abid Homes Phase 2, Adyala Road",,"Adiala Road, Rawalpindi",,,97
Looking For A Residential Plot In Rawalpindi,,"Gulshan Abad Sector 1, Gulshan Abad",,,97
To Sale You Can Find Spacious Residential Plot In Gulshan Abad Sector 3,,"Gulshan Abad Sector 3, Gulshan Abad",,,97
Prime Location Near Rawat &Amp; T-Chowk RDA Approved Housing Society  Flexible Installment Payment Plans,,"Saffron City, GT Road",,,97
"1 Kanal Plot For Sale In Overseas Sector, Bahria Town Rawalpindi",,"Bahria Greens - Overseas Enclave, Bahria Town Phase 8",,,98
8 Marla Prime Location Plot For Sale In Bahria Town Phase 8 Rawalpindi,,"Bahria Town Phase 8, Bahria Town Rawalpindi",,,98
11 Marla Plot For Sale With 1 Marla Extra Land Back Open In Sector I Bahria Town Phase 8,,"Bahria Town Phase 8, Bahria Town Rawalpindi",,,98
10 Marla Plot For Sale Bharia Town Phase 8 Available At Investor Price,,"Bahria Town Phase 8, Bahria Town Rawalpindi",,,98
8 Marla Boulevard Plot For Sale | 40 Ft Front | Masjid Facing | Rafi Block,,"Bahria Town Phase 8 - Rafi Block, Bahria Town Phase 8",,,98
Bahria Phase 2 Special Area,,"Bahria Town Phase 2, Bahria Town Rawalpindi",,,98
Plot For Sale,,"Bahria Town Phase 8, Bahria Town Rawalpindi",,,98
Get In Touch Now To Buy A Residential Plot In Bahria Town Phase 3 Rawalpindi,,"Bahria Town Phase 3, Bahria Town Rawalpindi",,,98
Beautifully Constructed Residential Plot Is Available For sale In Bahria Town Phase 8 - Block G,,"Bahria Town Phase 8 - Block G, Bahria Town Phase 8",,,98
Beautifully Constructed Commercial Plot Is Available For Sale In Bahria Town Phase 8 - Eden Lake View Block,,"Bahria Town Phase 8 - Eden Lake View Block, Bahria Town Phase 8",,,98
Ready To Buy A Residential Plot 7 Marla In Bahria Town Phase 8 - Usman Block,,"Bahria Town Phase 8 - Usman Block, Bahria Town Phase 8 - Safari Valley",,,98
8 Marla Residential Plot In Stunning Bahria Town Phase 8 - Block G Is Available For sale,,"Bahria Town Phase 8 - Block G, Bahria Town Phase 8",,,98
"8 Marla Residential Plot for Sale in Sector J, Bahria Town Phase 8 Rawalpindi",,"Bahria Town Phase 8 - Block J, Bahria Town Phase 8",,,98
5 Marla Plot For Sale CBR Town Phase 2 Block J,,"CBR Town Phase 2, Rawalpindi",,,98
5 Marla Plot For Sale CBR Town Phase 2 Block C,,"CBR Town Phase 2, Rawalpindi",,,98
5 Marla Plot For Sale CBR Town Phase 2 Block C,,"CBR Town Phase 2, Rawalpindi",,,98
5 Marla Plot For Sale CBR Town Phase 2 Block E,,"CBR Town Phase 2, Rawalpindi",,,98
5 Marla Plot For Sale CBR Town Phase 2 Block E,,"CBR Town Phase 2, Rawalpindi",,,98
5 Marla Plot For Sale CBR Town Phase 2 Block C,,"CBR Town Phase 2, Rawalpindi",,,98
1 Kanal Plot For Sale In CBR Town Phase 2 Block D,,"CBR Town Phase 2, Rawalpindi",,,98
1 Kanal plot For sale in CBR Town Phase 2 Block A,,"CBR Town Phase 2, Rawalpindi",,,98
1 Kanal plot For sale in CBR Town Phase 2 Block A,,"CBR Town Phase 2, Rawalpindi",,,98
10 Marla Plot For Sale Block E,,"CBR Town Phase 2, Rawalpindi",,,98
10 marla plot for sale Block D CBR TOWN PHASE 2,,"CBR Town Phase 2, Rawalpindi",,,98
Plot For Sale In CBR Town Phase 2 Block C,,"CBR Town Phase 2, Rawalpindi",,,98
1 Kanal Plot For Sale In CBR Town Phase 2 Block B,,"CBR Town Phase 2, Rawalpindi",,,99
10 Marla Plot For Sale Block B CBR TOWN PHASE 2,,"CBR Town Phase 2, Rawalpindi",,,99
10 Marla Plot For Sale Block A CBR TOWN PHASE 2,,"CBR Town Phase 2, Rawalpindi",,,99
5 Marla Plot For Sale CBR Town Phase 2 Block J,,"CBR Town Phase 2, Rawalpindi",,,99
1 Kanal Plot For Sale In CBR Town Phase 2 Block B,,"CBR Town Phase 2, Rawalpindi",,,99
10 Marla Good Location Plot For Sale In Block A,,"Media Town, Rawalpindi",,,99
Get An Attractive Prime Location Residential Plot In Fazaia Housing Scheme Under Rs. 25000000,,"Fazaia Housing Scheme, Rawalpindi",,,99
Kanal Plot For Sale On Good Location,,"Judicial Colony, Rawalpindi",,,99
1 Kanal Plot For Sale In Punjab Society Rwp,,"Punjab Government Servant Housing Foundation (PGSHF), Rawalpindi",,,99
5 Marla Plot For Sale,,"Punjab Government Servant Housing Foundation (PGSHF), Rawalpindi",,,99
5 Marla For Sale PGSHF,,"Punjab Government Servant Housing Foundation (PGSHF), Rawalpindi",,,99
7 Marla Plot For Sale,,"Punjab Government Servant Housing Foundation (PGSHF), Rawalpindi",,,99
Commercial Plot In Satellite Town Rawalpindi,,"Satellite Town, Rawalpindi",,,99
Plot In Satellite Town Rwp,,"Satellite Town, Rawalpindi",,,99
Get In Touch Now To Buy A 480 Square Feet Residential Plot In Satellite Town Satellite Town,,"Satellite Town, Rawalpindi",,,99
Commercial Plot On Range Road For Sale,,"Range Road, Rawalpindi",,,99
Commercial Plot In Satellite Town Rwp,,"Satellite Town, Rawalpindi",,,99
7 Marla Plot Is Available For Sale,,"Punjab Government Servant Housing Foundation (PGSHF), Rawalpindi",,,99
Punjab Government Servant Housing Foundation (PGSHF) Residential Plot Sized 5 Marla Is Available,,"Punjab Government Servant Housing Foundation (PGSHF), Rawalpindi",,,99
1 Kanal plot for sale in sector 3,,"Airport Housing Society - Sector 3, Airport Housing Society",,,99
A Great Choice For A 175 Square Yards Residential Plot Available In Blue World City,,"Blue World City, Chakri Road",,,99
Residential Plot For sale In Rs. 3000000,,"Blue World City, Chakri Road",,,99
4 Marla Plots Near Foundation University New Lalazar Opp Ayoub National Park Rawalpindi Cantt.,,"Lalazar, Rawalpindi",,,99
5 Marla Premium Corner + Park Facing Plot For Sale Sector 1 General Block,,"Blue World City - Sector 1, Blue World City",,,99
Residential Plot Available For Sale,,"Bahria Greens - Overseas Enclave - Sector 1, Bahria Greens - Overseas Enclave",,,99
Exclusive 1 Kanal Back Open Plot Ideal For Luxury Living,,"Bahria Town Phase 8 - Block A, Bahria Town Phase 8",,,100
Plot For Sale In Bahria Town Phase 2,,"Bahria Town Phase 2, Bahria Town Rawalpindi",,,100
Bahria Greens (Overseas Sector) 5 Plot#655 Size 5marla Posession Utility Paid,,"Bahria Greens - Overseas Enclave - Sector 5, Bahria Greens - Overseas Enclave",,,100
10 MARLA PLOT IN H BLOCK PHASE 8,,"Bahria Town Phase 8 - Block H, Bahria Town Phase 8",,,100
Centrally Located Residential Plot For Sale In Bahria Town Phase 7 Available,,"Bahria Town Phase 7, Bahria Town Rawalpindi",,,100
Commercial Plot For Sale In Midway Bahria Town Phase 7,,"Midway Commercial, Bahria Town Phase 7",,,100
10 Marla Residential Plot For Sale On B Block Boulevard Prime Location,,"Bahria Town Phase 8 - Block B, Bahria Town Phase 8",,,100
10 Marla Residential Plot For Sale In C Block Prime Location,,"Bahria Town Phase 8 - Block C, Bahria Town Phase 8",,,100
"7 Marla Plot For Sale In K Block, Bahria Town Phase 8 Rawalpindi Main Boulevard Price 50 Lac5",,"Bahria Town Phase 8 - Block K, Bahria Town Phase 8",,,100
Get An Attractive Residential Plot In Rawalpindi For Sale,,"Bahria Town Phase 8 - Block A, Bahria Town Phase 8",,,100
Residential Plot For Sale Bahria Town Phase 8 Usman D Block,,"Bahria Town Phase 8 - Usman D Block, Bahria Town Phase 8 - Safari Valley",,,100
In Bahria Town Phase 8 - Bahria Orchard 10 Marla Residential Plot For Sale,,"Bahria Town Phase 8 - Bahria Orchard, Bahria Town Phase 8",,,100
4 Marla Commercial Plot For Sale In A1 Block Prime Location,,"Bahria Town Phase 8 - Block A, Bahria Town Phase 8",,,100
Prime 30 Marla Paradise Commercial Plot For Sale Best Investment Opportunity,,"Bahria Paradise, Bahria Town Rawalpindi",,,100
1 Kanal Plot For Sale In Overseas 3 Full Heighted Area,,"Bahria Greens - Overseas Enclave - Sector 3, Bahria Greens - Overseas Enclave",,,100
2 Kanal Plot For Sale In Overseas Block Main Boulevard Prime Location,,"Bahria Greens - Overseas Enclave - Sector 3, Bahria Greens - Overseas Enclave",,,100
F3 10 Marla Plot For Sale Best Investment Option,,"Bahria Town Phase 8 - Sector F-3, Bahria Town Phase 8",,,100
Corner Residential Plot For Sale,,"Bahria Town Phase 8 - Umer Block, Bahria Town Phase 8 - Safari Valley",,,100
5 Marla Commercial Plot For Sale In Hilltop Prime Location 2.90 Crore,,"Bahria Town Phase 8 - Hill Top Commercial, Bahria Town Phase 8",,,100
Residential Plot For Sale In Bahria Town Phase 3 Rawalpindi,,"Bahria Town Phase 3, Bahria Town Rawalpindi",,,100
J-14 14 Marla Plot For Sale Excellent Investment Opportunity,,"Bahria Town Phase 8 - Block J, Bahria Town Phase 8",,,100
Residential Plot For Sale Bahria Town Phase 8 Usman D Block,,"Bahria Town Phase 8 - Usman D Block, Bahria Town Phase 8 - Safari Valley",,,100
4.75 Marla Commercial+ Residential Property With Closed Street Near Inspire School,,"Dhok Sayedan Road, Rawalpindi",,,100
1 Kanal Residential Plot For Sale,,"Bahria Town Phase 4, Bahria Town Rawalpindi",,,100
2800 Square Feet Residential Plot For sale In Media Town Media Town,,"Media Town, Rawalpindi",,,100
Affordable Prime Location Residential Plot Available For Sale In Punjab Government Servant Housing Foundation (PGSHF),,"Punjab Government Servant Housing Foundation (PGSHF), Rawalpindi",,,101
Beautifully Constructed Corner Residential Plot Is Available For Sale In Punjab Government Servant Housing Foundation (PGSHF),,"Punjab Government Servant Housing Foundation (PGSHF), Rawalpindi",,,101
Prime Location Residential Plot For sale In Rs. 7500000,,"Punjab Government Servant Housing Foundation (PGSHF), Rawalpindi",,,101
This Is Your Chance To Buy Corner Residential Plot In Punjab Government Servant Housing Foundation (PGSHF),,"Punjab Government Servant Housing Foundation (PGSHF), Rawalpindi",,,101
Buying A Prime Location Residential Plot In Punjab Government Servant Housing Foundation (PGSHF) Punjab Government Servant Housing Foundation (PGSHF)?,,"Punjab Government Servant Housing Foundation (PGSHF), Rawalpindi",,,101
Get In Touch Now To Buy A Prime Location 7 Marla Residential Plot In Punjab Government Servant Housing Foundation (PGSHF),,"Punjab Government Servant Housing Foundation (PGSHF), Rawalpindi",,,101
Ready To Buy A Prime Location Residential Plot In Punjab Government Servant Housing Foundation (PGSHF) Punjab Government Servant Housing Foundation (PGSHF),,"Punjab Government Servant Housing Foundation (PGSHF), Rawalpindi",,,101
Ready To Buy A Prime Location Residential Plot 7 Marla In Punjab Government Servant Housing Foundation (PGSHF),,"Punjab Government Servant Housing Foundation (PGSHF), Rawalpindi",,,101
Corner Residential Plot Available For Sale In Punjab Government Servant Housing Foundation (PGSHF),,"Punjab Government Servant Housing Foundation (PGSHF), Rawalpindi",,,101
"Prime Location 1 Kanal Residential Plot available for sale in Punjab Government Servant Housing Foundation (PGSHF), Punjab Government Servant Housing Foundation (PGSHF)",,"Punjab Government Servant Housing Foundation (PGSHF), Rawalpindi",,,101
Centrally Located Prime Location Residential Plot Available In Punjab Government Servant Housing Foundation (PGSHF) For Sale,,"Punjab Government Servant Housing Foundation (PGSHF), Rawalpindi",,,101
Looking For A Prime Location Residential Plot In Punjab Government Servant Housing Foundation (PGSHF),,"Punjab Government Servant Housing Foundation (PGSHF), Rawalpindi",,,101
Prime Location Residential Plot For sale In Beautiful Punjab Government Servant Housing Foundation (PGSHF),,"Punjab Government Servant Housing Foundation (PGSHF), Rawalpindi",,,101
"Rose Garden Zone 1, 5Marla Most Prime Location Plot For Sale.",,"Bahria Town Phase 8, Bahria Town Rawalpindi",,,101
Spacious Prime Location Residential Plot Is Available In Punjab Government Servant Housing Foundation (PGSHF) For Sale,,"Punjab Government Servant Housing Foundation (PGSHF), Rawalpindi",,,101
Buy A Prime Location 10 Marla Residential Plot For Sale In Punjab Government Servant Housing Foundation (PGSHF),,"Punjab Government Servant Housing Foundation (PGSHF), Rawalpindi",,,101
"Prime Location Residential Plot Of 10 Marla Is Available For Sale In Punjab Government Servant Housing Foundation (PGSHF), Punjab Government Servant Housing Foundation (PGSHF)",,"Punjab Government Servant Housing Foundation (PGSHF), Rawalpindi",,,101
Looking For A Prime Location Residential Plot In Punjab Government Servant Housing Foundation (PGSHF) Punjab Government Servant Housing Foundation (PGSHF),,"Punjab Government Servant Housing Foundation (PGSHF), Rawalpindi",,,101
Get In Touch Now To Buy A Prime Location 10 Marla Residential Plot In Punjab Government Servant Housing Foundation (PGSHF),,"Punjab Government Servant Housing Foundation (PGSHF), Rawalpindi",,,101
Capital Smart City 4 Marla Commercial,,"Capital Smart City, Rawalpindi",,,101
Ready To Move Plots Available For Sale,,"Saffron City, GT Road",,,101
Plot For Sale 980 Sq Yrd Bahria Town Rawalpindi phase. 1,,"Bahria Town Phase 1, Bahria Town Rawalpindi",,,101
This Is Your Chance To Buy Residential Plot In Bahria Town Phase 8 - Ali Block Rawalpindi,,"Bahria Town Phase 8 - Ali Block, Bahria Town Phase 8 - Safari Valley",,,101
Get In Touch Now To Buy A Residential Plot In Rawalpindi,,"Bahria Town Phase 8 - Block I, Bahria Town Phase 8",,,101
4 Kanal Industrial Plot For Sale,,"Rawat Industrial Estate, Rawalpindi",,,101
"Prime 10 Marla Residential Plot for Sale Sector F-1, Street 32, Bahria Town Phase 8, Rawalpindi",,"Bahria Town Phase 8 - Sector F-1, Bahria Town Phase 8",,,102
PLOT IN ROAD 1 A INTELLECTUAL Village.,,"Bahria Intellectual Village, Bahria Town Rawalpindi",,,102
10 Marla Beautiful Level Pot In Bahria Town Ph 4,,"Bahria Town Phase 4, Bahria Town Rawalpindi",,,102
6.5 Marla Plot For Sale Front Open,,"Bahria Town Phase 8 - Umer Block, Bahria Town Phase 8 - Safari Valley",,,102
12 Marla Possessionable Plot Available For Sale In Capital Smart City,,"Capital Smart City Overseas - Block F, Capital Smart City Overseas",,,102
Possession Able Plot In DHA 2,,"Saffron City, GT Road",,,102
New Deal Overseas West Near To Capital Smart City Interchange,,"Capital Smart City, Rawalpindi",,,102
Capital Smart City 5 Marla On Ground Plot Executive B Block Available,,"Capital Smart City Executive - Block B, Capital Smart City Executive",,,102
Capital Smart City 5 Marla On Ground Plot Executive B Block Available,,"Capital Smart City Executive - Block B, Capital Smart City Executive",,,102
Taj Residencia Plot For Sale,,"Taj Residencia, Rawalpindi",,,102
Taj Residencia Plot File For Sale,,"Taj Residencia, Rawalpindi",,,102
Plot File Available,,"Taj Residencia, Rawalpindi",,,102
Centrally Located Residential Plot Available In Bahria Town Phase 8 - Block A For Sale,,"Bahria Town Phase 8 - Block A, Bahria Town Phase 8",,,102
Investors Should sale This Residential Plot Located Ideally In Bahria Town Rawalpindi,,"Bahria Town Phase 8 - Block C, Bahria Town Phase 8",,,102
5 Marla Plot For Sale,,"Airport Housing Society - Sector 4, Airport Housing Society",,,102
Bahria Town Umar Block 8 Marla Solid Land Plot For Sale,,"Bahria Town Phase 8 - Umer Block, Bahria Town Phase 8 - Safari Valley",,,102
Hot Deal   22 Marla Corner Plot On Main Service Road,,"Media Town - Block B, Media Town",,,102
6 Marla Residential Plot For Sale Airport Housing Society Rawalpindi,,"Airport Housing Society - Sector 4, Airport Housing Society",,,102
10 Marla 35*70 Possession Ready To Construction Highted Location Plot Available For Sale On Investor Price In Taj Residencia Orchard Block,,"Taj Residencia - Orchard Block, Taj Residencia",,,102
"Owner Plot # 1703, St 65 Ali Block BT Phase 8",,"Bahria Town Phase 8 - Ali Block, Bahria Town Phase 8 - Safari Valley",,,102
Up Country Plots For Sale,,"UpCountry Enclosures Society - Block F, UpCountry Enclosures Housing Society",,,102
Silver City Housing Scheme Prime Location Plot For Sale,,"Silver City - Sector C, Silver City",,,102
Aesthetic Residential Plot Of 7 Marla For sale Is Available,,"UpCountry Enclosures Society - Block H, UpCountry Enclosures Housing Society",,,102
"13 Marla Corner Plot Near Commercial, School and Mosque",,"Bahria Town Phase 8 - Block E, Bahria Town Phase 8",,,102
5 Marla Plot on Main Boulevard Hathi Chowk,,"Bahria Town Phase 8 - Block L, Bahria Town Phase 8",,,102
10 Marla Plot In Overseas 5,,"Bahria Greens - Overseas Enclave - Sector 5, Bahria Greens - Overseas Enclave",,,103
10 Marla Heighted Plot For Sale,,"Bahria Town Phase 8, Bahria Town Rawalpindi",,,103
Prime Location 10 Marla Residential Plot Is Available For Sale In Clifton Township,,"Clifton Township, Rawalpindi",,,103
Prime Location In Punjab Government Servant Housing Foundation (PGSHF) Residential Plot Sized 10 Marla For Sale,,"Punjab Government Servant Housing Foundation (PGSHF), Rawalpindi",,,103
Prime Location Residential Plot Of 5 Marla In Punjab Government Servant Housing Foundation (PGSHF) For Sale,,"Punjab Government Servant Housing Foundation (PGSHF), Rawalpindi",,,103
15 Marla Commercial Plot For Sale In Civic Centre Phase 4 Bahria Town Rawalpindi,,"Bahria Town - Civic Centre, Bahria Town Phase 4",,,103
Huge Front 80 Feet Proper Corner Size 30 Marla,,"Bahria Greens - Overseas Enclave - Sector 5, Bahria Greens - Overseas Enclave",,,103
Backopen With Extraland Two Street Plot,,"Bahria Town Phase 8 - Block D, Bahria Town Phase 8",,,103
Blvd Back Level Near To School And Commerical,,"Bahria Town Phase 8 - Usman Block, Bahria Town Phase 8 - Safari Valley",,,103
Near To Malik Riaz Mosque Walking Distance,,"Bahria Town Phase 8 - Block C, Bahria Town Phase 8",,,103
Residential Plot For Sale In Beautiful Bahria Town Phase 8 - Block E,,"Bahria Town Phase 8 - Block E, Bahria Town Phase 8",,,103
Plot No 01 Lane 01 Near To Sarwar Mosque And Save Mart,,"Bahria Hills, Bahria Town Phase 8",,,103
Boulevard Corner Near To School And Commerical,,"Bahria Town Phase 8 - Usman Block, Bahria Town Phase 8 - Safari Valley",,,103
Plot no 1704 proper corner with two approvel,,"Bahria Town Phase 8 - Umer Block, Bahria Town Phase 8 - Safari Valley",,,103
18 Marla Plot 800 Series With Huge Front,,"Bahria Town Phase 8 - Block A, Bahria Town Phase 8",,,103
40 Feet Front Corner Plot,,"Bahria Town Phase 8 - Umer Block, Bahria Town Phase 8 - Safari Valley",,,103
Garden City Zone 02 Size 35 By 75,,"Bahria Town Phase 7, Bahria Town Rawalpindi",,,103
Level Plot Backopen View Plot,,"Bahria Town Phase 7, Bahria Town Rawalpindi",,,103
Plot No 1066,,"Bahria Town Phase 8 - Block C, Bahria Town Phase 8",,,103
Get In Touch Now To Buy A Residential Plot In Bahria Town Phase 8 - Block E Rawalpindi,,"Bahria Town Phase 8 - Block E, Bahria Town Phase 8",,,103
10 Marla Plot In Phase 07,,"Bahria Town Phase 7, Bahria Town Rawalpindi",,,103
Plot No 138 Street 12 Solid Land,,"Bahria Town Phase 8 - Block A, Bahria Town Phase 8",,,103
Plot No 2383 2nd To Corner,,"Bahria Town Phase 8 - Abu Bakar Block, Bahria Town Phase 8 - Safari Valley",,,103
On Excellent Location Residential Plot Of 31 Marla Is Available For Sale In Bahria Town Phase 8 - Block P,,"Bahria Town Phase 8 - Block P, Bahria Town Phase 8",,,103
Park Face Lane 01 Plot No 05 Front Back Open Boulevard Category,,"Bahria Town Phase 8 - Block I, Bahria Town Phase 8",,,103
Corner Plot (280 Lac) For Sale,,"Bahria Town Phase 8 - Usman D Block, Bahria Town Phase 8 - Safari Valley",,,104
Blvd Corner Like 3 Side Corner Huge Front,,"Bahria Town Phase 8 - Block L, Bahria Town Phase 8",,,104
"Park Face, Mosque, And Commercial, Main Expressway Plot For Sale",,"Bahria Town Phase 8 - Block E, Bahria Town Phase 8",,,104
Plot No 521 St 03 (21.5 Marla),,"Bahria Town Phase 8 - Block A, Bahria Town Phase 8",,,104
Masjid Road Plot No 274 Solid Land,,"Bahria Town Phase 8 - Block P, Bahria Town Phase 8",,,104
2 Kanal Corner Heighted Back Open Plot For Sale In Hamlet,,"Bahria Hamlet, Bahria Town Phase 8",,,104
11 Marla Overseas 2 Bahria Town Phase 8,,"Bahria Greens - Overseas Enclave - Sector 2, Bahria Greens - Overseas Enclave",,,104
A Block 10 Marla Plot For Sale,,"Bahria Town Phase 8 - Block A, Bahria Town Phase 8",,,104
5 Marla Plot DHA Phase 4 Sector D,,"Saddar, Rawalpindi",,,104
Commercial Plot Of 7 Marla In Top City-1 Is Available,,"Top City-1, Rawalpindi",,,104
Become Owner Of Your Commercial Plot Today Which Is Centrally Located In Top City-1 In Top City-1,,"Top City-1, Rawalpindi",,,104
Blue World City 10 Marla General Block All Dues Clear Sector 18 Plot File For Sale,,"Blue World City, Chakri Road",,,104
5 Marla Top Location Plot File For Sale In Blue World City Rawalpindi,,"Blue World City, Chakri Road",,,104
Blue World city 5 Marla Possession Plot Sector 7,,"Blue World City, Chakri Road",,,104
Blue World City Down Town Block A,,"Blue World City, Chakri Road",,,104
5 Marla Commerical Plot Down Town Blue World City Islamabad,,"Blue World City, Chakri Road",,,104
Blue World City Down Town Sector A 5 Marla Plot On Installments,,"Blue World City, Chakri Road",,,104
5 Marla Plot Down Town Sector A Blue World City Islamabad,,"Blue World City, Chakri Road",,,104
5 Marla Blue World City Plot File For Sale,,"Blue World City, Chakri Road",,,104
10 Marla Plot In Blue World City Down Town Sector A (Near Gate 1),,"Blue World City, Chakri Road",,,104
Blue world city Rawalpindi Legened Enclave,,"Blue World City, Chakri Road",,,104
10 Marla Boulevard Corner LOW Rate PLOT,,"Bahria Town Phase 3, Bahria Town Rawalpindi",,,104
6 Marla Plot For Sale,,"Airport Housing Society, Rawalpindi",,,104
5 Marla Corner Plot Available For Sale In Yousaf Colony Near Scheme 3,,"Chaklala Scheme 3, Chaklala Scheme",,,104
In Bahria Town Phase 8 - Block M 5 Marla Residential Plot For Sale,,"Bahria Town Phase 8 - Block M, Bahria Town Phase 8",,,104
Gorgeous 10 Marla Residential Plot For Sale Available In Bahria Town Phase 7,,"Bahria Town Phase 7, Bahria Town Rawalpindi",,,105
Find Your Ideal Residential Plot In Rawalpindi Under Rs. 22500000,,"Bahria Town Phase 7, Bahria Town Rawalpindi",,,105
Good 10 Marla Residential Plot For Sale In Bahria Town Phase 7,,"Bahria Town Phase 7, Bahria Town Rawalpindi",,,105
Reserve A Centrally Located Commercial Plot In Bahria Town Phase 8 - Block C,,"Bahria Town Phase 8 - Block C, Bahria Town Phase 8",,,105
1 Kanal Residential Plot For Sale In Saffron City Rawalpindi,,"Saffron City, GT Road",,,105
Residential Plot Of 7 Marla Available In Bahria Town Phase 8 - Usman Block,,"Bahria Town Phase 8 - Usman Block, Bahria Town Phase 8 - Safari Valley",,,105
Bahria Town Phase 8 - Eden Lake View Block Commercial Plot Sized 3 Marla,,"Bahria Town Phase 8 - Eden Lake View Block, Bahria Town Phase 8",,,105
Spacious Residential Plot Is Available For sale In Ideal Location Of Bahria Town Phase 8 - Usman Block,,"Bahria Town Phase 8 - Usman Block, Bahria Town Phase 8 - Safari Valley",,,105
Bahria Town Phase 8 - Block I Residential Plot Sized 10 Marla,,"Bahria Town Phase 8 - Block I, Bahria Town Phase 8",,,105
In Bahria Town Phase 8 - Ali Block Residential Plot For sale Sized 5 Marla,,"Bahria Town Phase 8 - Ali Block, Bahria Town Phase 8 - Safari Valley",,,105
Commercial Plot Is Available For sale In Bahria Town Phase 8 - Eden Lake View Block,,"Bahria Town Phase 8 - Eden Lake View Block, Bahria Town Phase 8",,,105
3 Marla Commercial Plot For sale In Bahria Town Phase 8 - Eden Lake View Block Rawalpindi,,"Bahria Town Phase 8 - Eden Lake View Block, Bahria Town Phase 8",,,105
Sale The Ideally Located Residential Plot For An Incredible Price Of Pkr Rs. 11000000,,"Bahria Town Phase 8 - Block I, Bahria Town Phase 8",,,105
Buy A 10 Marla Residential Plot For sale In Bahria Town Phase 8 - Block I,,"Bahria Town Phase 8 - Block I, Bahria Town Phase 8",,,105
5 Marla Residential Plot For sale In Bahria Town Rawalpindi,,"Bahria Town Phase 8 - Ali Block, Bahria Town Phase 8 - Safari Valley",,,105
Ideally Located Commercial Plot For Sale In Bahria Hamlet Available,,"Bahria Hamlet, Bahria Town Phase 8",,,105
Prominently-Located 1 Kanal Commercial Plot Available In Bahria Hamlet,,"Bahria Hamlet, Bahria Town Phase 8",,,105
Property For sale In Bahria Town Phase 3 Rawalpindi Is Available Under Rs. 18500000,,"Bahria Town Phase 3, Bahria Town Rawalpindi",,,105
Sale A Residential Plot In Rawalpindi Prime Location,,"Bahria Town Phase 1, Bahria Town Rawalpindi",,,105
Residential Plot Sized 10 Marla In Bahria Town Phase 1,,"Bahria Town Phase 1, Bahria Town Rawalpindi",,,105
A Well Designed Residential Plot Is Up For sale In An Ideal Location In Rawalpindi,,"Bahria Town Phase 1, Bahria Town Rawalpindi",,,105
Buying A Residential Plot In Rawalpindi?,,"Bahria Town Phase 3, Bahria Town Rawalpindi",,,105
A Palatial Residence For Sale In Bahria Town Phase 2 Rawalpindi,,"Bahria Town Phase 2, Bahria Town Rawalpindi",,,105
Sector C 10 Marla Plot Builder Location,,"Bahria Town Phase 8 - Block C, Bahria Town Phase 8",,,105
5 Marla Plot Sector L Prime Location,,"Bahria Town Phase 8 - Block L, Bahria Town Phase 8",,,105
Plot With RDA Approved Map,,"Taj Residencia - Lily Block, Taj Residencia",,,106
5 X MARLA PARK FACED THREE SIDE OPEN PLOT FOR SALE IN ROSE GARDEN ZONE 1,,"Rose Garden, Bahria Town Phase 8",,,106
5 Marla Parkface F Block,,"UpCountry Enclosures Housing Society, Rawalpindi",,,106
Airport Housing Society 5 Marla Residential Plot Up For Sale,,"Airport Housing Society, Rawalpindi",,,106
5 Marla Residential Plot on Easy Installments in Saffron City,,"Saffron City, GT Road",,,106
Hot Investment Opportunity In Downtown Sector A Blue World City Plot File,,"Blue World City, Chakri Road",,,106
Corner 8 Marla Commercial Plot For Sale In Bahria Spring North Rawalpindi,,"Bahria Spring North, Bahria Town Phase 7",,,106
21 Kanal Land With 380 Feet Front,,"GT Road, Rawalpindi",,,106
5 Marla Excellent Location In Lily Block,,"Taj Residencia, Rawalpindi",,,106
1 Kanal For Sale Corner Plot,,"Punjab Government Servant Housing Foundation (PGSHF), Rawalpindi",,,106
15 KANAL FOR SALE MAIN GT ROAD MANDRA NEAR TO RING ROAD,,"Mandra, Rawalpindi",,,106
"Prime 5 Marla Residential Plot For Sale Rafi Block, Bahria Town Phase 8",,"Bahria Town Phase 8 - Rafi Block, Bahria Town Phase 8",,,106
"Exclusive 7 Marla Residential Plot Usman Block, Bahria Town Phase 8",,"Bahria Town Phase 8 - Usman Block, Bahria Town Phase 8 - Safari Valley",,,106
Possession Able Solid 10 Marla Plot In Bahria Town Phase 8 K Block,,"Bahria Town Phase 8 - Block K, Bahria Town Phase 8",,,106
10 Marla Ideal Solid Land Plot For Sale In Sector D,,"Bahria Town Phase 8 - Block D, Bahria Town Phase 8",,,106
Your Ideal 1 Kanal Commercial Plot Has Just Become Available In Bahria Town Phase 4,,"Bahria Town Phase 4, Bahria Town Rawalpindi",,,106
20 Marla possession plot available for sale in Capital Smart City,,"Capital Smart City Overseas - Block B, Capital Smart City Overseas",,,106
10 Marla Possession Plot Available For Sale In. Capital Smart City,,"Capital Smart City Overseas - Block C, Capital Smart City Overseas",,,106
10 Marla possession plot available for sale in Overseas Central Capital Smart City,,"Capital Smart City Overseas Central - Sector B, Capital Smart City Overseas Central",,,106
Kanal Possession Plot Available For Sale In Capital Smart City,,"Capital Smart City Overseas - Block J, Capital Smart City Overseas",,,106
5 Marla Possession Plot Available For Sale In Capital Smart City,,"Capital Smart City Overseas - Block E, Capital Smart City Overseas",,,106
Commerical Plot For Sale 35 Marla,,"Saidpur Road, Rawalpindi",,,106
Holly Family Road E Block,,"Satellite Town - Block E, Satellite Town",,,106
14 Marla Plot For Sale In Safari Villas Bahria Town Rawalpindi,,"Bahria Town - Safari Villas, Bahria Town Rawalpindi",,,106
10 Marla Extra Land Plot For Sale In Bahria Town Rawalpindi,,"Bahria Town Phase 3, Bahria Town Rawalpindi",,,106
10 Marla on Boulevard Plot.,,"Bahria Town Phase 8, Bahria Town Rawalpindi",,,107
5 Marla Plot for Sale in Rafi Block Bahria Town Phase 8 Rawalpindi,,"Bahria Town Phase 8 - Safari Valley, Bahria Town Phase 8",,,107
Hot Investment Opportunity 10 Marla Balloted Plot For Sale In NOC Approved Society,,"Silver City, Girja Road",,,107
Your Search For Residential Plot In UpCountry Enclosures Housing Society Block F Ends Here,,"UpCountry Enclosures Housing Society, Rawalpindi",,,107
Reserve A Residential Plot Of 1250 Square Feet Now In UpCountry Enclosures Housing Society Block F,,"UpCountry Enclosures Housing Society, Rawalpindi",,,107
4500 Square Feet Residential Plot Ideally Situated In UpCountry Enclosures Housing Society Block F,,"UpCountry Enclosures Housing Society, Rawalpindi",,,107
Own A Residential Plot In 1800 Square Feet UpCountry Enclosures Housing Society,,"UpCountry Enclosures Housing Society, Rawalpindi",,,107
Ideally Located Residential Plot For sale In UpCountry Enclosures Housing Society Available,,"UpCountry Enclosures Housing Society, Rawalpindi",,,107
River View Commercial Plot Possession Utility Charges Paid,,"River View Commercial, Bahria Town Phase 7",,,107
10 Marla Commercial All Paid Investor Rate,,"River View Commercial, Bahria Town Phase 7",,,107
Overseas3 Plot Back Open View Ideal Location Ready To Construction,,"Bahria Greens - Overseas Enclave - Sector 3, Bahria Greens - Overseas Enclave",,,107
Overseas 5 5m Plot All Paid For Sale,,"Bahria Greens - Overseas Enclave - Sector 5, Bahria Greens - Overseas Enclave",,,107
River View Commercial Plot Investor Rate Available For Sale,,"River View Commercial, Bahria Town Phase 7",,,107
Sector F3 Kanal Plot 1381gg Top Height Solid Cutting Area Possession Utility Charges Paid More Details Contact,,"Bahria Town Phase 8 - Sector F-3, Bahria Town Phase 8",,,107
10 Marla Plot For Sale In Bahria Ahria Town Phase 8 Sector F1,,"Bahria Town Phase 8 - Sector F-1, Bahria Town Phase 8",,,107
Bahria 23 Marla VIP location Intellectual Village,,"Bahria Intellectual Village, Bahria Town Rawalpindi",,,107
10 Marla Plot For Sale In Bahria Town Phase 8 L Block,,"Bahria Town Phase 8 - Block L, Bahria Town Phase 8",,,107
Bahira Town Phase 8 Sector C,,"Bahria Town Phase 8 - Block C, Bahria Town Phase 8",,,107
"Bahria Town Phase 8, Usman Block",,"Bahria Town Phase 8 - Usman Block, Bahria Town Phase 8 - Safari Valley",,,107
"Bahria Town Phase 8, Usman Block",,"Bahria Town Phase 8 - Usman Block, Bahria Town Phase 8 - Safari Valley",,,107
"Bahria Town Phase 8, Sector G Plot For Sale",,"Bahria Town Phase 8 - Block G, Bahria Town Phase 8",,,107
7 Marla Possession Plots For Sale Bahria Town Phase 8,,"Bahria Town Phase 8, Bahria Town Rawalpindi",,,107
5 Marla Possession Plots For Sale Bahria Town Phase 8,,"Bahria Town Phase 8, Bahria Town Rawalpindi",,,107
10 Marla Possession Residential Plots For Sale Bahria Town Phase 8,,"Bahria Town Phase 8, Bahria Town Rawalpindi",,,107
1 Kanal Possession Plot for Sale Bahria Town Phase 8,,"Bahria Town Phase 8, Bahria Town Rawalpindi",,,107
16 Kanal Plot For Sale,,"Rawat Industrial Estate, Rawalpindi",,,108
11 Marla commercial/industrial plot,,"Rawat Industrial Estate, Rawalpindi",,,108
1.5 Kanal Industrial One Trade Plot,,"Rawat Industrial Estate, Rawalpindi",,,108
10 Marla Prime Plot On Main 180-Ft Boulevard Tulip Block | A Landmark Opportunity In A VVIP Community,,"Taj Residencia, Rawalpindi",,,108
10 Marla Ready for Construction Plot For Sell At Very Reasonable Price Block L Bahria Town Phase 8 Rawalpindi,,"Bahria Town Phase 8 - Block L, Bahria Town Phase 8",,,108
9.5 Marla Residential Plot For Sale L Block,,"Bahria Town Phase 8 - Block L, Bahria Town Phase 8",,,108
Commercial Plot For Sale In River View Bahria Town Phase 8,,"River View Commercial, Bahria Town Phase 7",,,108
7 Marla Residential Plot Available For Sale.,,"PGSHF - Block C, Punjab Government Servant Housing Foundation (PGSHF)",,,108
Opposite Holly Familly Hospital Gate 1 - Plot,,"Satellite Town - Block E, Satellite Town",,,108
2.5 Marla plot iideal location with dbc n electric metre installed,,"Snober City, Adiala Road",,,108
7 Marla Plot With 7 Marla Extra Land Corner Catagery Solid Land Front Open,,"Punjab Government Servant Housing Foundation (PGSHF), Rawalpindi",,,108
Ideal Residential Plot Is Available For Sale In Chakbeli Road,,"Chakbeli Road, Rawalpindi",,,108
20 Marla Corner Plot For Sale Lakhu Road Rawalpindi,,"Lakhu Road, Rawalpindi",,,108
5 Kanal Farmhouse land For Sale,,"Chakbeli Road, Rawalpindi",,,108
PLOT FOR SALE,,"Bahria Paradise, Bahria Town Rawalpindi",,,108
Top Heighted Front Backopen Blvd Category,,"Bahria Town Phase 8 - Block L, Bahria Town Phase 8",,,108
Ideal Residential Plot For Sale In Bahria Town Phase 8 - Block H,,"Bahria Town Phase 8 - Block H, Bahria Town Phase 8",,,108
Ideal Residential Plot Is Available For Sale In Rawalpindi,,"Bahria Town Phase 8 - Block L, Bahria Town Phase 8",,,108
Near To Future School Blvd Category Plot For Sale,,"Bahria Town Phase 8 - Block I, Bahria Town Phase 8",,,108
Backopen With Extraland Plot No 111,,"Bahria Greens - Overseas Enclave - Sector 2, Bahria Greens - Overseas Enclave",,,108
Corner Plot 604 13 Marla Plot,,"Bahria Town Phase 8 - Block G, Bahria Town Phase 8",,,108
Builder'S Deal,,"Bahria Town Phase 8 - Block P, Bahria Town Phase 8",,,108
SCHOOL PLOT,,"Bahria Town Phase 7, Bahria Town Rawalpindi",,,108
Plot no 884a solid land near to future world school,,"Bahria Town Phase 8 - Block A, Bahria Town Phase 8",,,108
Plot No 14 Size 13 Marla Near To Expressway,,"Bahria Town Phase 8 - Block C, Bahria Town Phase 8",,,108
Lane 04 plot no 41 near to Sarwar mosque and save mart,,"Bahria Hills, Bahria Town Phase 8",,,109
Huge Front 70 Feet Dead End Corner,,"Bahria Town Phase 8 - Block B, Bahria Town Phase 8",,,109
Forever Backopen 15 Marla Plot Top Heighted,,"Bahria Town Phase 8 - Block H, Bahria Town Phase 8",,,109
Huge Front 42 Feet And Size 18 Marla Paid,,"Bahria Town Phase 8 - Block H, Bahria Town Phase 8",,,109
On Excellent Location sale The Ideally Located Residential Plot For An Incredible Price Of Pkr Rs. 8100000,,"Bahria Town Phase 8 - Umer Block, Bahria Town Phase 8 - Safari Valley",,,109
Get Your Dream Residential Plot In Bahria Greens - Overseas Enclave - Sector 5 Rawalpindi,,"Bahria Greens - Overseas Enclave - Sector 5, Bahria Greens - Overseas Enclave",,,109
10 Marla Ready To Construct Boulevard Residential Plot For Sale In Bahria Town Phase 8 Rawalpindi,,"Bahria Town Phase 8 - Sector F-3, Bahria Town Phase 8",,,109
5 Marla Plot for Sale in Saffron City Rawalpindi,,"Saffron City, GT Road",,,109
1 Kanal Park Face Plot Available For Sale,,"UpCountry Enclosures Housing Society, Rawalpindi",,,109
Boulevard Corner Rare Plot In The Row 4545 Size,,"Bahria Town Phase 8 - Block E, Bahria Town Phase 8",,,109
10 Marla Posessionable Plot For Sale,,"Taj Residencia, Rawalpindi",,,109
2 Kanal Ready For Construction Possession Plot Available For Sale In Capital Smart City,,"Capital Smart City Overseas - Block J, Capital Smart City Overseas",,,109
A Spacious 7 Marla Residential Plot In Bahria Town Phase 8 - Usman Block,,"Bahria Town Phase 8 - Usman Block, Bahria Town Phase 8 - Safari Valley",,,109
1 Kanal Prime Residential Plot For Sale In G Block,,"Bahria Town Phase 8 - Block G, Bahria Town Phase 8",,,109
47 Marla Prime Plot For Sale In Club City Ideal For Luxury Living & Investment,,"Bahria Town Phase 8 - Club City, Bahria Town Phase 8",,,109
Good 10 Marla Residential Plot For Sale In Bahria Town Phase 8 - Block L,,"Bahria Town Phase 8 - Block L, Bahria Town Phase 8",,,109
Hight Full View Plot For Sale In Safari Villas Bahria Town,,"Bahria Town - Safari Villas, Bahria Town Rawalpindi",,,109
1 Kanal Corner Plot For Sale In Bahria Town Rawalpindi,,"Bahria Town Phase 2, Bahria Town Rawalpindi",,,109
11 Marla Plot 2 Marla B Category Not Paid Plot For Sale,,"Bahria Town Phase 8 - Block B, Bahria Town Phase 8",,,109
Industrial Plot For Sale,,"Rawat Industrial Estate, Rawalpindi",,,109
Industrial Plot For Sale,,"Rawat Industrial Estate, Rawalpindi",,,109
L PlotA # 514 Street # 33 Size 10 Marla Phase 8 Bahria Town Rawalpindi,,"Bahria Town Phase 8 - Block L, Bahria Town Phase 8",,,109
Saffron City Signature Commercial Plots On Installments,,"Saffron City, GT Road",,,109
Residential Plot For sale In Beautiful Bahria Town Phase 8 - Sector F-3,,"Bahria Town Phase 8 - Sector F-3, Bahria Town Phase 8",,,109
Buy A 10 Marla Residential Plot For sale In Bahria Town Phase 8 - Block D,,"Bahria Town Phase 8 - Block D, Bahria Town Phase 8",,,109
4 Kanal Plot In Bahria Phase 8 Club City,,"Bahria Town Phase 8 - Club City, Bahria Town Phase 8",,,110
Residential Plot For Sale In Bahria Town Phase 8 A Block,,"Bahria Town Phase 8 - Block A, Bahria Town Phase 8",,,110
Good 10 Marla Residential Plot For Sale In Bahria Town Phase 8 - Block L,,"Bahria Town Phase 8 - Block L, Bahria Town Phase 8",,,110
Ring Road Residency & | 5 Marla Plots With 75% House Support & Instant Possession,,"Chakbeli Road, Rawalpindi",,,110
Most Prime Location Plot,,"Bahria Town Phase 8 - Block C, Bahria Town Phase 8",,,110
7 Marla Plot For Sale,,"Punjab Government Servant Housing Foundation (PGSHF), Rawalpindi",,,110
Corner Plot 1 Kanal Size,,"Bahria Town Phase 8 - Block I, Bahria Town Phase 8",,,110
Defence Road 3 Marla Plot Is Available For Sale,,"Defence Road, Rawalpindi",,,110
Investment Plot For Sale In Khalid Block,,"Bahria Town Phase 8 - Khalid Block, Bahria Town Phase 8 - Safari Valley",,,110
5 Marla Commercial Plot For Sale In H Block,,"Bahria Town Phase 8 - Block H, Bahria Town Phase 8",,,110
Lake View 10 Marla Plot For Sale Premium Location 1.85 Crore,,"Bahria Town Phase 8 - Eden Lake View Block, Bahria Town Phase 8",,,110
1 Kanal Boulevard Corner Plot For Sale In Civic Centre Prime Location,,"Bahria Town - Civic Centre, Bahria Town Phase 4",,,110
10 Marla Corner Plot For Sale In Rahe Sakoon Colony Adyala Road Rawalpindi,,"Adiala Road, Rawalpindi",,,110
Unoccupied Residential Plot Of 5 Marla Is Available For sale In Dhamyal Road,,"Bank Colony, Dhamyal Road",,,110
Plot for Sale in Bahria Town Phase 8-Commercial Plot in Rafi Block,,"Bahria Town Phase 8 - Rafi Block, Bahria Town Phase 8",,,110
"7 Marla Residential Plot For Sale In Gorakhpur, Rawalpindi",,"Gorakhpur, Rawalpindi",,,110
Commercial Plot In Paradise Commercial Main Location Investment,,"Bahria Paradise, Bahria Town Rawalpindi",,,110
10 Marla Plot Ready To Construct,,"Gulshan Abad Sector 1, Gulshan Abad",,,110
5 Marla Residential Plot,,"Gulshan Abad, Rawalpindi",,,110
1 Kanal Residential Plot Main Boulevard,,"Gulshan Abad Sector 1, Gulshan Abad",,,110
Bahria Town Phase 8 - Block A Residential Plot Sized 1 Kanal For Sale,,"Bahria Town Phase 8 - Block A, Bahria Town Phase 8",,,110
"10 Marla Commercial Plot for Sale Prime Location, Bahria Town Phase 8, Rawalpindi",,"Bahria Town Phase 8, Bahria Town Rawalpindi",,,110
"1 Kanal Back Open Basement Plot For Sale A Block, Bahria Town Phase 8, Rawalpindi",,"Bahria Town Phase 8 - Block A, Bahria Town Phase 8",,,110
"5 Marla Plot For Sale Prime Location On Adiala Road, Rawalpindi",,"Adiala Road, Rawalpindi",,,110
5 Marla Plot For Sale,,"Bahria Town Phase 8, Bahria Town Rawalpindi",,,110
"10 Marla Prime Location Residential Plot For Sale In Sector H, Bahria Phase 8 Rawalpindi",,"Bahria Town Phase 8 - Block H, Bahria Town Phase 8",,,111
"4 Marla Plot For Sale - Lop Plot , Rda Approved Land",,"Snober City, Adiala Road",,,111
6 Marla Commercial Plot For Sale,,"Bahria Town Phase 8, Bahria Town Rawalpindi",,,111
5 Marla Plots Available (Down Town )Blue World City,,"Blue World City, Chakri Road",,,111
5 Marla Plot Available Block A Saffron City,,"Saffron City, GT Road",,,111
5 Marla Plot For Sale In Saffron City,,"Saffron City, GT Road",,,111
"1 Kanal Prime Plot For Sale In Orchid Block, Taj Residencia Possession Ready | Ideal For Luxury Living & Investment",,"Taj Residencia - Orchard Block, Taj Residencia",,,111
10+8 Marla Extra Land Paid. All Paid Plot,,"Bahria Town Phase 8 - Block I, Bahria Town Phase 8",,,111
1kanal+12marla Extraland Paid Plot,,"Bahria Town Phase 8 - Block P, Bahria Town Phase 8",,,111
10 Marla 3 Plot For Sale,,"Bahria Town Phase 8 - Block I, Bahria Town Phase 8",,,111
Top Highted Location Plot For Sale,,"Bahria Hamlet, Bahria Town Phase 8",,,111
Park Face All Paid Extra Land Plot 305sqyds,,"Bahria Town Phase 8, Bahria Town Rawalpindi",,,111
Plot For Sale In Silver City Size 5 Marla Block D,,"Silver City - Sector D, Silver City",,,111
RDA APPROVED SOCIETY DEVELOPED POSSESSION PLOT READY TO MOVE,,"Silver City, Girja Road",,,111
Chaklala Scheme 1 Plot For Sale Good Location One Kanal,,"Chaklala Scheme 1, Chaklala Scheme",,,111
Prime Location 5 Marla Residential Plot,,"Punjab Government Servant Housing Foundation (PGSHF), Rawalpindi",,,111
1 Kanal Corner Plot Near To Lake Outstanding Location Very Near From Round About,,"Punjab Government Servant Housing Foundation (PGSHF), Rawalpindi",,,111
10 MARLA Plot NEAR TO PARK For Sale,,"Punjab Government Servant Housing Foundation (PGSHF), Rawalpindi",,,111
10 Marla Plot At B1 Block For Sale,,"Punjab Government Servant Housing Foundation (PGSHF), Rawalpindi",,,111
24 Marla PLOT FOR Sale Extra Land Paid,,"Punjab Government Servant Housing Foundation (PGSHF), Rawalpindi",,,111
5 Marla Plot For Sale Overseas 5 Block,,"Bahria Greens - Overseas Enclave - Sector 5, Bahria Greens - Overseas Enclave",,,111
5 Marla Commercial Plot In Overseas 6 Prime Business Location For Sale,,"Bahria Greens - Overseas Enclave - Sector 6, Bahria Greens - Overseas Enclave",,,111
Get An Attractive Residential Plot In Rawalpindi For Sale,,"Bahria Town Phase 8 - Block A, Bahria Town Phase 8",,,111
Bahria Town Overseas 2 Plot For Sale Secure & Profitable Investment,,"Bahria Greens - Overseas Enclave - Sector 2, Bahria Greens - Overseas Enclave",,,111
10 Marla Residential Plot For Sale Overseas-3 Main Boulevard Prime Location,,"Bahria Greens - Overseas Enclave - Sector 3, Bahria Greens - Overseas Enclave",,,111
"10 Marla Corner Residential Plot For Sale F-2 Block, Bahria Town Phase 8 Rawalpindi",,"Bahria Town Phase 8 - Sector F-2, Bahria Town Phase 8",,,112
5 Marla Plot For Sale Overseas 5 Block,,"Bahria Greens - Overseas Enclave - Sector 5, Bahria Greens - Overseas Enclave",,,112
Get In Touch Now To Buy A Residential Plot In Bahria Town Phase 8 - Bahria Orchard Rawalpindi,,"Bahria Town Phase 8 - Bahria Orchard, Bahria Town Phase 8",,,112
8 Marla Residential Plot For Sale In Rafi Prime Location 75 Lakh,,"Bahria Town Phase 8 - Rafi Block, Bahria Town Phase 8",,,112
J Block 10 Marla Boulevard Plot For Sale Prime Location 75,,"Bahria Town Phase 8 - Block J, Bahria Town Phase 8",,,112
Centrally Located Residential Plot In Media Town - Block B Is Available For Sale,,"Media Town - Block B, Media Town",,,112
"COMMERCIAL & RESIDENTIAL PLOT FOR SALE IDEAL FOR BUILDERS & DEVELOPERS - Plot No. 14, Affandi Colony, Near Bilal Hospital & C-Block, Satellite Town, Rawalpindi",,"Affandi Colony, Rawalpindi",,,112
"UP COUNTRY ENCLOSURE REQUIRED PLOTS 5 MARLA PLOT ON CASH PAYMENT BLOCK F ,G ,H, HA ONLY SERIOUS SALLER & BUYERS",,"UpCountry Enclosures Society - Block H, UpCountry Enclosures Housing Society",,,112
Get In Touch Now To Buy A 2800 Square Feet Residential Plot In Media Town Media Town,,"Media Town, Rawalpindi",,,112
2800 Square Feet Spacious Residential Plot Is Available In Media Town For Sale,,"Media Town, Rawalpindi",,,112
A Residential Plot Of 10 Marla,,"Gulshan Abad Sector 2, Gulshan Abad",,,112
Plot For Sell In Cbr Town Phase 2 Rawalpindi,,"CBR Town Phase 2 - Block D, CBR Town Phase 2",,,112
33 Marla Corner With Extra Land Plot For Sale,,"Bahria Town Phase 8 - Block A, Bahria Town Phase 8",,,112
12 Marla Main Boulevard Corner Plot For Sale In Media Town Rawalpindi.,,"Media Town, Rawalpindi",,,112
Bahria Town Phase 10-Marla Plot For Sale At Investor'S Price. Plot 713. Ideal plot for Basement Lovers.,,"Bahria Town Phase 7, Bahria Town Rawalpindi",,,112
5 Marla Plot for Sale in Rafi Block Prime Location,,"Bahria Town Phase 8 - Rafi Block, Bahria Town Phase 8",,,112
Rare 2 Kanal Pair Plot Opportunity | P Block | Possession & Utilities Paid,,"Bahria Town Phase 8 - Block P, Bahria Town Phase 8",,,112
PARK FACE CORNER BEAUTIFUL PLOT IN PHASE 7,,"Bahria Town Phase 7, Bahria Town Rawalpindi",,,112
7.5 Marla Corner Ready To Construction Plot For Sale,,"Bahria Town Phase 8 - Block M, Bahria Town Phase 8",,,112
"Ideal 5 Marla Residential Plot has landed on market in UpCountry Enclosures Housing Society, UpCountry Enclosures Housing SoBlock Fciety",,"UpCountry Enclosures Housing Society, Rawalpindi",,,112
Spacious Residential Plot Is Available In UpCountry Enclosures Housing Society For sale,,"UpCountry Enclosures Housing Society, Rawalpindi",,,112
In UpCountry Enclosures Housing Society 5 Marla Residential Plot For Sale,,"UpCountry Enclosures Housing Society, Rawalpindi",,,112
UpCountry Enclosures Housing Society Residential Plot For sale Sized 10 Marla,,"UpCountry Enclosures Housing Society, Rawalpindi",,,112
Ideal Residential Plot For Sale In Bahria Greens - Overseas Enclave - Sector 5,,"Bahria Greens - Overseas Enclave - Sector 5, Bahria Greens - Overseas Enclave",,,112
7.3 Marla Front & Back Open Commercial Plot For Sale In Rafi Block,,"Bahria Town Phase 8 - Rafi Block, Bahria Town Phase 8",,,112
5 Marla Commercial Plot For Sale In Hilltop Prime Location 2.90 Crore,,"Bahria Town Phase 8 - Hill Top Commercial, Bahria Town Phase 8",,,113
Buy Your Ideal Good Location 2 Kanal Residential Plot In A Prime Location Of Rawalpindi,,"Bahria Hills, Bahria Town Phase 8",,,113
"Change Your Address To On Excellent Location Bahria Town Phase 8 - Ali Block, Rawalpindi For A Reasonable Price",,"Bahria Town Phase 8 - Ali Block, Bahria Town Phase 8 - Safari Valley",,,113
5 Marla Plot For Sale,,"Punjab Government Servant Housing Foundation (PGSHF), Rawalpindi",,,113
In Punjab Government Servant Housing Foundation (PGSHF),,"Punjab Government Servant Housing Foundation (PGSHF), Rawalpindi",,,113
"7 Marla Commercial Plot for Sale In Rafi Block, Phase 8, Bahria Town Rawalpindi",,"Bahria Town Phase 8 - Rafi Block, Bahria Town Phase 8",,,113
Ideally Located Commercial Plot Of 5 Marla Is Available For Sale In Rawalpindi,,"Bahria Town Phase 8 - E Commercial, Bahria Town Phase 8",,,113
"9.5 Marla Extra Land Residential Corner Plot In Rafi Block, Phase8, Bahria Town Rawalpindi",,"Bahria Town Phase 8 - Rafi Block, Bahria Town Phase 8",,,113
IDEAL LOCATION PLOT FOR SALE,,"Bahria Town Phase 8 - Block H, Bahria Town Phase 8",,,113
Residential Plot Available For Sale In Punjab Government Servant Housing Foundation (PGSHF),,"Punjab Government Servant Housing Foundation (PGSHF), Rawalpindi",,,113
5 Marla Plot In Sector E Of Overseas East,,"Capital Smart City Overseas - Block E, Capital Smart City Overseas",,,113
2 Kanal Plot For Sale In Overseas Block Main Boulevard Prime Location,,"Bahria Greens - Overseas Enclave - Sector 3, Bahria Greens - Overseas Enclave",,,113
F3 10 Marla Plot For Sale Best Investment Option,,"Bahria Town Phase 8 - Sector F-3, Bahria Town Phase 8",,,113
Corner 1 Kanal Residential Plot In Stunning Bahria Town Phase 8 - Block P Is Available For Sale,,"Bahria Town Phase 8 - Block P, Bahria Town Phase 8",,,113
Corner Residential Plot For Sale,,"Bahria Town Phase 8 - Umer Block, Bahria Town Phase 8 - Safari Valley",,,113
E3 5 Marla Plot For Sale Best Investment Option | 58 Lakhs,,"Bahria Town Phase 8 - Sector E-3, Bahria Town Phase 8",,,113
7 Marla Plot For Sale,,"Bahria Town Phase 8 - Abu Bakar Block, Bahria Town Phase 8 - Safari Valley",,,113
"1 Kanal (50' 90') Elevated Plot For Sale Direct Owner Judicial Colony, Islamabad",,"Judicial Colony, Rawalpindi",,,113
9 Marla Property,,"Gulshan-e-Iqbal, Rawalpindi",,,113
10 Solid Level Plot Available For Sale,,"Bahria Town Phase 7, Bahria Town Rawalpindi",,,113
Ready For Construction Plot Available For Sale,,"Capital Smart City Executive - Block B, Capital Smart City Executive",,,113
5 Marla Residential Plot For sale In Bahria Town Phase 8 - Block L,,"Bahria Town Phase 8 - Block L, Bahria Town Phase 8",,,113
1 Kanal Possession Plot Available For Sale In Csc,,"Capital Smart City Overseas - Block B, Capital Smart City Overseas",,,113
8 Marla Commercial Plot Exe Balloted Available For Sale In Capital Smart City,,"Capital Smart City Executive, Capital Smart City",,,113
Commerical Plot For Sale F Block,,"Satellite Town - Block F, Satellite Town",,,113
BEST LOCATION 10 MARLA PLOT FOR SALE,,"Bahria Town Phase 8 - Sector F-1, Bahria Town Phase 8",,,114
TAJ RESIDENCIA Lilly Block Size 6mrla Corner Plot For Sale All Dues Clear 95Lac,,"Taj Residencia - Lily Block, Taj Residencia",,,114
Up Country Block -F Plot Size 5mrla Corner Plot Demand :38Lac,,"UpCountry Enclosures Society - Block F, UpCountry Enclosures Housing Society",,,114
Facing Park Ideal Location Plot For Sale,,"Qurtaba City, Lahore Islamabad Motorway",,,114
1 Kanal Residential Plot Available For Sale.,,"Gulshan Abad Sector 3, Gulshan Abad",,,114
5 Marla Plot Available For Sale,,"Bahria Town Phase 8 - Sector E-4, Bahria Town Phase 8",,,114
Plot For Sale In Bahria Town Phase 8 7 Marla Plot Best Investment Opportunity,,"Bahria Town Phase 8 - Umer Block, Bahria Town Phase 8 - Safari Valley",,,114
5 Marla Plot For Sale,,"Airport Housing Society - Sector 4, Airport Housing Society",,,114
PRIME LOCATION SOLID LAND PLOT FOR SALE,,"Bahria Town Phase 8 - Block P, Bahria Town Phase 8",,,114
IDEAL LOCATION 10 MARLA PLOT NEAR MAIN ROAD,,"Bahria Town Phase 8 - Sector F-2, Bahria Town Phase 8",,,114
PRIME LOCATION SOLID LAND PLOT FOR SALE,,"Bahria Town Phase 8 - Block I, Bahria Town Phase 8",,,114
12 MARLA PRIME LOCATION SOLID LAND PLOT FOR SALE,,"Bahria Town Phase 8 - Block A1, Bahria Town Phase 8",,,114
SOLID LAND PLOT NEAR TO MAIN ROAD FOR SALE,,"Bahria Town Phase 8 - Sector F-2, Bahria Town Phase 8",,,114
MAIN ROAD 10 MARLA CORNER PLOT FOR SALE,,"Bahria Town Phase 8 - Block K, Bahria Town Phase 8",,,114
SECTOR C SOLID LAND PLOT,,"Bahria Town Phase 8 - Block C, Bahria Town Phase 8",,,114
SECTOR B PLOT FOR SALE,,"Bahria Town Phase 8 - Block B, Bahria Town Phase 8",,,114
5 Marla Plot For Sale,,"Rose Garden, Bahria Town Phase 8",,,114
5 Marla Plot Available For Sale,,"Bahria Town Phase 8 - Sector E-4, Bahria Town Phase 8",,,114
10 Marla Plot For Sale In Bahria Town Rawalpindi,,"Bahria Town Phase 4, Bahria Town Rawalpindi",,,114
Hot Deal Block A Media town,,"Media Town - Block A, Media Town",,,114
Hot Deal 12 Marla Residential Plot For Sale In Block D.,,"Media Town - Block D, Media Town",,,114
Hot Deal.   12 Marla Residential Plot In Block B,,"Media Town - Block B, Media Town",,,114
Level Plot For Sale Investor Rate Best Location Main Street. 30ft,,"Airport Housing Society, Rawalpindi",,,114
On Excellent Location 22 Marla Residential Plot In Bahria Greens - Overseas Enclave - Sector 1 Is Available For sale,,"Bahria Greens - Overseas Enclave - Sector 1, Bahria Greens - Overseas Enclave",,,114
8 Marla Residential Plot Is Available In Affordable Price In Bahria Town Phase 8 - Abu Bakar Block,,"Bahria Town Phase 8 - Abu Bakar Block, Bahria Town Phase 8 - Safari Valley",,,114
5 Marla Plot For Sale In A & B. Blocks,,"Saffron City, GT Road",,,115
5 Marla Plot For Sale In A & B Blocks,,"Saffron City, GT Road",,,115
1 Kanal Plot Available For Sale Near Round About Also Very Near From Main Bulevard,,"Punjab Government Servant Housing Foundation (PGSHF), Rawalpindi",,,115
For Sale 10 M Plot Open Transfer F3 Heighted Location Ph 8 Bahria Town,,"Bahria Town Phase 8 - Sector F-3, Bahria Town Phase 8",,,115
For Sale L Block 10 Marla Plot Best Location Solid Land Phase 8 Bahria Town,,"Bahria Town Phase 8 - Block L, Bahria Town Phase 8",,,115
Urgent Sale 10 MarlaHeighted Plot Block F3 Bahria Town Ph 8,,"Bahria Town Phase 8 - Sector F-3, Bahria Town Phase 8",,,115
Urgent Sale Safari Valley 10 M Plot Sale,,"Bahria Town Phase 8 - Safari Valley, Bahria Town Phase 8",,,115
Prime Location Plot 7.5 Marla In Safari Valley Phase 8 Bahria Town,,"Bahria Town Phase 8, Bahria Town Rawalpindi",,,115
Urgent Sale 5 Marla Ready Plot Near Fatma Jinnah University Chakri Road,,"Chakri Road, Rawalpindi",,,115
10 Marla Corner Plot For Sale In Rahe Sakoon Adyala Road,,"Adiala Road, Rawalpindi",,,115
UP COUNTRY ENCLOSURE RDA APPROVED 5 MARLA PLOT AVAILABLE FOR SALE,,"UpCountry Enclosures Society - Block F, UpCountry Enclosures Housing Society",,,115
"5.25 Marla Premium Corner & Park-Facing Plot | Block D | PGSHF, Adyala Road, Rawalpindi",,"Punjab Government Servant Housing Foundation (PGSHF), Rawalpindi",,,115
Corner 30 Marla Plot 3 Side Open,,"Bahria Hamlet, Bahria Town Phase 8",,,115
3 Marla Commercial Ground Plus 2 Approved,,"Bahria Town Phase 8 - Block G, Bahria Town Phase 8",,,115
13 Marla Plot With 50 Feet Front,,"Bahria Town Phase 8 - Block I, Bahria Town Phase 8",,,115
Ready For Construction Fully Developed Plot For Sale,,"Bahria Town Phase 8 - Block N, Bahria Town Phase 8",,,115
Plot Is Available For Sale In Street No 41 Plot No 1317,,"Bahria Town Phase 8 - Block E, Bahria Town Phase 8",,,115
Main Blvd Back Solid Land Near To Mosque And Commerical Area Plot For Sale,,"Bahria Town Phase 8 - Umer Block, Bahria Town Phase 8 - Safari Valley",,,115
Blvd Category Level Plot With Extra Land Plot,,"Bahria Town Phase 8 - Block I, Bahria Town Phase 8",,,115
Near To Future School And Main Expressway,,"Bahria Town Phase 8 - Block H, Bahria Town Phase 8",,,115
5 Marla Allotment Plus Registry Plot,,"Bahria Town Phase 8 - Ali Block, Bahria Town Phase 8 - Safari Valley",,,115
Residential Plot For Sale Situated In Bahria Town Phase 8 - Block P,,"Bahria Town Phase 8 - Block P, Bahria Town Phase 8",,,115
"8 Marla Beautiful Back-Open Plot For Sale Bahria Town Phase 8, Rawalpindi",,"Bahria Town Phase 8 - Block J, Bahria Town Phase 8",,,115
10 Marla Level Plot On Prime Location For Sale,,"Bahria Greens - Overseas Enclave - Sector 2, Bahria Greens - Overseas Enclave",,,115
1 Kanal Plot On Prime Location Of Bahria Town,,"Bahria Intellectual Village, Bahria Town Rawalpindi",,,115
2 Kanal Corner Heighted Plot For Sale,,"Bahria Intellectual Village, Bahria Town Rawalpindi",,,116
10 Marla Near To School And Masjid Plot For Sale,,"Bahria Town Phase 8 - Sector F-2, Bahria Town Phase 8",,,116
21 Marla Solid Land Level Plot For Sale,,"Bahria Town Phase 8 - Block P, Bahria Town Phase 8",,,116
Residential Plot Of 1 Kanal Is Available For Sale In Gulshan Abad Sector 2,,"Gulshan Abad Sector 2, Gulshan Abad",,,116
Premium 10 Marla Residential Plot Is Available For Sale In Rawalpindi,,"Gulshan Abad Sector 3, Gulshan Abad",,,116
22 Marla Heighted Location Plot For Sale,,"Bahria Town Phase 8 - Block B, Bahria Town Phase 8",,,116
10 Marla Back Open Plot For Sale,,"Bahria Town Phase 8 - Block M, Bahria Town Phase 8",,,116
29 Marla Corner Plot Near To Park And Masjid For Sale,,"Bahria Greens - Overseas Enclave - Sector 5, Bahria Greens - Overseas Enclave",,,116
8 Marla Plot For Sale On Reasonable Price,,"Bahria Town Phase 8 - Block J, Bahria Town Phase 8",,,116
7 Marla Plot For Sale In Usman Block - Phase VIII,,"Bahria Town Phase 8 - Usman Block, Bahria Town Phase 8 - Safari Valley",,,116
10 Marla Plot For Sale Near Mosque & Park In Bahria Phase 7,,"Bahria Town Phase 7, Bahria Town Rawalpindi",,,116
26 Marla Plot For Sale in Springs,,"Bahria Intellectual Village, Bahria Town Rawalpindi",,,116
28 Marla Plot For Sale In Overseas 5,,"Bahria Greens - Overseas Enclave - Sector 5, Bahria Greens - Overseas Enclave",,,116
5 Marla Plots Available Saffron City,,"Saffron City, GT Road",,,116
5 Marla Residential File For Sale In Saffron City Rawalpindi,,"Saffron City, GT Road",,,116
Residential Plot Of 10 Marla For Sale In Bahria Town Phase 8 - Block C Prime Location. Open Transfer.,,"Bahria Town Phase 8 - Block C, Bahria Town Phase 8",,,116
One Kanal Plot Near Business District Sector. B,,"Bahria Town Phase 8 - Block B, Bahria Town Phase 8",,,116
150 Square Yards Spacious Residential Plot Available In Kashmir Model Town - Phase 2 For sale,,"Kashmir Model Town - Phase 2, Kashmir Model Town",,,116
10 MARLA LEVEL PLOT IN ROSE BLOCK,,"Taj Residencia - Rose Block, Taj Residencia",,,116
5 Marla Plot For Sale 20 F Gali Gas Elec Water Cantt Board Easy Iss Misyal Beautiful Location,,"Ilyas Colony, Misryal Road",,,116
5 Marla Plot For Sale Cantt View Colony Near Misyal Road Easy Iss Rangr Raod,,"Cantt View Colony, Misryal Road",,,116
5 Marla Double Category Corner Boulevard Plot,,"Bahria Town Phase 8 - Bahria Orchard, Bahria Town Phase 8",,,116
232 Kanal Available For Sale,,"Bassali, Rawalpindi",,,116
11 Marla Corner Ready For Construction In Overseas 2,,"Bahria Greens - Overseas Enclave - Sector 2, Bahria Greens - Overseas Enclave",,,116
Top Of Line Near Park & Mosque,,"Bahria Greens - Overseas Enclave - Sector 5, Bahria Greens - Overseas Enclave",,,116
5 Marla Back Open Plot For Sale In Sector M,,"Bahria Town Phase 8 - Block M, Bahria Town Phase 8",,,117
8 Marla Solid Plot In Sector M,,"Bahria Town Phase 8 - Block M, Bahria Town Phase 8",,,117
Plot For Sale In Vip Excretion Airport Housing Society Rawalpindi,,"Airport Housing Society, Rawalpindi",,,117
6 Marla Plot For Kingdom Valley Members Adjustment Allowed,,"Kingdom Valley Islamabad, Rawalpindi",,,117
10 Marla Plot Rawalpindi Phase 8 Sector G,,"Bahria Town Phase 8, Bahria Town Rawalpindi",,,117
"Rare 38 Marla Natural Land Plot | Overseas 2, Street 16 | All Paid & Ready for Construction!",,"Bahria Greens - Overseas Enclave - Sector 2, Bahria Greens - Overseas Enclave",,,117
Ideal Location! 21 Marla 2nd-to-Corner Plot near Dua Chowk Overseas 5,,"Bahria Greens - Overseas Enclave - Sector 5, Bahria Greens - Overseas Enclave",,,117
"Prime Location Alert: 23 Marla Plot in D Block, Street 12",,"Bahria Town Phase 8 - Block D, Bahria Town Phase 8",,,117
Exceptional 10 Marla Height Plot | Block C (#1127-H) All Utilities & Possession Paid,,"Bahria Town Phase 8 - Block C, Bahria Town Phase 8",,,117
Premium 10 Marla Builder Location Plot | Block B (Plot#672) Fully Paid Possession & Utilities | Ready to Build!,,"Bahria Town Phase 8 - Block B, Bahria Town Phase 8",,,117
End Your Search For Residential Plot Here And Sale Now,,"Bahria Town Phase 3, Bahria Town Rawalpindi",,,117
Prime Location Bahria Town Phase 8 - Block M Residential Plot Sized 10 Marla For sale,,"Bahria Town Phase 8 - Block M, Bahria Town Phase 8",,,117
PHASE 7 ONE KANAL PLOT FOR SALE CORNER PLOT WITH EXTRA LAND SOLID LAND,,"Bahria Town Phase 7, Bahria Town Rawalpindi",,,117
Saffron City Residential Plot Sized 5 Marla,,"Saffron City, GT Road",,,117
1 Kanal Residential Plot Situated In Saffron City For Sale,,"Saffron City, GT Road",,,117
Saffron City Residential Plot Sized 10 Marla Is Available,,"Saffron City, GT Road",,,117
Bahria Town Rwp Sector E 10 Marla Plot Street Corner With Extra Land Sun Face Solid Land Heighted Location,,"Bahria Town Phase 8 - Block E, Bahria Town Phase 8",,,117
Sector G Umer Block Bulay Ward Plot For Sale,,"Bahria Town Phase 8, Bahria Town Rawalpindi",,,117
Reasonable 10 Merla Plot   Best Option,,"Bahria Town Phase 8, Bahria Town Rawalpindi",,,117
"5 Marla Solid Land Plot for Sale in Bahria Town Phase 8, I Block Prime Location",,"Bahria Town Phase 8 - Block I, Bahria Town Phase 8",,,117
Best Location 5 Marla Plot For Sale,,"Bahria Town Phase 8, Bahria Town Rawalpindi",,,117
Reasonable 10 Marla plot for sale,,"Bahria Town Phase 8, Bahria Town Rawalpindi",,,117
10 Marla Plot I Block For Sale,,"Bahria Town Phase 8, Bahria Town Rawalpindi",,,117
10 Marla Plot For Sale,,"Bahria Town Phase 8, Bahria Town Rawalpindi",,,117
Reasonable 5marla plot for sale,,"Bahria Town Phase 8, Bahria Town Rawalpindi",,,117
5 Marla Plot For Sale,,"Bahria Town Phase 8, Bahria Town Rawalpindi",,,118
Reasonable 5 Marla Plot For Sale,,"Bahria Town Phase 8, Bahria Town Rawalpindi",,,118
10 Marla Plot For Sale,,"Bahria Town Phase 8, Bahria Town Rawalpindi",,,118
Reasonable 10 Marla Plot For Sale,,"Bahria Town Phase 8, Bahria Town Rawalpindi",,,118
10 Marla Plot For Sale,,"Bahria Town Phase 8, Bahria Town Rawalpindi",,,118
5 Marla Prime Plot For Sale In Bahria Town Phase 8 Solid Land & Ready For Construction,,"Bahria Town Phase 8 - Sector E-3, Bahria Town Phase 8",,,118
10 Marla Plot For Sale,,"Bahria Town Phase 8, Bahria Town Rawalpindi",,,118
"7 Marla Residential Plot for Sale in Ali Block, Bahria Town Phase 8, Rawalpindi",,"Bahria Town Phase 8 - Ali Block, Bahria Town Phase 8 - Safari Valley",,,118
PARKFACE PLOT IN PH 2 BAHRIA TOWN,,"Bahria Town Phase 2, Bahria Town Rawalpindi",,,118
Best Plot For Construction/Investment,,"CBR Town Phase 2 - Block A, CBR Town Phase 2",,,118
Best Plot for Construction/Investment,,"CBR Town Phase 2 - Block A, CBR Town Phase 2",,,118
1 Kanal Main Boulevard Back Open Possession Ready To Construction Highted Location Plot Available For Sale On Investor Price In Tulip Block Taj Residencia,,"Taj Residencia - Tulip Block, Taj Residencia",,,118
1 Kanal Residential Plot Up For Sale In Gulshan Abad Sector 3,,"Gulshan Abad Sector 3, Gulshan Abad",,,118
Residential Plot Of 10 Marla Available For Sale In Gulshan Abad Sector 3,,"Gulshan Abad Sector 3, Gulshan Abad",,,118
A Well Designed Residential Plot Is Up For Sale In An Ideal Location In Rawalpindi,,"Gulshan Abad Sector 3, Gulshan Abad",,,118
5 Marla Residential Plot Available For Sale .,,"Gulshan Abad, Rawalpindi",,,118
Kanal Plot For Sale In Phase 1 Bahria Town Rawalpindi,,"Bahria Town Phase 1, Bahria Town Rawalpindi",,,118
10 Marla Plot For Sale In Phase 2 Bahria Town Rawalpindi,,"Bahria Town Phase 2, Bahria Town Rawalpindi",,,118
Main Boulevard Plot For Sale,,"Bahria Town Phase 8 Extension, Bahria Town Phase 8",,,118
Urgent For Sale Bahria Town Phase 8 Usman Block Full Highet Location Sold Land PU Paid Agreement And Meeting With Allotted Possible Full Develop Area 4km From Gt Road,,"Bahria Town Phase 8 - Usman Block, Bahria Town Phase 8 - Safari Valley",,,118
Residential Plot Of 15 Marla Is Available For Sale In Bahria Town Phase 8 - Block N,,"Bahria Town Phase 8 - Block N, Bahria Town Phase 8",,,118
Bahria Town Phase Sct E Bulider Choice 16 Marla Dead Conrner + Gernal 10 Marla Both Pair Plot Highet Locatiom 3 Side Open For Sell Just 11 Million,,"Bahria Town Phase 8 - Block E, Bahria Town Phase 8",,,118
Sale The Ideally Located Residential Plot For An Incredible Price Of Pkr Rs. 9000000,,"Bahria Town Phase 8 - Sector F-1, Bahria Town Phase 8",,,118
Plot For Sale In Overseas East (C) Capital Smart City,,"Capital Smart City Overseas - Block C, Capital Smart City Overseas",,,118
11 Marla Level Plot For Sale,,"Media Town, Rawalpindi",,,118
Commercial Plot For Sale On Main Kahuta Road,,"Kahuta, Rawalpindi",,,119
Bahria Town Rawalpindi Plot For Sale,,"Bahria Town - Civic Centre, Bahria Town Phase 4",,,119
Hot Location! 10 Marla Solid Land Plot For Sale Sector E,,"Bahria Town Phase 8 - Block E, Bahria Town Phase 8",,,119
5 Marla Solid Land Plot Ali Block,,"Bahria Town Phase 8 - Ali Block, Bahria Town Phase 8 - Safari Valley",,,119
Ready To Buy A Corner Residential Plot 7 Marla In Rawalpindi,,"Bahria Town Phase 8 - Usman Block, Bahria Town Phase 8 - Safari Valley",,,119
8 Marla Spacious Residential Plot Is Available In Bahria Town Phase 8 - Block J For sale,,"Bahria Town Phase 8 - Block J, Bahria Town Phase 8",,,119
3 Side Open Dead End Corner Plot,,"Gulshan Abad, Rawalpindi",,,119
1 Kanal Residential Plot In Rawalpindi Is Available For Sale,,"Bahria Greens - Overseas Enclave - Sector 1, Bahria Greens - Overseas Enclave",,,119
1 Kanal Possession Ready To Construction Main Boulevard Back Open Highted Location Plot Available For Sale On Investor Price In Taj Residencia Tulip Block,,"Taj Residencia - Tulip Block, Taj Residencia",,,119
17 Marla Corner Plot For Sale,,"Bahria Town Phase 7, Bahria Town Rawalpindi",,,119
1 Kanal Ideal Location Plot Near To Park And Masjid For Sale,,"Bahria Town Phase 8 - Block P, Bahria Town Phase 8",,,119
1 Kanal Heighted Location Solid Land Plot,,"Bahria Town Phase 8 - Block P, Bahria Town Phase 8",,,119
16 Marla Level Plot Near To Masjid For Sale,,"Bahria Intellectual Village, Bahria Town Rawalpindi",,,119
1 Kanal Plot On Prime Location For Sale,,"Bahria Intellectual Village, Bahria Town Rawalpindi",,,119
1 Kanal Plot On Prime Location For Sale,,"Bahria Town Phase 8 - Club City, Bahria Town Phase 8",,,119
1 Kanal Solid Land Plot With 6 Marla Extra Land For Sale,,"Bahria Greens - Overseas Enclave - Sector 5, Bahria Greens - Overseas Enclave",,,119
23 Marla Level Plot On Ideal Location For Sale,,"Bahria Town Phase 8 - Block D, Bahria Town Phase 8",,,119
BEAUTIFUL One Kanal Plot For Sale At Gulzar-E-Quaid,,"Gulzar-e-Quaid Housing Society, Rawalpindi",,,119
Prime Location 10 Marla Residential Plot #1767M For Sale At Investor'S Price In Bahria Town Phase 7 Rawalpindi,,"Bahria Town Phase 7, Bahria Town Rawalpindi",,,119
5 Kanal Commercial Plot For Sale Main Chak Beli Road,,"Chakbeli Road, Rawalpindi",,,119
22 Marla Level Plot On Reasonable Rate For Sale,,"Bahria Town Phase 8 - Usman D Block, Bahria Town Phase 8 - Safari Valley",,,119
5 Marla Top Heighted Level Plot For Sale,,"Bahria Town Phase 8 - Block L, Bahria Town Phase 8",,,119
10 Marla Corner Plot On Reasonable Rate For Sale,,"Bahria Town Phase 8 - Block K, Bahria Town Phase 8",,,119
13 Marla Back Open Heighted Location Plot For Sale,,"Bahria Town Phase 8 - Block E, Bahria Town Phase 8",,,119
3 Kanal Corner Plot For Sale,,"Bahria Greens - Overseas Enclave - Sector 1, Bahria Greens - Overseas Enclave",,,119
22 Marla Level Top Loaction Plot For Sale,,"Bahria Town Phase 8 - Usman D Block, Bahria Town Phase 8 - Safari Valley",,,120
26 Marla Back Open Solid Land Plot For Sale,,"Bahria Greens - Overseas Enclave - Sector 5, Bahria Greens - Overseas Enclave",,,120
Solid Land Stunning 12 Marla Residential Plot In Shadman Town Available,,"Shadman Town, Rawalpindi",,,120
Bahria Town Phase 7 Plot For Sale 23 Marla,,"Bahria Town Phase 7, Bahria Town Rawalpindi",,,120
9 Marla Residential Plot In Rawalpindi Is Available For sale,,"Bahria Town Phase 8 - Abu Bakar Block, Bahria Town Phase 8 - Safari Valley",,,120
Get In Touch Now To Buy A 5 Marla Residential Plot In Lake Vista,,"Lake Vista, Adiala Road",,,120
Beautifully Constructed Prime Location Residential Plot Is Available For Sale,,"Airport Housing Society - Sector 4, Airport Housing Society",,,120
6 Marla 25x60 Pack Plot For Sale Snober City Adyala Road,,"Adiala Road, Rawalpindi",,,120
Corner Plot Most Prime Locations For More Details Contact Us,,"Bahria Town Phase 7, Bahria Town Rawalpindi",,,120
Best Location Heighted Plot For More Details Contact Us,,"Bahria Town Phase 8 - Sector F-2, Bahria Town Phase 8",,,120
5 Marla Level Plot Develop Sector,,"Bahria Town Phase 8 - Block M, Bahria Town Phase 8",,,120
12 Marla Prime Location Residential Plot For Sale In Wakeel Lawyer Colony,,"Wakeel Colony, Islamabad Highway",,,120
SOLID LAND READY PLOT FOR SALE,,"Bahria Town Phase 8 - Block K, Bahria Town Phase 8",,,120
PRIME LOCATION LEVEL PLOT FOR SALE,,"Bahria Town Phase 8 - Sector F-4, Bahria Town Phase 8",,,120
BEST LOCATION SOLID LAND NEAR TO MASJID PLOT FOR SALE,,"Bahria Town Phase 8 - Block K, Bahria Town Phase 8",,,120
Investors Should sale This Residential Plot Located Ideally In Bahria Town Rawalpindi,,"Bahria Town Phase 8 - Block E, Bahria Town Phase 8",,,120
11 Marla Commercial/Industrial Plot,,"Rawat Industrial Estate, Rawalpindi",,,120
10 Marla Residential Plot In Bahria Town Phase 8 For sale,,"Bahria Town Phase 8, Bahria Town Rawalpindi",,,120
5 Marla Residential Plot For sale In Bahria Town Phase 8 - Block M,,"Bahria Town Phase 8 - Block M, Bahria Town Phase 8",,,120
Find Your Ideal Residential Plot In Rawalpindi Under Rs. 35000000,,"Bahria Town Phase 8 - Block A1, Bahria Town Phase 8",,,120
A Great Choice For A 12 Marla Residential Plot Available In Bahria Town Phase 8 - Block A1,,"Bahria Town Phase 8 - Block A1, Bahria Town Phase 8",,,120
Corner 8 Marla Residential Plot In Bahria Town Phase 8 - Block L For sale At Good Location,,"Bahria Town Phase 8 - Block L, Bahria Town Phase 8",,,120
Sale The Ideally Located Residential Plot For An Incredible Price Of Pkr Rs. 6800000,,"Bahria Town Phase 8 - Block L, Bahria Town Phase 8",,,120
You Can Find A Gorgeous Residential Plot For sale In Bahria Town Phase 8 - Block J,,"Bahria Town Phase 8 - Block J, Bahria Town Phase 8",,,120
Plot For Sale With A Beautiful Location,,"Punjab Government Servant Housing Foundation (PGSHF), Rawalpindi",,,120
10 Marla Plot For Sale In Media Town,,"Media Town, Rawalpindi",,,121
"20 Marla Ideal Location Plot Available For Sale,, Sector C, Qurtaba City, Rawalpindi/Islamabad",,"Qurtaba City Block C, Qurtaba City",,,121
5 Marla Residential Plot,,"Defence Road, Rawalpindi",,,121
For Sale 1 Kanal Plot In Bahria Town Phase 1,,"Bahria Town Phase 1, Bahria Town Rawalpindi",,,121
10 Marla 3570 Possession Ready To Construction Highted Location Plot Available For Sale On Investor Price In Taj Residencia Orchard Block,,"Taj Residencia - Orchard Block, Taj Residencia",,,121
10 Marla Possession Ready To Construction Highted Location Plot Available For Sale On Investor Price In Taj Residencia Rose Block,,"Taj Residencia - Rose Block, Taj Residencia",,,121
L Block 10 Marla Beautiful Plot Sale,,"Bahria Town Phase 8 - Block L, Bahria Town Phase 8",,,121
8 Marla Brand New Plot For Sale | Safari Home Sector B,,"Bahria Town Phase 8 - Safari Valley, Bahria Town Phase 8",,,121
1 Kanal Plot For Sale.,,"Shifa Cooperative Housing Society, Rawalpindi",,,121
15 Marla Residential Plot for Sale | L Block Bahria Town Phase 8 Rawalpindi | Prime Location | Best Investment Opportunity,,"Bahria Town Phase 8 - Block L, Bahria Town Phase 8",,,121
Get Your Dream Residential Plot In Bahria Town Phase 8 - Umer Block Rawalpindi,,"Bahria Town Phase 8 - Umer Block, Bahria Town Phase 8 - Safari Valley",,,121
Highly-Desirable Main Double Road Commercial Plot Available In Bahria Town Phase 8 - Block A1 For sale,,"Bahria Town Phase 8 - Block A1, Bahria Town Phase 8",,,121
Spacious 10 Marla Residential Plot Available For Sale In Bahria Town Phase 8 - Block L,,"Bahria Town Phase 8 - Block L, Bahria Town Phase 8",,,121
Backopen Forever Plot Is For Sale,,"Bahria Town Phase 8 - Block H, Bahria Town Phase 8",,,121
2nd To Corner Near To Malik Riaz Masjid,,"Bahria Town Phase 8 - Block B, Bahria Town Phase 8",,,121
Very Beautiful Residential Plot For Sale,,"Punjab Government Servant Housing Foundation (PGSHF), Rawalpindi",,,121
PRIME LOCATION NEAR BAHRIA HEAD OFFICE,,"Bahria Business District, Bahria Town Phase 8",,,121
"Park Facing Prime Plot Of 620 Sq. Yards In Bahria Phase 8 Club City, 120 Sqyd Extra Land.",,"Bahria Town Phase 8 - Club City, Bahria Town Phase 8",,,121
5 Marla Plot For Sale,,"Samarzar Housing Society, Rawalpindi",,,121
Commercial Plot For Sale,,"Bahria Spring North, Bahria Town Phase 7",,,121
Residential Plot For Sale,,"Bahria Hills, Bahria Town Phase 8",,,121
Blue World City - The WaterFront District,,"Blue World City, Chakri Road",,,121
5 Marla Corner Plot Very Near From Bulevard,,"Punjab Government Servant Housing Foundation (PGSHF), Rawalpindi",,,121
10 Marla Corner Main Bulevard Sun Face Outstanding Location,,"Punjab Government Servant Housing Foundation (PGSHF), Rawalpindi",,,121
10 Marla Plot For Sale In Tulip Block - Taj Residencia,,"Taj Residencia - Tulip Block, Taj Residencia",,,121
5 Marla Plot For Sale In Daffodils Block- Taj Residencia,,"Taj Residencia - Daffodils Block, Taj Residencia",,,122
VIP Location Plot In VIP Orchid Block Of Taj Residencia,,"Taj Residencia - Orchard Block, Taj Residencia",,,122
6 Marla Plot For Sale Bulder Plot,,"Airport Housing Society, Rawalpindi",,,122
10 Marla Develop Plot For Sale In Bahria Town Phase 8,,"Bahria Town Phase 8, Bahria Town Rawalpindi",,,122
8 MARLA COMMERCIAL PLOT RESONABLE AVAILABLE FOR SALE,,"Bahria Town Phase 8 - E Commercial, Bahria Town Phase 8",,,122
Bahria Town Phase 7 Residential Plot Sized 15 Marla,,"Bahria Town Phase 7, Bahria Town Rawalpindi",,,122
1 Kanal Plot +1 Kanal Extraland B Cat Plot For Sale,,"Bahria Town Phase 8 - Block A, Bahria Town Phase 8",,,122
Silver City 5 Marla Ready Plot For Sale,,"Silver City - Sector A, Silver City",,,122
IDEAL LOCATION 10 MARLA PLOT NEAR MAIN ROAD,,"Bahria Town Phase 8 - Block K, Bahria Town Phase 8",,,122
PRIME LOCATION 10 MARLA PLOT FOR SALE,,"Bahria Town Phase 8 - Block K, Bahria Town Phase 8",,,122
LOW PRICE READY PLOT FOR SALE,,"Bahria Town Phase 8 - Block K, Bahria Town Phase 8",,,122
In Bahria Town Phase 8 - Sector F-3 10 Marla Residential Plot For sale,,"Bahria Town Phase 8 - Sector F-3, Bahria Town Phase 8",,,122
EXCEPTIONAL LOCATION COMMERCIAL FOR SALE AT JEHLUM ROAD RAWALPINDI,,"Ayub National Park, Rawalpindi",,,122
7.5 Marla Plot For Sale,,"Gulistan Colony, Rawalpindi",,,122
"10.75 Marla Residential Plot For Sale In Lalazar Valley Housing Society, Adyala Road Rawalpindi",,"Adiala Road, Rawalpindi",,,122
"Reasonably-Priced 1 Kanal Residential Plot In Bahria Town Phase 8 - Block P, Rawalpindi Is Available As Of Now",,"Bahria Town Phase 8 - Block P, Bahria Town Phase 8",,,122
703 Main Boulevard Plot For Sale,,"Bahria Town Phase 8 - Block A, Bahria Town Phase 8",,,122
Corner +Boulevard 3 Side Open Plot For Sale,,"Hub Commercial, Bahria Town Phase 8 - Safari Valley",,,122
Bahria Phase 8 Invested Price Plot For Sale.,,"Bahria Town Phase 8, Bahria Town Rawalpindi",,,122
Block J Solid Plot Starting Street,,"Bahria Town Phase 8 - Block J, Bahria Town Phase 8",,,122
3.5 Marla Plot 20-40 Size Balloted Plot No Main Boulevard,,"Taj Residencia, Rawalpindi",,,122
Abubakar Block 7 Marla Plot For Sale,,"Bahria Town Phase 8 - Abu Bakar Block, Bahria Town Phase 8 - Safari Valley",,,122
A Block 10 Marla Blvd Back Plot For Sale,,"Bahria Town Phase 8 - Block A, Bahria Town Phase 8",,,122
Bahria Town Ali Block Investor Price Plot For Sale.,,"Bahria Town Phase 8 - Ali Block, Bahria Town Phase 8 - Safari Valley",,,122
Plot For Sale With A Beautiful Location,,"Punjab Government Servant Housing Foundation (PGSHF), Rawalpindi",,,122
Plot For Sale,,"Punjab Government Servant Housing Foundation (PGSHF), Rawalpindi",,,123
Plot For Sale in GT Road Rawat Bagha Shekha,,"GT Road, Rawalpindi",,,123
"5Marla Investor Rate Plot Available For Sale In Sector D, Qurtaba City.",,"Qurtaba City Block D, Qurtaba City",,,123
"6Marla Corner Investor Rate Plot Available For Sale, Sector D, Qurtaba City.",,"Qurtaba City Block D, Qurtaba City",,,123
"10 Marla Ready-to-Construct Plot for Sale Bahria Town Phase 8,",,"Bahria Town Phase 8 - Block I, Bahria Town Phase 8",,,123
5 Marla Plot Available For Sale Sector I,,"Bahria Town Phase 8 - Block L, Bahria Town Phase 8",,,123
10 Marla Plot Available For Sale,,"Bahria Town Phase 8 - Sector F-3, Bahria Town Phase 8",,,123
5 Marla Residential Plots Avalible For Sale In New Lalazar,,"New Lalazar, Rawalpindi",,,123
5 Marla Back Open Plot For Sale,,"Bahria Town Phase 8 - Block M, Bahria Town Phase 8",,,123
5 Marla Plots on 2 Years Installment Qurtaba City,,"Qurtaba City, Lahore Islamabad Motorway",,,123
Gt Road Mandra 45 Kanal Commercial Land Available For Sale,,"Mandra, Rawalpindi",,,123
10 Kanal Commercial Land ( 290 Feet Front Main GT Road / Near To Ring Road,,"Mandra, Rawalpindi",,,123
"Near Ring Road | 3 Kanal Commercial Land for Sale on Main GT Road, Kalliam Adjacent to Mian Ji Hotel",,"Mandra, Rawalpindi",,,123
plot for sale,,"Punjab Government Servant Housing Foundation (PGSHF), Rawalpindi",,,123
5 Marla Ready-To-Construct Plot Available For Sale Sector I,,"Bahria Town Phase 8 - Block I, Bahria Town Phase 8",,,123
Rose Garden 5 Marla Plot Available For Sale,,"Rose Garden, Bahria Town Phase 8",,,123
"1 Kanal Residential Plot Available For Sale Sector F4, Bahria Town Rawalpindi Phase 8",,"Bahria Town Phase 8 - Sector F-4, Bahria Town Phase 8",,,123
Phase 7 Plot#268 18 Marla 3 Side Corner Near To Globe Chowk,,"Bahria Town Phase 7, Bahria Town Rawalpindi",,,123
RVC Commercial Plot#326 5marla Ideal Location,,"River View Commercial, Bahria Town Phase 7",,,123
Phase 7 Plot#1038 corner 1kanal with all charges paid,,"Bahria Town Phase 7, Bahria Town Rawalpindi",,,123
Phase 8 Sector A Plot#120 Corner Kanal With 14.5mara Extralnd Paid,,"Bahria Town Phase 8 - Block A, Bahria Town Phase 8",,,123
E1 PlotA#76 Boulevard Road 2 Size 10marla Phase 8 Bahria Town Rawalpindi,,"Bahria Town Phase 8 - Sector E-1, Bahria Town Phase 8",,,123
Rafi Block Phase 8 Plot#540 All Charges Paid Ready For Construction,,"Bahria Town Phase 8 - Rafi Block, Bahria Town Phase 8",,,123
Bahria Greens (Overseas Sector) 5 Plot#119 With 5.5marla Extraland Plot For Sale,,"Bahria Greens - Overseas Enclave - Sector 5, Bahria Greens - Overseas Enclave",,,123
Plot#1546 Phase 7 Bahria Town Rawalpindi Size 10marla,,"Bahria Town Phase 7, Bahria Town Rawalpindi",,,123
5 Marla Commercial Plot For Sale,,"Bahria Paradise, Bahria Town Rawalpindi",,,124
5 Marla Fresh Booking Possession Able Plots,,"Taj Residencia - Lily Block, Taj Residencia",,,124
2 Kanal Plot For Sale In Zinnia Block - Taj Residencia,,"Taj Residencia - Zinnia Block, Taj Residencia",,,124
5 Marla Prime Location Plot For Sale,,"Taj Residencia - Gardenia Block, Taj Residencia",,,124
10 Marla Prime Location Plots For Sale In Rose Block Taj Residencia,,"Taj Residencia - Rose Block, Taj Residencia",,,124
Lalazar valley plot,,"Lalazar Valley, Rawalpindi",,,124
One Kanal Plot Ready For Construction,,"Bahria Town Phase 8 - Club City, Bahria Town Phase 8",,,124
Get In Touch Now To Buy A Corner Residential Plot In Bahria Town Phase 8 - Block C Rawalpindi,,"Bahria Town Phase 8 - Block C, Bahria Town Phase 8",,,124
1 Kanal Corner Prime Location Plot Near Lake,,"Punjab Government Servant Housing Foundation (PGSHF), Rawalpindi",,,124
1 Kanal Main Boulevard Back Open Possession Ready To Construction Highted Location Plot Available For Sale On Investor Price In Taj Residencia Tulip Block,,"Taj Residencia - Tulip Block, Taj Residencia",,,124
9 Marla Commercial Plot For Sale,,"Misryal Road, Rawalpindi",,,124
To Sale You Can Find Spacious Residential Plot In Bahria Town Phase 8 - Ali Block,,"Bahria Town Phase 8 - Ali Block, Bahria Town Phase 8 - Safari Valley",,,124
Main Double Road Residential Plot For Sale In Bahria Town Phase 7,,"Bahria Town Phase 7, Bahria Town Rawalpindi",,,124
Get Your Hands On Residential Plot In Rawalpindi Best Area,,"Bahria Town Phase 8 - Block C, Bahria Town Phase 8",,,124
Prime Location 9 Marla Commercial Plot In Rawalpindi Is Available For sale,,"Bahria Town Phase 8 - E Commercial, Bahria Town Phase 8",,,124
Commercial Plot For Sale,,"Airport Housing Society, Rawalpindi",,,124
10 Marla Plot Phase 7 Bahria Town,,"Bahria Town Phase 7, Bahria Town Rawalpindi",,,124
10 Marla Possession Ready To Construction Highted Location Plot Available For Sale On Investor Price In Taj Residencia Orchard Block,,"Taj Residencia - Orchard Block, Taj Residencia",,,124
Get In Touch Now To Buy A 10 Marla Residential Plot In Rawalpindi,,"Bahria Greens - Overseas Enclave - Sector 3, Bahria Greens - Overseas Enclave",,,124
A 6 Marla Residential Plot Is Up For Grabs In Adiala Road,,"Snober City - Green Villas, Snober City",,,124
Plot 7 Marla,,"Punjab Government Servant Housing Foundation (PGSHF), Rawalpindi",,,124
10 Marla Residential Plot In Beautiful Location Of Punjab Government Servant Housing Foundation (PGSHF) In Punjab Government Servant Housing Foundation (PGSHF),,"Punjab Government Servant Housing Foundation (PGSHF), Rawalpindi",,,124
Stunning Residential Plot Is Available For sale In Punjab Government Servant Housing Foundation (PGSHF),,"Punjab Government Servant Housing Foundation (PGSHF), Rawalpindi",,,124
01 Kanal Possession Plot | Registry Done | Near Head Office,,"Bahria Town Phase 8, Bahria Town Rawalpindi",,,124
5 Marla Residential Plot In Bahria Town Phase 8 - Block M Best Option,,"Bahria Town Phase 8 - Block M, Bahria Town Phase 8",,,124
5 Marla Residential Plot In Bahria Town Phase 8 - Block M Best Option,,"Bahria Town Phase 8 - Block M, Bahria Town Phase 8",,,125
Residential Plot 10 Marla For Sale In Bahria Town Phase 8 - Block H,,"Bahria Town Phase 8 - Block H, Bahria Town Phase 8",,,125
7 Marla Prime Location Plot For Sale,,"Punjab Government Servant Housing Foundation (PGSHF), Rawalpindi",,,125
5 Marla Corner Plot For Sale,,"Punjab Government Servant Housing Foundation (PGSHF), Rawalpindi",,,125
5 Marla Size 25*50 Pack Plot Near To Commercial In Snoober City Society,,"Snober City, Adiala Road",,,125
4 Marla Commercial For Sale In MIDWAY COMMERCIAL BHARIA TOWN PHASE 7,,"Bahria Town Phase 7, Bahria Town Rawalpindi",,,125
5.25 Marla Plot In Snoober City,,"Snober City, Adiala Road",,,125
5 Marla Lop Plot Size 2550 With Dbc In Snoober City,,"Snober City, Adiala Road",,,125
2.5 Marla Plot With Dbc Electic Metre Size 12.550 In Snoober City,,"Snober City, Adiala Road",,,125
3 Marla Plot Near 2 Comercial Size 3025 In Snoober City Society,,"Snober City, Adiala Road",,,125
"10 Marla Residential Plot For Sale Gardenia Block, Taj Residencia, Islamabad.",,"Taj Residencia - Gardenia Block, Taj Residencia",,,125
5 Marla Plot For Sale Gullriaz Phase 2 Rawalpindi,,"Gulraiz Housing Society Phase 2, Gulraiz Housing Scheme",,,125
5 Marla Plot For Sale Gullriaz Phase 4,,"Gulraiz Housing Scheme, Rawalpindi",,,125
Prime Location Commercial Plot For Grabs In 5 Marla Lalazar Estate Housing Society,,"Lalazar Estate Housing Society, Rawalpindi",,,125
Plot For Sale In Bahria Town Phase 8 Sector P,,"Bahria Town Phase 8 - Block P, Bahria Town Phase 8",,,125
10 Marla Plot Prime Most Lucrative Location Of Bahria Civic Cebter,,"Bahria Town - Civic Centre, Bahria Town Phase 4",,,125
Marina Commercial Plot For Sale Ideal Location,,"Marina Commercial, Bahria Town Phase 4",,,125
"Prime Investment: 5 Marla Solid Land | Ali Block, Bahria Town Phase 8",,"Bahria Town Phase 8 - Ali Block, Bahria Town Phase 8 - Safari Valley",,,125
A 5 Marla Commercial Plot In Rawalpindi Is On The Market For Sale,,"Bahria Town Phase 4, Bahria Town Rawalpindi",,,125
Best Price Plot in Bahria Town Limited Time Offer,,"Bahria Town Phase 8, Bahria Town Rawalpindi",,,125
Luxzary 10 Marla Plot For Sale In Ayub colony Chakala Scheme 3 Rawalpindi,,"Chaklala Scheme 3, Chaklala Scheme",,,125
10 Marla Plot Available For Sale,,"Gulshan Abad, Rawalpindi",,,125
Dhamial 5 Marla Plot For Sale Gas & Electricity Water Surrounding The Houses,,"Dhamyal Road, Rawalpindi",,,125
PLOT FOR SALE-ALL DUES CLEARED- INVESTOR RATE,,"Bahria Town Phase 8 - Block L, Bahria Town Phase 8",,,125
1 Kanal Commercial Plot For Sale Main Chak Beli Road,,"Chakbeli Road, Rawalpindi",,,125
10 Marla Plot For Sale In Kashmir Model Town Chakri Road Rawalpindi,,"Kashmir Model Town - Phase 1, Kashmir Model Town",,,126
1 Kanal Plot For Sale In Kashmir Model Town,,"Kashmir Model Town, Rawalpindi",,,126
Usman D Boulevard Safari Valley D Block,,"Bahria Town Phase 8 - Usman D Block, Bahria Town Phase 8 - Safari Valley",,,126
10 Marla Plot For Sale In Phase 3 Bahria Town Rawalpindi,,"Bahria Town Phase 3, Bahria Town Rawalpindi",,,126
12 Marla Plot for Sale Sector F3 | Bahria Town Phase 8,,"Bahria Town Phase 8 - Sector F-3, Bahria Town Phase 8",,,126
5 Marla Plot For Sale In Lalazar Sair Zaman Lane No 3,,"Lalazar, Rawalpindi",,,126
10 Marla Prime Plot Sirf 65 Lac | Area Ki Sab Se Kam Qeemat,,"Bahria Town Phase 8, Bahria Town Rawalpindi",,,126
"Ideal 10 Marla Residential Plot Has Landed On Market In Bahria Town Phase 8 - Block E, Rawalpindi",,"Bahria Town Phase 8 - Block E, Bahria Town Phase 8",,,126
10 Marla Plot For Sale In Overseas 3 Prime Location | Ready Investment Opportunity,,"Bahria Greens - Overseas Enclave - Sector 3, Bahria Greens - Overseas Enclave",,,126
Bahria Greens - Overseas Enclave - Sector 5 Residential Plot Sized 10 Marla For Sale,,"Bahria Greens - Overseas Enclave - Sector 5, Bahria Greens - Overseas Enclave",,,126
Gorgeous 7 Marla Boulevard Residential Plot For Sale Available In Bahria Town Phase 8 - Usman Block,,"Bahria Town Phase 8 - Usman Block, Bahria Town Phase 8 - Safari Valley",,,126
1 Kanal Develop Plot For Sale In Bahria Town Phase 8 Ready For Construction All Dues Clear,,"Bahria Town Phase 8, Bahria Town Rawalpindi",,,126
4 Marla Commercial Plot For sale Is Available In Adiala Road,,"Adiala Road, Rawalpindi",,,126
Ideal Location 10 Marla Plot in Bahria Town Phase 8,,"Bahria Town Phase 8 - Sector F-1, Bahria Town Phase 8",,,126
Exceptional 10 Marla Height Plot | Block C (#1127-H) All Utilities & Possession Paid,,"Bahria Town Phase 8 - Block C, Bahria Town Phase 8",,,126
Bahria Town Phase 8 Rawalpindi Sector M Block Plot 676 For Sale,,"Bahria Town Phase 8 - Block M, Bahria Town Phase 8",,,126
Bahria Town Phase 8 Rawalpindi Sector J For Sale 10 Marla Plot,,"Bahria Town Phase 8 - Block J, Bahria Town Phase 8",,,126
1 Kanal Plot Very Near to Main boulevard Highted Area,,"Punjab Government Servant Housing Foundation (PGSHF), Rawalpindi",,,126
20 Marla Plot Main Bulevard'S Back Highted Area,,"Punjab Government Servant Housing Foundation (PGSHF), Rawalpindi",,,126
10 Marla Packed Plot On Highted Area Available For Sale,,"Punjab Government Servant Housing Foundation (PGSHF), Rawalpindi",,,126
10 Marla Residential Plot Is Available In Affordable Price In Saffron City,,"Saffron City, GT Road",,,126
Buying A Residential Plot In Saffron City?,,"Saffron City, GT Road",,,126
Overeses 3 10 Marla Plot For Sale With Extra Land Back Open,,"Bahria Greens - Overseas Enclave - Sector 3, Bahria Greens - Overseas Enclave",,,126
5 Marla Marla Plots For Sale In Caltex Road Gated Community. 25*50,,"Caltex Road, Rawalpindi",,,126
11.5 Marla 272 Plot For Sale In Rose Lane. 100 Meter Near Main GT Road Near Ayub Park,,"New Lalazar, Rawalpindi",,,126
10 Marla Plot For Sale In New Lalazar,,"New Lalazar, Rawalpindi",,,127
Commercial Property For Sale In Saddar Rawalpindi,,"Saddar, Rawalpindi",,,127
Bahria Town Phase 7 Spring North Commercial size 8m Commercial plot Available,,"Bahria Spring North, Bahria Town Phase 7",,,127
10 Marla Plot For Sale In Bahria Town Phase 8- Block L,,"Bahria Town Phase 8 - Block L, Bahria Town Phase 8",,,127
1 Kanal Plot For Sale In Bahria Town Phase 7,,"Bahria Town Phase 7, Bahria Town Rawalpindi",,,127
E Plot Available For Sale,,"Bahria Town Phase 8 - Block E, Bahria Town Phase 8",,,127
A Residential Plot Of 10 Marla In Lake Vista,,"Lake Vista, Adiala Road",,,127
20 Marla Residential Plot For Sale In Lake Vista Rawalpindi,,"Lake Vista, Adiala Road",,,127
Residential Plot For Sale Is Readily Available In Prime Location Of Lake Vista,,"Lake Vista, Adiala Road",,,127
5 Marla Develop Plot Heighted Area Available For Sale,,"Capital Smart City Overseas - Block E, Capital Smart City Overseas",,,127
Investor Price Sector M 5 Marla Plot Solid Land 100% All Paid,,"Bahria Town Phase 8 - Block M, Bahria Town Phase 8",,,127
1 Kanal Plot On Ideal Location Of Overseas 5 For Sale,,"Bahria Greens - Overseas Enclave - Sector 5, Bahria Greens - Overseas Enclave",,,127
10 Marla Residential Plot For Sale Bahria Phase 8 Sector B,,"Bahria Town Phase 8 - Block B, Bahria Town Phase 8",,,127
20 MARLA BEST LOCATION PLOT LEVEL LAND FOR SALE,,"Bahria Town Phase 8 - Bahria Orchard, Bahria Town Phase 8",,,127
PRIME LOCATION SOLID LAND PLOT FOR SALE,,"Bahria Town Phase 8 - Block J, Bahria Town Phase 8",,,127
NEAR TO MAIN ROAD 10 MARLA PLOT FOR SALE,,"Bahria Town Phase 8 - Block E, Bahria Town Phase 8",,,127
Abubakar Block 7 Marla Plot For Sale,,"Bahria Town Phase 8 - Abu Bakar Block, Bahria Town Phase 8 - Safari Valley",,,127
Lake View 2.5Marla Blvd Commercial Plot For Sale,,"Bahria Town Phase 8 - Eden Lake View Block, Bahria Town Phase 8",,,127
NEAR MAIN ROAD LEVEL PLOT FOR SALE,,"Bahria Town Phase 8 - Block M, Bahria Town Phase 8",,,127
Saffron City RDA Approved,,"Saffron City, GT Road",,,127
Saffron City,,"Saffron City, GT Road",,,127
6 Marla Plot For Sale,,"Samarzar Housing Society, Rawalpindi",,,127
10 Marla Beautiful Plot In Overseas Sector 5,,"Bahria Greens - Overseas Enclave - Sector 5, Bahria Greens - Overseas Enclave",,,127
Aesthetic Corner Residential Plot Of 7 Marla For sale Is Available,,"Bahria Town Phase 8 - Ali Block, Bahria Town Phase 8 - Safari Valley",,,127
6.6 Marla Residential Plot Ghauri Town Phase 8,,"Ghauri Town, Rawalpindi",,,127
